model,year,y_true,y_pred
XGBoost,2019,0.028450207,0.2004806250333786
XGBoost,2019,0.162056676,0.1596832275390625
XGBoost,2019,0.358391929,0.23090672492980957
XGBoost,2019,0.179241709,0.21282076835632324
XGBoost,2019,0.12588182,0.2980876564979553
XGBoost,2019,0.239876024,0.19483789801597595
XGBoost,2019,0.349053944,0.1992800235748291
XGBoost,2019,0.125565439,0.2809295654296875
XGBoost,2019,0.103726047,0.12572896480560303
XGBoost,2019,0.091854404,0.32568007707595825
XGBoost,2019,0.241144362,0.6101061105728149
XGBoost,2019,0.557647706,0.3289840519428253
XGBoost,2019,0.336203173,0.34723833203315735
XGBoost,2019,0.486515033,0.3966030478477478
XGBoost,2019,0.280739779,0.4811301529407501
XGBoost,2019,0.168110405,0.44846272468566895
XGBoost,2019,0.236636593,0.4648146331310272
XGBoost,2019,0.148245974,0.7064483761787415
XGBoost,2019,0.243362068,0.40200886130332947
XGBoost,2019,0.11430324,0.21124175190925598
XGBoost,2019,0.261869129,0.6284527778625488
XGBoost,2019,0.462204627,0.007659716531634331
XGBoost,2019,0.356471248,0.7635378241539001
XGBoost,2019,0.152491515,0.41330471634864807
XGBoost,2019,0.318906221,0.22535091638565063
XGBoost,2019,0.60955369,0.13794280588626862
XGBoost,2019,0.920301448,0.26264050602912903
XGBoost,2019,0.14448254,0.23532043397426605
XGBoost,2019,0.17930718,0.34707820415496826
XGBoost,2019,0.273653912,0.30615583062171936
XGBoost,2019,0.200606252,0.30613577365875244
XGBoost,2019,0.179633148,0.6177164912223816
XGBoost,2019,0.070130779,0.4540806710720062
XGBoost,2019,0.09294249,0.3748317360877991
XGBoost,2019,0.283597489,0.2847334146499634
XGBoost,2019,0.8707458,0.21699221432209015
XGBoost,2019,0.5746293,0.7470037341117859
XGBoost,2019,1.058284286,0.7662794589996338
XGBoost,2019,1.345363832,1.0425310134887695
XGBoost,2019,0.655631769,0.6437467932701111
XGBoost,2019,0.366057382,0.4929506778717041
XGBoost,2019,0.367168673,0.43048495054244995
XGBoost,2019,0.0,1.1465222835540771
XGBoost,2019,0.918271089,2.4475274085998535
XGBoost,2019,1.334376701,1.621760368347168
XGBoost,2019,0.713831994,0.8519423604011536
XGBoost,2019,0.22388732,0.766821563243866
XGBoost,2019,0.64155501,0.5549258589744568
XGBoost,2019,0.607761454,0.9703988432884216
XGBoost,2019,1.943743308,1.2058897018432617
XGBoost,2019,1.487295529,0.7392957210540771
XGBoost,2019,0.956346776,0.6197499632835388
XGBoost,2019,0.963186367,0.5266363620758057
XGBoost,2019,0.782497702,0.652610719203949
XGBoost,2019,0.32496216,0.28131431341171265
XGBoost,2019,0.697466272,0.44127118587493896
XGBoost,2019,0.627904326,0.6923160552978516
XGBoost,2019,1.140244963,0.8695841431617737
XGBoost,2019,0.891893881,1.3856741189956665
XGBoost,2019,1.287558533,0.6949365735054016
XGBoost,2019,1.298756298,0.5203171968460083
XGBoost,2019,0.47216002,0.7051389217376709
XGBoost,2019,0.152177929,0.4060989320278168
XGBoost,2019,2.583311297,1.9572696685791016
XGBoost,2019,2.25966235,1.472043514251709
XGBoost,2019,1.326636715,1.3931560516357422
XGBoost,2019,1.80876941,2.3111956119537354
XGBoost,2019,3.553218652,2.8582606315612793
XGBoost,2019,2.799945308,1.9598388671875
XGBoost,2019,2.623281542,2.5048093795776367
XGBoost,2019,2.698705275,3.0271849632263184
XGBoost,2019,1.704095875,1.35295569896698
XGBoost,2019,1.488248795,2.9451076984405518
XGBoost,2019,2.776444385,2.3830368518829346
XGBoost,2019,3.185417105,2.2514054775238037
XGBoost,2019,1.928312855,2.7756896018981934
XGBoost,2019,1.61788194,2.14675235748291
XGBoost,2019,3.451086185,0.9540368318557739
XGBoost,2019,1.51089276,2.913473606109619
XGBoost,2019,1.617193436,1.4257879257202148
XGBoost,2019,1.270865515,1.6544309854507446
XGBoost,2019,1.132592846,1.3832803964614868
XGBoost,2019,1.51431375,1.0775834321975708
XGBoost,2019,1.097857805,1.174485445022583
XGBoost,2019,0.835368935,0.8741827607154846
XGBoost,2019,0.751455895,1.1766890287399292
XGBoost,2019,0.79938068,1.3191735744476318
XGBoost,2019,3.035299945,0.7927334904670715
XGBoost,2019,1.94708784,1.0574181079864502
XGBoost,2019,1.33447899,1.0509041547775269
XGBoost,2019,1.423830735,1.1814485788345337
XGBoost,2019,0.902914185,1.1923779249191284
XGBoost,2019,1.38558141,1.2615209817886353
XGBoost,2019,1.487508107,1.2320280075073242
XGBoost,2019,1.31709652,1.2676358222961426
XGBoost,2019,0.84116592,1.7041054964065552
XGBoost,2019,2.47442931,1.3991161584854126
XGBoost,2019,2.015553085,1.2396706342697144
XGBoost,2019,1.6898738,1.804200530052185
XGBoost,2019,0.997393077,1.37815523147583
XGBoost,2019,1.316339545,1.631406545639038
XGBoost,2019,1.32254935,1.7283031940460205
XGBoost,2019,0.549513925,1.7335460186004639
XGBoost,2019,1.732002192,1.0690531730651855
XGBoost,2019,0.443045759,1.0742050409317017
XGBoost,2019,2.028748118,1.819124460220337
XGBoost,2019,1.098125993,0.9696328043937683
XGBoost,2019,0.98396188,0.637429416179657
XGBoost,2019,0.681482173,0.6870939135551453
XGBoost,2019,0.512945214,0.6841675043106079
XGBoost,2019,0.564309567,0.5615292191505432
XGBoost,2019,0.546419189,0.6535524129867554
XGBoost,2019,0.425444663,0.620432436466217
XGBoost,2019,0.38448063,0.6797677278518677
XGBoost,2019,0.441907847,0.5324380397796631
XGBoost,2019,0.38040517,0.6604926586151123
XGBoost,2019,0.467756315,0.42100903391838074
XGBoost,2019,0.447760635,1.5023939609527588
XGBoost,2019,0.905755274,0.576842188835144
XGBoost,2019,0.377460139,0.4807264804840088
XGBoost,2019,0.410029024,0.5160980224609375
XGBoost,2019,0.219808073,0.49008893966674805
XGBoost,2019,0.190999554,0.5012429356575012
XGBoost,2019,0.31114184,0.4523395299911499
XGBoost,2019,0.056261123,0.25868985056877136
XGBoost,2019,0.385628576,1.2037218809127808
XGBoost,2019,0.27225662,0.5256086587905884
XGBoost,2019,0.594840455,0.7189364433288574
XGBoost,2019,1.105239245,0.6523258686065674
XGBoost,2019,0.592626359,0.5905503034591675
XGBoost,2019,0.399945702,0.8199086785316467
XGBoost,2019,0.393393131,0.471799373626709
XGBoost,2019,0.27737299,0.45754945278167725
XGBoost,2019,0.237838989,0.4662758409976959
XGBoost,2019,0.267747239,0.3756241500377655
XGBoost,2019,0.538326811,0.5246532559394836
XGBoost,2019,1.21091775,0.22644782066345215
XGBoost,2019,0.075319323,0.33270907402038574
XGBoost,2019,0.28133288,0.21615634858608246
XGBoost,2019,0.213383183,0.31983914971351624
XGBoost,2019,0.220393841,0.23306460678577423
XGBoost,2019,0.160044557,0.35192906856536865
XGBoost,2019,0.148972276,0.4658651649951935
XGBoost,2019,0.188217506,0.17562633752822876
XGBoost,2019,0.151701583,0.3313407897949219
XGBoost,2019,0.130027014,0.2292487621307373
XGBoost,2019,0.178159879,0.39877229928970337
XGBoost,2019,0.297545355,0.22008469700813293
XGBoost,2019,0.215153798,0.35694360733032227
XGBoost,2019,0.397373045,0.16922423243522644
XGBoost,2019,0.090933855,0.12152430415153503
XGBoost,2019,0.066854878,0.22718460857868195
XGBoost,2019,0.798296294,0.6439874768257141
XGBoost,2019,0.52226429,0.37558627128601074
XGBoost,2019,1.1301361,0.5446528792381287
XGBoost,2019,0.3545626,0.3050457239151001
XGBoost,2019,0.688760978,0.5484132766723633
XGBoost,2019,0.625228325,0.4390449523925781
XGBoost,2019,0.839309151,0.4259887635707855
XGBoost,2019,0.90748344,0.44329482316970825
XGBoost,2019,0.510749146,0.2986808717250824
XGBoost,2019,0.337311729,0.2823261320590973
XGBoost,2019,0.028951645,0.04769551753997803
XGBoost,2019,0.970199415,0.16758280992507935
XGBoost,2019,0.743184553,0.4768903851509094
XGBoost,2019,0.770754096,0.7641609311103821
XGBoost,2019,0.497732326,0.31295719742774963
XGBoost,2019,0.51035606,0.3358117341995239
XGBoost,2019,0.422576255,0.47523200511932373
XGBoost,2019,0.338005708,0.29583990573883057
XGBoost,2019,0.280110453,0.41427096724510193
XGBoost,2019,0.240428937,0.46197041869163513
XGBoost,2019,0.363141945,0.3826814591884613
XGBoost,2019,0.53516536,0.44354090094566345
XGBoost,2019,0.806608626,0.29077595472335815
XGBoost,2019,0.467332832,0.29237160086631775
XGBoost,2019,0.320972668,0.2729123830795288
XGBoost,2019,0.167590059,0.2399435192346573
XGBoost,2019,0.031397285,0.2259671986103058
XGBoost,2019,0.357092917,0.39820146560668945
XGBoost,2019,0.66729507,0.674978494644165
XGBoost,2019,1.234322866,0.31770169734954834
XGBoost,2019,0.528794628,0.2709537744522095
XGBoost,2019,0.461675464,0.2179616540670395
XGBoost,2019,0.448956388,0.22637969255447388
XGBoost,2019,0.420608432,0.29119378328323364
XGBoost,2019,0.297813855,0.23070645332336426
XGBoost,2019,0.271362195,0.16990619897842407
XGBoost,2019,0.448587907,0.18239448964595795
XGBoost,2019,0.231930695,0.33238428831100464
XGBoost,2019,0.597877238,0.24501191079616547
XGBoost,2019,0.331909348,0.23248369991779327
XGBoost,2019,0.567282853,0.3158045709133148
XGBoost,2019,0.35010694,0.31647056341171265
XGBoost,2019,0.353832428,0.2118237167596817
XGBoost,2019,0.446446351,0.27189090847969055
XGBoost,2019,0.359668833,0.24447087943553925
XGBoost,2019,0.292279184,0.1680506318807602
XGBoost,2019,0.30310209,0.16297899186611176
XGBoost,2019,0.202669113,0.24533934891223907
XGBoost,2019,0.265752828,0.182364359498024
XGBoost,2019,0.267578709,0.2248867303133011
XGBoost,2019,0.243707023,0.25645920634269714
XGBoost,2019,0.167337215,0.04220595210790634
XGBoost,2019,0.186282957,0.29005831480026245
XGBoost,2019,0.132198882,0.13598953187465668
XGBoost,2019,0.185357775,0.23809562623500824
XGBoost,2019,0.016739528,0.291469544172287
XGBoost,2019,1.231421115,0.3696848750114441
XGBoost,2019,0.992732183,0.24416512250900269
XGBoost,2019,0.305250951,0.3908006250858307
XGBoost,2020,0.189073619,0.4078134298324585
XGBoost,2020,0.263751789,0.31310662627220154
XGBoost,2020,0.209733416,0.4089389741420746
XGBoost,2020,0.231694387,0.3550248444080353
XGBoost,2020,0.171170434,0.2223961502313614
XGBoost,2020,0.194928216,0.25620466470718384
XGBoost,2020,0.164450475,0.30077388882637024
XGBoost,2020,0.106888301,0.343905508518219
XGBoost,2020,0.200875974,0.27970436215400696
XGBoost,2020,0.503132673,0.24109359085559845
XGBoost,2020,0.397138405,0.2138804942369461
XGBoost,2020,0.174463358,0.27294257283210754
XGBoost,2020,0.145144686,0.29528823494911194
XGBoost,2020,0.162837712,0.19554449617862701
XGBoost,2020,0.117364234,0.22018282115459442
XGBoost,2020,0.126259762,0.3045891523361206
XGBoost,2020,0.244215594,0.3378655016422272
XGBoost,2020,0.110849752,0.29811498522758484
XGBoost,2020,0.104816448,0.3244723081588745
XGBoost,2020,0.124956939,0.22303828597068787
XGBoost,2020,0.072763447,0.23420396447181702
XGBoost,2020,0.21559372,0.26581987738609314
XGBoost,2020,0.143160408,0.1955755054950714
XGBoost,2020,0.104476778,0.2679162621498108
XGBoost,2020,0.097652448,0.2076447606086731
XGBoost,2020,0.121166842,0.259299635887146
XGBoost,2020,0.058352877,0.24881739914417267
XGBoost,2020,1.09713097,0.7256098389625549
XGBoost,2020,0.48106847,0.15162646770477295
XGBoost,2020,0.436603675,0.2823740541934967
XGBoost,2020,0.366341731,0.2086769938468933
XGBoost,2020,0.363099197,0.30051782727241516
XGBoost,2020,0.395092065,0.7576801180839539
XGBoost,2020,0.372772635,0.12856581807136536
XGBoost,2020,0.103465219,0.0744258314371109
XGBoost,2020,0.150482175,0.15328355133533478
XGBoost,2020,0.635306301,0.21765440702438354
XGBoost,2020,0.558033166,0.31486085057258606
XGBoost,2020,0.334722375,0.27375176548957825
XGBoost,2020,0.169734535,0.19438591599464417
XGBoost,2020,0.201144312,0.23193524777889252
XGBoost,2020,0.152096615,0.1261305958032608
XGBoost,2020,0.30184736,0.21116609871387482
XGBoost,2020,0.431816255,0.22569064795970917
XGBoost,2020,0.579699788,0.48223748803138733
XGBoost,2020,0.253231782,0.34825214743614197
XGBoost,2020,0.162525308,0.46001526713371277
XGBoost,2020,0.476662926,0.44281500577926636
XGBoost,2020,0.654695041,1.0108169317245483
XGBoost,2020,0.133760902,0.07421379536390305
XGBoost,2020,0.59601641,0.494342565536499
XGBoost,2020,0.49759604,0.4045092463493347
XGBoost,2020,0.35608565,0.6121728420257568
XGBoost,2020,0.162127093,0.3366091847419739
XGBoost,2020,0.654062822,0.3453381657600403
XGBoost,2020,0.715290495,0.10539840906858444
XGBoost,2020,0.660242838,0.27412697672843933
XGBoost,2020,0.417339032,0.4211447536945343
XGBoost,2020,0.303781447,0.6295575499534607
XGBoost,2020,0.275681535,0.5802175998687744
XGBoost,2020,0.174603632,0.5542589426040649
XGBoost,2020,0.663642645,0.6890292167663574
XGBoost,2020,0.280847954,0.3447883725166321
XGBoost,2020,0.311439145,0.44165802001953125
XGBoost,2020,0.237769422,0.58656245470047
XGBoost,2020,0.258855859,0.5322403311729431
XGBoost,2020,0.287987121,0.44895970821380615
XGBoost,2020,0.3046208,0.36214545369148254
XGBoost,2020,1.06991758,1.3408926725387573
XGBoost,2020,0.440809488,0.9715633392333984
XGBoost,2020,0.296973641,0.9088464379310608
XGBoost,2020,0.100401238,0.45208796858787537
XGBoost,2020,0.34977977,0.37075453996658325
XGBoost,2020,0.16979188,0.4295227825641632
XGBoost,2020,0.82709496,0.2418077290058136
XGBoost,2020,0.385515444,0.37958842515945435
XGBoost,2020,1.027965202,0.6221618056297302
XGBoost,2020,0.609815037,0.5684933066368103
XGBoost,2020,0.94944645,0.3298276960849762
XGBoost,2020,1.00366335,0.2549422085285187
XGBoost,2020,1.451761267,0.5536307096481323
XGBoost,2020,0.792569781,0.4021473824977875
XGBoost,2020,0.710869889,0.663332998752594
XGBoost,2020,0.73327002,1.0063564777374268
XGBoost,2020,0.534376286,0.6867007613182068
XGBoost,2020,0.358617597,0.7611583471298218
XGBoost,2020,0.516416465,0.8978515863418579
XGBoost,2020,1.961515437,0.9771378636360168
XGBoost,2020,2.17230026,1.4954984188079834
XGBoost,2020,1.322179497,0.8135278224945068
XGBoost,2020,2.149105217,0.8671435117721558
XGBoost,2020,1.061532863,0.7352555394172668
XGBoost,2020,1.19332323,0.11118389666080475
XGBoost,2020,1.310749035,0.5303996801376343
XGBoost,2020,0.79242595,0.6855168342590332
XGBoost,2020,0.68563572,1.6791523694992065
XGBoost,2020,0.846222066,1.170501470565796
XGBoost,2020,0.787464365,0.4657789170742035
XGBoost,2020,0.646506828,0.4897337555885315
XGBoost,2020,0.49832079,0.6276654005050659
XGBoost,2020,0.614464079,0.5727385878562927
XGBoost,2020,0.75587796,0.7686727643013
XGBoost,2020,1.13885234,0.3815317749977112
XGBoost,2020,1.136566135,0.8768603801727295
XGBoost,2020,0.511374954,0.9627723097801208
XGBoost,2020,0.36589463,0.37374070286750793
XGBoost,2020,1.847067687,1.362540364265442
XGBoost,2020,1.077083317,0.4222583770751953
XGBoost,2020,1.095667662,0.7177653312683105
XGBoost,2020,0.68318512,0.8496977090835571
XGBoost,2020,0.601526097,0.6841607093811035
XGBoost,2020,0.860259367,0.7450745701789856
XGBoost,2020,0.858390293,0.45586854219436646
XGBoost,2020,2.084660206,1.1643829345703125
XGBoost,2020,1.46192982,1.43026864528656
XGBoost,2020,1.00254178,0.6578224301338196
XGBoost,2020,0.83682959,0.620396614074707
XGBoost,2020,1.116226245,0.6670778393745422
XGBoost,2020,0.889348663,0.7754201889038086
XGBoost,2020,1.27202511,0.45641520619392395
XGBoost,2020,1.633998978,1.363015055656433
XGBoost,2020,1.418301985,0.8222931027412415
XGBoost,2020,3.558517745,2.4516732692718506
XGBoost,2020,4.499289017,2.6410675048828125
XGBoost,2020,3.885170705,3.4248125553131104
XGBoost,2020,0.603057935,4.099460601806641
XGBoost,2020,4.970738962,5.388590335845947
XGBoost,2020,2.393442532,2.434020519256592
XGBoost,2020,3.456242495,4.382790565490723
XGBoost,2020,4.0486568,3.701046943664551
XGBoost,2020,4.65667315,3.4415037631988525
XGBoost,2020,4.58250405,1.3865385055541992
XGBoost,2020,5.00601025,2.562567710876465
XGBoost,2020,2.654895305,3.547072410583496
XGBoost,2020,5.0160081,2.5333080291748047
XGBoost,2020,4.94810754,5.517238140106201
XGBoost,2020,4.68959035,5.93454122543335
XGBoost,2020,4.497102342,5.676428318023682
XGBoost,2020,3.97381857,5.155604839324951
XGBoost,2020,4.1807501,3.895113706588745
XGBoost,2020,3.31927005,2.526721477508545
XGBoost,2020,3.80580535,3.3135766983032227
XGBoost,2020,2.72051586,3.5763044357299805
XGBoost,2020,1.535729035,2.348015546798706
XGBoost,2020,1.40413788,2.139261484146118
XGBoost,2020,1.91670776,2.373619318008423
XGBoost,2020,1.687244518,1.6050200462341309
XGBoost,2020,2.198956571,2.71880841255188
XGBoost,2020,1.175960279,2.1225950717926025
XGBoost,2020,1.19485332,1.5261671543121338
XGBoost,2020,1.6867317,2.445866346359253
XGBoost,2020,1.0609939,2.915498971939087
XGBoost,2020,2.838032515,1.9307619333267212
XGBoost,2020,2.02443201,1.9928277730941772
XGBoost,2020,1.292370805,1.3092386722564697
XGBoost,2020,0.805526924,1.176572561264038
XGBoost,2020,0.506955029,0.8460244536399841
XGBoost,2020,0.693062417,1.2893352508544922
XGBoost,2020,0.716686751,1.3477548360824585
XGBoost,2020,0.347703975,0.9557304382324219
XGBoost,2020,0.294389564,0.952462375164032
XGBoost,2020,0.27212566,1.264174222946167
XGBoost,2020,0.620990905,0.7207184433937073
XGBoost,2020,0.534239486,0.5519917607307434
XGBoost,2020,0.110067995,0.4641960561275482
XGBoost,2020,0.798887565,1.3874679803848267
XGBoost,2020,0.21882235,1.7208755016326904
XGBoost,2020,0.483405905,0.6211529970169067
XGBoost,2020,0.287947457,1.096746563911438
XGBoost,2020,0.053402161,1.2159850597381592
XGBoost,2020,0.17266983,0.5344885587692261
XGBoost,2020,0.361100729,0.742885947227478
XGBoost,2020,0.299413694,0.6958955526351929
XGBoost,2020,0.324373534,0.3169522285461426
XGBoost,2020,0.350833605,0.6403941512107849
XGBoost,2020,0.46326458,1.280184268951416
XGBoost,2020,0.265176325,0.7313981652259827
XGBoost,2020,0.982927595,1.3095437288284302
XGBoost,2020,1.223073335,0.7852054834365845
XGBoost,2020,1.155156712,1.1301953792572021
XGBoost,2020,1.846153729,1.5426067113876343
XGBoost,2020,1.290685579,0.8560680150985718
XGBoost,2020,0.68647979,1.293731689453125
XGBoost,2020,0.503286496,1.8043229579925537
XGBoost,2020,2.3756958,1.9821659326553345
XGBoost,2020,1.079731695,1.1868456602096558
XGBoost,2020,0.022680803,1.3980404138565063
XGBoost,2020,0.687146846,1.0796411037445068
XGBoost,2020,0.334397918,1.8668299913406372
XGBoost,2020,0.369156239,1.657572627067566
XGBoost,2020,0.299351763,1.1499569416046143
XGBoost,2020,0.57079899,1.9786025285720825
XGBoost,2020,3.047958985,2.116461992263794
XGBoost,2020,2.63880754,2.647057294845581
XGBoost,2020,1.8071335,1.5407285690307617
XGBoost,2020,1.452492945,1.3667182922363281
XGBoost,2020,0.579082844,1.2292336225509644
XGBoost,2020,1.09914375,1.5046545267105103
XGBoost,2020,0.887791915,1.4348993301391602
XGBoost,2020,1.026061265,1.7642289400100708
XGBoost,2020,0.67961908,1.4801156520843506
XGBoost,2020,0.52997025,1.3268640041351318
XGBoost,2020,2.036916165,1.3210784196853638
XGBoost,2020,1.012648913,0.8296187520027161
XGBoost,2020,0.825836681,0.8795566558837891
XGBoost,2020,1.34373464,1.2152317762374878
XGBoost,2020,1.137834724,0.5815668106079102
XGBoost,2020,0.486173516,0.9631397724151611
XGBoost,2020,0.382566281,0.6999130249023438
XGBoost,2020,0.273518791,0.6114477515220642
XGBoost,2020,0.354035686,0.5320224761962891
XGBoost,2020,0.326701427,0.7773171067237854
XGBoost,2020,0.273194355,0.6406028866767883
XGBoost,2020,0.252968688,0.6659157276153564
XGBoost,2020,0.278200124,0.738417387008667
XGBoost,2020,1.075885345,1.7680360078811646
XGBoost,2020,2.50179686,1.4745548963546753
XGBoost,2020,1.022619735,0.9932849407196045
XGBoost,2020,0.647381593,1.111599326133728
XGBoost,2020,0.520236933,1.1530866622924805
XGBoost,2020,0.410553513,1.199809193611145
XGBoost,2020,0.273231206,1.0687885284423828
XGBoost,2020,0.408579398,1.0319921970367432
XGBoost,2020,0.342610709,0.8239760994911194
XGBoost,2020,0.2025881,1.9435505867004395
XGBoost,2020,2.029051236,0.9427322149276733
XGBoost,2020,0.922679214,0.6752024292945862
XGBoost,2020,1.289160461,1.2267616987228394
XGBoost,2020,1.54847277,1.5403224229812622
XGBoost,2020,2.365472328,1.9023635387420654
XGBoost,2020,1.654010915,1.438225507736206
XGBoost,2020,1.82920305,1.1918935775756836
XGBoost,2020,1.124903615,0.7718180418014526
XGBoost,2020,0.727754633,0.7607244253158569
XGBoost,2020,1.024544155,0.8986607193946838
XGBoost,2020,0.743845838,1.3127894401550293
XGBoost,2020,0.782941065,0.4764893352985382
XGBoost,2020,1.439439262,0.8357329368591309
XGBoost,2020,0.73741978,0.35348519682884216
XGBoost,2020,0.679126282,0.47729822993278503
XGBoost,2020,0.627104505,0.6773454546928406
XGBoost,2020,0.610088275,0.3835921287536621
XGBoost,2020,0.457758999,0.5335496664047241
XGBoost,2020,0.4252275,0.45852142572402954
XGBoost,2020,1.539727037,0.5925893187522888
XGBoost,2020,0.396963857,0.5122618675231934
XGBoost,2020,0.37983677,0.4426361620426178
XGBoost,2020,0.316883121,0.49571365118026733
XGBoost,2020,0.27652237,0.47679874300956726
XGBoost,2020,0.266208673,0.4938434958457947
XGBoost,2020,0.245614269,0.5179283022880554
XGBoost,2020,0.264907939,0.4239123463630676
XGBoost,2020,0.350827923,0.517855167388916
XGBoost,2020,0.295724384,0.565768837928772
XGBoost,2020,0.243652245,0.42055341601371765
XGBoost,2020,0.226999126,0.4425583779811859
XGBoost,2020,0.282611233,0.48364412784576416
XGBoost,2020,0.216380474,0.3628960847854614
XGBoost,2020,0.33909861,0.3109998404979706
XGBoost,2020,0.214307021,0.34315386414527893
XGBoost,2020,0.181593411,0.403903990983963
XGBoost,2020,0.138003637,0.3301302194595337
XGBoost,2020,0.167257839,0.31647077202796936
XGBoost,2020,0.168823216,0.5556525588035583
XGBoost,2020,0.22231493,0.21378645300865173
XGBoost,2020,0.133495258,0.28913363814353943
XGBoost,2020,0.10814979,0.3727760910987854
XGBoost,2020,0.160662589,0.3092309534549713
XGBoost,2020,0.103766027,0.42393097281455994
XGBoost,2020,2.043391735,0.3785310685634613
XGBoost,2020,0.19557151,0.2557980716228485
XGBoost,2020,0.135435015,0.29359549283981323
XGBoost,2020,0.56073276,0.2200024127960205
XGBoost,2020,0.101961572,0.22385410964488983
XGBoost,2020,0.192566205,0.27176618576049805
XGBoost,2020,1.116624239,0.42219242453575134
XGBoost,2020,0.751483711,0.3863740861415863
XGBoost,2020,0.82365608,0.35372981429100037
XGBoost,2020,0.590844079,0.45470529794692993
XGBoost,2020,0.388596866,0.4679916501045227
XGBoost,2020,0.446447746,0.3899642527103424
XGBoost,2020,0.383193622,0.3527842164039612
XGBoost,2020,0.382646377,0.4180671274662018
XGBoost,2020,0.264206447,0.40620914101600647
XGBoost,2020,0.309357783,0.3544105887413025
XGBoost,2020,0.27863815,0.4556959569454193
XGBoost,2020,0.387866318,0.4330039918422699
XGBoost,2020,0.141233095,0.25163325667381287
XGBoost,2020,0.477125519,0.8153427839279175
XGBoost,2020,0.822342875,0.36345407366752625
XGBoost,2020,0.628892083,0.3907712996006012
XGBoost,2020,0.497120475,0.3317076861858368
XGBoost,2020,0.42305204,0.30334413051605225
XGBoost,2020,0.298056759,0.27954959869384766
XGBoost,2020,0.193762315,0.49055927991867065
XGBoost,2020,0.28636172,0.49074190855026245
XGBoost,2020,0.27672901,0.43342819809913635
XGBoost,2020,0.205229715,0.44811975955963135
XGBoost,2020,0.017330677,0.31246933341026306
XGBoost,2020,0.08106754,0.47482866048812866
XGBoost,2020,0.445104135,0.5077751874923706
XGBoost,2020,0.823027303,0.33211663365364075
XGBoost,2020,0.446196801,0.4592910408973694
XGBoost,2020,0.442676784,0.29872778058052063
XGBoost,2020,0.508538078,0.40755951404571533
XGBoost,2020,0.387116051,0.3539784848690033
XGBoost,2020,0.326240226,0.357077032327652
XGBoost,2020,0.321901695,0.303489625453949
XGBoost,2020,0.287332577,0.3057204484939575
XGBoost,2020,0.356349857,0.3418152928352356
XGBoost,2020,0.23727222,0.315679669380188
XGBoost,2020,0.164435598,0.2578783631324768
XGBoost,2020,0.205842184,0.3298172056674957
XGBoost,2020,0.226789917,0.2503303289413452
XGBoost,2020,0.242162042,0.15564335882663727
XGBoost,2020,0.235843623,0.16255813837051392
XGBoost,2020,0.150565208,0.425870805978775
XGBoost,2020,0.16433713,0.36860665678977966
XGBoost,2020,0.133487103,0.3297979533672333
XGBoost,2020,0.046516057,0.4391669034957886
XGBoost,2020,0.097365322,0.3033701777458191
XGBoost,2020,0.082269815,0.16547685861587524
XGBoost,2020,0.162684809,0.20934157073497772
XGBoost,2020,0.217266748,0.28094783425331116
XGBoost,2020,0.15151416,0.27399662137031555
XGBoost,2020,0.390701615,0.3736455738544464
XGBoost,2020,1.0159862,0.46623802185058594
XGBoost,2020,0.49577105,0.22567878663539886
XGBoost,2020,0.04422851,0.2826682925224304
XGBoost,2020,0.172915365,0.2593211531639099
XGBoost,2020,0.319454865,0.576068103313446
XGBoost,2020,0.254872587,0.15963855385780334
XGBoost,2020,0.007574052,0.18074063956737518
XGBoost,2021,0.246341098,0.24318847060203552
XGBoost,2021,0.09402294,0.07353855669498444
XGBoost,2021,0.40305186,0.16475866734981537
XGBoost,2021,0.986454925,0.4775438606739044
XGBoost,2021,0.953202944,0.1990550458431244
XGBoost,2021,0.481612123,0.5482582449913025
XGBoost,2021,0.375025888,0.3344794809818268
XGBoost,2021,0.268182695,0.3345119059085846
XGBoost,2021,0.418903714,0.34812480211257935
XGBoost,2021,0.544109629,0.7497150301933289
XGBoost,2021,0.672419436,0.29688894748687744
XGBoost,2021,0.593397245,0.2288133054971695
XGBoost,2021,0.99791995,0.24884577095508575
XGBoost,2021,0.52873974,0.23387521505355835
XGBoost,2021,0.575973807,0.27291375398635864
XGBoost,2021,0.279876271,0.14534954726696014
XGBoost,2021,0.381623329,0.33748748898506165
XGBoost,2021,0.304267033,0.4145445227622986
XGBoost,2021,0.271570571,0.30327939987182617
XGBoost,2021,0.24173304,0.1076447144150734
XGBoost,2021,0.010379313,0.11953885108232498
XGBoost,2021,0.004706255,0.34142524003982544
XGBoost,2021,0.090151925,0.1907772272825241
XGBoost,2021,0.068667605,0.35255736112594604
XGBoost,2021,0.127538642,0.5413645505905151
XGBoost,2021,1.443804685,0.38173648715019226
XGBoost,2021,0.80607112,0.2868797183036804
XGBoost,2021,0.399892438,0.22613024711608887
XGBoost,2021,0.723584875,0.3809627592563629
XGBoost,2021,0.849421919,0.4326450824737549
XGBoost,2021,0.9703558,0.3125341534614563
XGBoost,2021,0.202088025,0.5262676477432251
XGBoost,2021,0.01560405,0.31889796257019043
XGBoost,2021,0.353825487,0.22284281253814697
XGBoost,2021,0.302797329,0.16512013971805573
XGBoost,2021,0.005103639,0.18452729284763336
XGBoost,2021,0.032827503,0.18678610026836395
XGBoost,2021,0.066968125,0.16137777268886566
XGBoost,2021,0.061480324,0.13739661872386932
XGBoost,2021,0.020584883,0.07506707310676575
XGBoost,2021,0.059276265,0.14789757132530212
XGBoost,2021,0.060744605,0.35803693532943726
XGBoost,2021,0.10893456,0.3122738301753998
XGBoost,2021,0.038677852,0.2881098985671997
XGBoost,2021,0.275379157,0.1825897991657257
XGBoost,2021,1.3890346,0.8013736009597778
XGBoost,2021,1.55430484,0.9975031614303589
XGBoost,2021,1.650797145,0.6177889704704285
XGBoost,2021,1.233766543,0.5535431504249573
XGBoost,2021,0.795803691,0.4111437201499939
XGBoost,2021,0.68618056,0.25893810391426086
XGBoost,2021,0.952348596,0.7896871566772461
XGBoost,2021,0.820565636,0.6930487155914307
XGBoost,2021,0.651068145,0.7650192975997925
XGBoost,2021,0.599273758,0.8530935049057007
XGBoost,2021,0.199736677,0.9315824508666992
XGBoost,2021,0.594748013,0.6982054114341736
XGBoost,2021,0.59225439,1.0556398630142212
XGBoost,2021,0.055638927,0.8967278003692627
XGBoost,2021,0.346796351,0.2171444296836853
XGBoost,2021,0.369882028,0.3256564438343048
XGBoost,2021,0.47108737,0.6294136047363281
XGBoost,2021,0.51426279,1.380666732788086
XGBoost,2021,0.305293993,0.630099356174469
XGBoost,2021,0.73051852,0.9379385113716125
XGBoost,2021,0.342148565,2.1491899490356445
XGBoost,2021,0.288230726,2.0248706340789795
XGBoost,2021,0.288709037,1.393089771270752
XGBoost,2021,0.677066814,1.3139904737472534
XGBoost,2021,1.151582635,1.1449699401855469
XGBoost,2021,1.663888861,1.2121918201446533
XGBoost,2021,1.713556307,1.3026047945022583
XGBoost,2021,1.260857465,0.7496761679649353
XGBoost,2021,0.774580492,0.9432595372200012
XGBoost,2021,1.696986603,1.4169710874557495
XGBoost,2021,1.16301596,2.027574300765991
XGBoost,2021,1.347608687,1.50757896900177
XGBoost,2021,1.263383903,0.7437103986740112
XGBoost,2021,1.83278402,1.22677481174469
XGBoost,2021,1.38377147,0.6996793746948242
XGBoost,2021,1.88290826,0.8004880547523499
XGBoost,2021,0.632158393,0.62593013048172
XGBoost,2021,0.752413517,1.1565208435058594
XGBoost,2021,0.819231145,0.8182706236839294
XGBoost,2021,0.900277572,0.8332023024559021
XGBoost,2021,0.717593457,0.7572409510612488
XGBoost,2021,0.741177375,0.5417895913124084
XGBoost,2021,0.64049361,0.5596429705619812
XGBoost,2021,0.600939525,0.9507506489753723
XGBoost,2021,1.100797856,0.5405551791191101
XGBoost,2021,0.232041164,0.7952126860618591
XGBoost,2021,0.057844665,0.5056310892105103
XGBoost,2021,0.159403515,0.591591477394104
XGBoost,2021,0.342631725,0.528075098991394
XGBoost,2021,0.301048182,0.6721070408821106
XGBoost,2021,0.648702195,0.11274486780166626
XGBoost,2021,0.32483295,1.0404956340789795
XGBoost,2021,1.801256077,1.0679978132247925
XGBoost,2021,0.013671853,0.9494885802268982
XGBoost,2021,0.624886221,0.7414793968200684
XGBoost,2021,1.605746809,0.898861825466156
XGBoost,2021,1.01572724,0.8917492032051086
XGBoost,2021,1.771869495,1.2752833366394043
XGBoost,2021,1.355452361,1.6395100355148315
XGBoost,2021,1.589766536,0.8753905892372131
XGBoost,2021,1.80947472,1.2657150030136108
XGBoost,2021,1.552761495,0.8042842745780945
XGBoost,2021,1.394993404,2.5502448081970215
XGBoost,2021,3.005385072,0.8713078498840332
XGBoost,2021,2.244254576,2.4063239097595215
XGBoost,2021,3.075309529,2.316542148590088
XGBoost,2021,0.4037155,1.5351749658584595
XGBoost,2021,1.76311136,1.0844923257827759
XGBoost,2021,2.511647399,2.723942518234253
XGBoost,2021,2.353877295,2.28835391998291
XGBoost,2021,2.212077081,2.1379058361053467
XGBoost,2021,1.964797222,2.905510187149048
XGBoost,2021,2.06133355,1.0589864253997803
XGBoost,2021,1.86449305,1.2806373834609985
XGBoost,2021,2.4922631,0.5607872009277344
XGBoost,2021,1.4610104,1.066531777381897
XGBoost,2021,2.858446557,2.1160085201263428
XGBoost,2021,3.13131598,3.2097768783569336
XGBoost,2021,2.092194775,2.32892107963562
XGBoost,2021,1.366757345,1.5984512567520142
XGBoost,2021,1.492902365,1.6682080030441284
XGBoost,2021,1.038015761,1.5694209337234497
XGBoost,2021,3.106994564,1.563857913017273
XGBoost,2021,0.864369715,1.3386008739471436
XGBoost,2021,0.19749485,1.777954339981079
XGBoost,2021,0.8546874,1.09325110912323
XGBoost,2021,3.234250408,0.8706876635551453
XGBoost,2021,3.810667727,0.4674411118030548
XGBoost,2021,3.37109554,1.4765236377716064
XGBoost,2021,3.839756082,1.369926929473877
XGBoost,2021,2.648865685,1.4245842695236206
XGBoost,2021,2.578618315,1.643855094909668
XGBoost,2021,2.3321467,1.1958461999893188
XGBoost,2021,0.77955524,0.9411307573318481
XGBoost,2021,1.08925278,2.3851993083953857
XGBoost,2021,3.050409706,3.8748486042022705
XGBoost,2021,2.58566825,4.0476555824279785
XGBoost,2021,2.535335525,2.7709152698516846
XGBoost,2021,2.578267685,4.718162536621094
XGBoost,2021,2.47389725,2.8231046199798584
XGBoost,2021,2.44591525,2.972426414489746
XGBoost,2021,2.3115882,2.655198574066162
XGBoost,2021,1.51336833,2.7920451164245605
XGBoost,2021,1.33467486,3.294621467590332
XGBoost,2021,0.890627866,3.7227208614349365
XGBoost,2021,1.277969271,0.905305027961731
XGBoost,2021,1.269682042,0.3655545115470886
XGBoost,2021,0.7670823,0.4374459683895111
XGBoost,2021,0.926749195,0.8195940852165222
XGBoost,2021,0.953458298,0.5593096613883972
XGBoost,2021,1.00125382,0.6920608878135681
XGBoost,2021,1.056781835,0.4891435503959656
XGBoost,2021,1.077759344,1.477782130241394
XGBoost,2021,2.012775565,1.5538409948349
XGBoost,2021,1.765419471,2.036824941635132
XGBoost,2021,1.88606544,1.9043956995010376
XGBoost,2021,2.222534031,1.9235155582427979
XGBoost,2021,1.530083368,1.55589759349823
XGBoost,2021,1.879122337,1.6600151062011719
XGBoost,2021,3.25807556,2.067674398422241
XGBoost,2021,3.58094255,1.8006153106689453
XGBoost,2021,3.35972938,1.9260902404785156
XGBoost,2021,2.536926835,2.3106276988983154
XGBoost,2021,2.672961695,1.4602762460708618
XGBoost,2021,2.657611033,1.5561645030975342
XGBoost,2021,1.443786332,1.1083695888519287
XGBoost,2021,2.227425506,1.9471805095672607
XGBoost,2021,3.579722505,1.6293877363204956
XGBoost,2021,4.7057836,2.4471120834350586
XGBoost,2021,4.192679526,1.9662306308746338
XGBoost,2021,3.63309978,2.3240814208984375
XGBoost,2021,0.46788893,1.7676122188568115
XGBoost,2021,3.32582605,2.3564655780792236
XGBoost,2021,3.78984166,1.618483304977417
XGBoost,2021,3.13246199,1.221686840057373
XGBoost,2021,2.552775052,0.9158041477203369
XGBoost,2021,2.108205057,1.6260547637939453
XGBoost,2021,3.475547118,2.8638603687286377
XGBoost,2021,3.141928503,3.3448076248168945
XGBoost,2021,4.146114889,4.154476642608643
XGBoost,2021,3.840022127,3.5351269245147705
XGBoost,2021,3.371954005,2.557415246963501
XGBoost,2021,0.977428677,0.9195494055747986
XGBoost,2021,2.463065485,3.1678478717803955
XGBoost,2021,3.199795154,3.5772652626037598
XGBoost,2021,2.780587707,2.148428440093994
XGBoost,2021,1.966444683,1.4810870885849
XGBoost,2021,2.738539148,2.9580140113830566
XGBoost,2021,2.700781045,2.094177484512329
XGBoost,2021,2.039927046,1.3368068933486938
XGBoost,2021,2.29722817,1.3733758926391602
XGBoost,2021,2.24294831,1.6099227666854858
XGBoost,2021,2.14988649,1.7011076211929321
XGBoost,2021,2.002141245,2.435601234436035
XGBoost,2021,1.261118975,1.7098791599273682
XGBoost,2021,1.187705333,0.7939051985740662
XGBoost,2021,2.557849165,2.0923080444335938
XGBoost,2021,1.836820115,0.8786097764968872
XGBoost,2021,1.55685647,1.0375680923461914
XGBoost,2021,1.939367538,1.8356198072433472
XGBoost,2021,1.674386789,2.2852470874786377
XGBoost,2021,1.571777115,1.579009771347046
XGBoost,2021,2.986070124,3.1275076866149902
XGBoost,2021,2.19183522,2.919696092605591
XGBoost,2021,1.427366136,2.389960289001465
XGBoost,2021,1.653461736,2.2679195404052734
XGBoost,2021,1.439411902,1.7691011428833008
XGBoost,2021,0.781963739,0.9747992753982544
XGBoost,2021,1.215420467,1.9240695238113403
XGBoost,2021,1.216612905,1.6012229919433594
XGBoost,2021,0.81503138,1.1404656171798706
XGBoost,2021,1.15687533,1.440781831741333
XGBoost,2021,1.93989139,0.6423331499099731
XGBoost,2021,1.85201653,1.0882302522659302
XGBoost,2021,1.269157907,1.6591793298721313
XGBoost,2021,1.017953899,1.5613678693771362
XGBoost,2021,1.132559452,1.9763243198394775
XGBoost,2021,1.236743145,1.1215410232543945
XGBoost,2021,0.950774615,1.3157756328582764
XGBoost,2021,0.054216115,0.6906620264053345
XGBoost,2021,0.605969969,1.3654705286026
XGBoost,2021,1.328959113,1.471933126449585
XGBoost,2021,0.00039324,0.5782451033592224
XGBoost,2021,0.906767033,0.4770466685295105
XGBoost,2021,0.130635471,0.5508477687835693
XGBoost,2021,0.436181574,0.7301638722419739
XGBoost,2021,0.423994461,0.5872953534126282
XGBoost,2021,0.030234455,0.6197362542152405
XGBoost,2021,0.217628042,0.49100425839424133
XGBoost,2021,0.003010638,0.7413026690483093
XGBoost,2021,0.009110043,0.6850801110267639
XGBoost,2021,0.28394592,0.5780825614929199
XGBoost,2021,0.714489,1.2800759077072144
XGBoost,2021,0.37578862,0.8520904779434204
XGBoost,2021,0.061169572,0.9480242729187012
XGBoost,2021,0.02239843,0.9556785821914673
XGBoost,2021,0.164977814,0.590363621711731
XGBoost,2021,0.28381184,0.5613742470741272
XGBoost,2021,0.188769563,0.5432168245315552
XGBoost,2021,0.100492957,0.5471790432929993
XGBoost,2021,0.335865177,0.6462656855583191
XGBoost,2021,0.131276966,0.391345739364624
XGBoost,2021,0.877477735,1.079856514930725
XGBoost,2021,2.0151177,1.2234792709350586
XGBoost,2021,0.593845832,0.6628967523574829
XGBoost,2021,0.231164286,0.5463836789131165
XGBoost,2021,0.23491276,0.642507016658783
XGBoost,2021,0.158970633,0.24344080686569214
XGBoost,2021,0.312216019,0.4125518500804901
XGBoost,2021,0.660534255,0.5676823258399963
XGBoost,2021,0.566941703,0.7942669987678528
XGBoost,2021,0.336680413,0.3529473543167114
XGBoost,2021,0.814282744,0.41116470098495483
XGBoost,2021,0.813458063,0.3722744286060333
XGBoost,2021,0.742023191,0.4751308858394623
XGBoost,2021,0.103911328,0.5025796294212341
XGBoost,2021,0.070281975,0.3756563067436218
XGBoost,2021,0.157759441,0.31836584210395813
XGBoost,2021,0.212785126,0.5008912682533264
XGBoost,2021,0.07363805,0.27209562063217163
XGBoost,2021,0.197829815,0.22405827045440674
XGBoost,2021,0.13879907,0.2357609122991562
XGBoost,2021,0.202513272,0.48077645897865295
XGBoost,2021,0.190219405,0.21811392903327942
XGBoost,2021,0.066308569,0.17428427934646606
XGBoost,2021,0.013384134,0.16999490559101105
XGBoost,2021,0.105451612,0.16093361377716064
XGBoost,2021,0.104006804,0.19938623905181885
XGBoost,2021,0.051120214,0.2562522888183594
XGBoost,2021,0.127944904,0.08802902698516846
XGBoost,2021,0.008023856,0.2897953391075134
XGBoost,2021,1.7614509,1.8562079668045044
XGBoost,2021,2.997800855,2.014559268951416
XGBoost,2021,2.07815125,1.9359899759292603
XGBoost,2021,2.60459143,2.9567716121673584
XGBoost,2021,2.500724527,2.987520933151245
XGBoost,2021,1.064993737,3.6873223781585693
XGBoost,2021,2.36790855,0.9621797204017639
XGBoost,2021,1.355167363,0.33482566475868225
XGBoost,2021,1.81107468,0.19557327032089233
XGBoost,2021,2.028209218,0.6191116571426392
XGBoost,2021,1.919775041,0.5234506130218506
XGBoost,2021,1.803049427,0.8546922206878662
XGBoost,2021,1.385907047,0.6022207140922546
XGBoost,2021,1.00336557,0.5635986328125
XGBoost,2021,0.638829159,0.1513223648071289
XGBoost,2021,1.14876414,1.7248563766479492
XGBoost,2021,3.01328645,2.099283456802368
XGBoost,2021,3.136252195,2.0763378143310547
XGBoost,2021,2.76361253,0.638684093952179
XGBoost,2021,1.98965826,0.8904677629470825
XGBoost,2021,1.200159335,1.4153960943222046
XGBoost,2021,1.116612541,1.1060606241226196
XGBoost,2021,1.559459872,0.8164845108985901
XGBoost,2021,0.799827699,1.000830888748169
XGBoost,2021,0.748274199,1.2589882612228394
XGBoost,2021,0.712779455,1.5882163047790527
XGBoost,2021,0.797208332,0.7069695591926575
XGBoost,2021,0.530766139,1.6333012580871582
XGBoost,2021,1.650498353,1.3343435525894165
XGBoost,2021,1.3247183,1.5319167375564575
XGBoost,2021,0.90681151,0.923858106136322
XGBoost,2021,0.768214136,0.6609058380126953
XGBoost,2021,0.668524715,0.9356727600097656
XGBoost,2021,0.54176098,1.2785842418670654
XGBoost,2021,1.92690339,1.5737789869308472
XGBoost,2021,2.321395125,1.0394846200942993
XGBoost,2021,2.626125305,1.3492939472198486
XGBoost,2021,0.881618738,1.1474167108535767
XGBoost,2021,0.705337765,0.7132192850112915
XGBoost,2021,0.78983477,0.6433302164077759
XGBoost,2021,0.446514665,1.4603954553604126
XGBoost,2021,0.437133432,1.1980749368667603
XGBoost,2021,1.027994598,0.9125958681106567
XGBoost,2021,2.181326849,1.1062548160552979
XGBoost,2021,1.537653535,0.9194271564483643
XGBoost,2021,0.761827573,1.1256945133209229
XGBoost,2021,0.526112173,1.1235781908035278
XGBoost,2021,0.539398995,0.7653987407684326
XGBoost,2021,0.606567835,0.7991805076599121
XGBoost,2021,0.585014385,0.5436513423919678
XGBoost,2021,0.63270044,0.25351542234420776
XGBoost,2021,0.454654635,0.6061071157455444
XGBoost,2021,0.632925086,1.1536669731140137
XGBoost,2021,3.511705858,0.5925059914588928
XGBoost,2021,4.682698527,0.6162859797477722
XGBoost,2021,0.813116872,0.6245186924934387
XGBoost,2021,0.470965505,0.5519267320632935
XGBoost,2021,0.93390352,1.378198266029358
XGBoost,2021,0.704733667,0.8717706203460693
XGBoost,2021,0.63851291,0.5364696979522705
XGBoost,2021,0.480795435,0.5418129563331604
XGBoost,2021,1.31994471,1.2971556186676025
XGBoost,2021,0.587763113,0.6898089647293091
XGBoost,2021,0.816134505,0.8100335001945496
XGBoost,2021,1.095176824,0.95814448595047
XGBoost,2021,0.875130283,0.6187735795974731
XGBoost,2021,0.711444518,0.5257584452629089
XGBoost,2021,0.639804179,0.7551270723342896
XGBoost,2021,0.476220641,0.8443593978881836
XGBoost,2021,0.359623693,0.9487398266792297
XGBoost,2021,0.15313093,0.49628007411956787
XGBoost,2021,0.884354765,1.2368208169937134
XGBoost,2021,0.588972418,0.48947030305862427
XGBoost,2021,0.444726949,0.5211650729179382
XGBoost,2021,0.38870126,1.2260807752609253
XGBoost,2021,0.308232327,0.5815221071243286
XGBoost,2021,0.563244662,1.4954955577850342
XGBoost,2021,3.883041365,1.3854846954345703
XGBoost,2021,1.27410674,1.256636381149292
XGBoost,2021,1.045332186,1.8745208978652954
XGBoost,2021,1.02372206,1.6155617237091064
XGBoost,2021,0.84593107,1.0635367631912231
XGBoost,2021,0.323064619,1.2634981870651245
XGBoost,2021,0.67351483,1.297633409500122
XGBoost,2021,0.680584448,1.048374891281128
XGBoost,2021,0.376902126,1.2656763792037964
XGBoost,2021,0.17934059,1.1884716749191284
XGBoost,2021,0.663418232,1.3448543548583984
XGBoost,2021,0.002760244,0.6895346641540527
XGBoost,2021,2.256439155,0.9740952849388123
XGBoost,2021,2.04991743,1.133191704750061
XGBoost,2021,3.016443162,1.2934541702270508
XGBoost,2021,1.813495185,1.333371877670288
XGBoost,2021,1.281076165,1.0717136859893799
XGBoost,2021,0.759322523,1.432562232017517
XGBoost,2021,1.088375512,1.338138222694397
XGBoost,2021,0.869346008,1.2715290784835815
XGBoost,2021,0.836947888,1.0696848630905151
XGBoost,2021,0.807693695,1.1792374849319458
XGBoost,2021,0.428265779,0.8627299070358276
XGBoost,2021,0.680307985,1.5465880632400513
XGBoost,2021,1.217765801,1.7874815464019775
XGBoost,2021,1.260417381,1.13015878200531
XGBoost,2021,0.81861316,1.159447431564331
XGBoost,2021,0.215578845,0.5321629047393799
XGBoost,2021,0.606148445,0.6089234352111816
XGBoost,2021,0.393097519,0.5248900055885315
XGBoost,2021,0.457187437,0.5077212452888489
XGBoost,2021,0.485374045,0.7155243158340454
XGBoost,2021,0.342597859,0.5140429139137268
XGBoost,2021,0.536557856,0.5908852219581604
XGBoost,2021,0.17178872,0.5090442895889282
XGBoost,2021,0.392320503,0.4018273949623108
XGBoost,2021,0.559476999,0.5272743701934814
XGBoost,2021,0.312620051,0.485345721244812
XGBoost,2021,0.350625429,0.5361741781234741
XGBoost,2021,0.28178108,0.5034635066986084
XGBoost,2021,0.301924128,0.34182363748550415
XGBoost,2021,0.239672299,0.3277653753757477
XGBoost,2021,0.392869371,0.5083155035972595
XGBoost,2021,0.335978335,0.4430721700191498
XGBoost,2021,0.344146233,0.41980645060539246
XGBoost,2021,0.268945015,0.5460386276245117
XGBoost,2021,0.01093894,0.47339004278182983
XGBoost,2021,0.816097194,0.8889346718788147
XGBoost,2021,0.726020963,0.6020057201385498
XGBoost,2021,0.68967022,0.5153084397315979
XGBoost,2021,0.546171161,0.26766160130500793
XGBoost,2021,0.329346395,0.7859658598899841
XGBoost,2021,0.22427508,0.7094920873641968
XGBoost,2021,0.415475323,0.5013710260391235
XGBoost,2021,0.540522854,0.4132116734981537
XGBoost,2021,0.243370392,0.3588043451309204
XGBoost,2021,0.579436151,0.5866798758506775
XGBoost,2021,0.26101875,0.3599781095981598
XGBoost,2021,0.885692026,0.9966524839401245
XGBoost,2021,0.3954691,1.1484651565551758
XGBoost,2021,0.355302628,0.5887749195098877
XGBoost,2021,0.586792836,0.6612105965614319
XGBoost,2021,0.4695094,0.7281796336174011
XGBoost,2021,0.188946356,0.4932095408439636
XGBoost,2021,0.378580324,0.48817649483680725
XGBoost,2021,0.568122755,0.6912418007850647
XGBoost,2021,0.689928687,0.8120244145393372
XGBoost,2021,0.522743365,0.7233680486679077
XGBoost,2021,0.028573335,0.6856740117073059
XGBoost,2021,0.297110725,0.7111905813217163
XGBoost,2021,0.235753887,0.5099430084228516
XGBoost,2021,0.45528532,0.5285987257957458
XGBoost,2021,0.468394753,0.6059516072273254
XGBoost,2021,0.376086888,0.5731400847434998
XGBoost,2021,0.450705814,0.5571954846382141
XGBoost,2021,0.391160922,0.33697301149368286
XGBoost,2021,0.491235351,0.5559930801391602
XGBoost,2021,0.401077778,0.5072073936462402
XGBoost,2021,0.312383305,0.3941640257835388
XGBoost,2021,0.213724516,0.3652820289134979
XGBoost,2021,0.297485885,0.2584252655506134
XGBoost,2021,0.314150409,0.27151647210121155
XGBoost,2021,0.436072554,0.3333788514137268
XGBoost,2021,0.428944036,0.3211439549922943
XGBoost,2021,0.357075937,0.5227267146110535
XGBoost,2021,0.266777844,0.2756885290145874
XGBoost,2021,0.361113057,0.3126668930053711
XGBoost,2021,0.355508948,0.5442832112312317
XGBoost,2021,0.325649568,0.3465936481952667
XGBoost,2021,0.317312044,0.3459334075450897
XGBoost,2021,0.458997948,0.6489651203155518
XGBoost,2021,0.303196603,0.2920258939266205
XGBoost,2021,0.387159973,0.30512869358062744
XGBoost,2021,0.433601071,0.5886857509613037
XGBoost,2021,0.355918694,0.35106661915779114
XGBoost,2021,0.335840756,0.3515183627605438
XGBoost,2021,0.371840455,0.17053192853927612
XGBoost,2021,0.061353334,0.13555125892162323
XGBoost,2021,0.146660969,0.26093390583992004
XGBoost,2021,0.168706106,0.1477365493774414
XGBoost,2021,0.16113355,0.4334140717983246
XGBoost,2021,0.55663074,0.38655367493629456
XGBoost,2021,0.235286376,0.27412301301956177
XGBoost,2021,0.220423661,0.2870209813117981
XGBoost,2021,0.215157325,0.4394771158695221
XGBoost,2021,0.166037452,0.6528592109680176
XGBoost,2021,0.377051402,0.19558271765708923
XGBoost,2021,0.166807258,0.2361510694026947
XGBoost,2021,0.145387342,0.1354186087846756
XGBoost,2021,0.079873333,0.15484391152858734
XGBoost,2021,0.182003078,0.40680384635925293
XGBoost,2021,0.099969202,0.3122973144054413
XGBoost,2021,0.223988095,0.1120157316327095
XGBoost,2021,0.195046711,0.13435117900371552
XGBoost,2021,0.159285521,0.17245900630950928
XGBoost,2021,0.298283025,0.8894975185394287
XGBoost,2021,0.604759408,0.3275676667690277
XGBoost,2021,0.426461845,0.3256509602069855
XGBoost,2021,0.163912465,0.24087287485599518
XGBoost,2021,0.155014674,0.3495338559150696
XGBoost,2021,0.034172903,0.20250917971134186
XGBoost,2021,0.164820426,0.29746943712234497
XGBoost,2021,0.093836379,0.155471533536911
XGBoost,2022,0.041963071,0.167681023478508
XGBoost,2022,0.107126726,0.14700564742088318
XGBoost,2022,0.046744134,0.6708616614341736
XGBoost,2022,0.461299797,0.31413695216178894
XGBoost,2022,0.680135593,0.2926947772502899
XGBoost,2022,0.62550849,0.29387593269348145
XGBoost,2022,0.207912548,0.10630219429731369
XGBoost,2022,0.11537314,0.023451801389455795
XGBoost,2022,0.061197049,0.007700022775679827
XGBoost,2022,0.066656085,0.02646099403500557
XGBoost,2022,0.009728362,-0.05981803685426712
XGBoost,2022,0.139222101,0.3137873411178589
XGBoost,2022,0.140846716,0.44393590092658997
XGBoost,2022,0.335987105,0.2921633720397949
XGBoost,2022,0.245879869,0.31402477622032166
XGBoost,2022,0.247703078,0.3406587243080139
XGBoost,2022,0.192047118,0.6655858755111694
XGBoost,2022,0.511876498,0.3991844654083252
XGBoost,2022,0.78885819,0.30061885714530945
XGBoost,2022,0.169290465,0.4465477466583252
XGBoost,2022,0.036795142,0.3825559616088867
XGBoost,2022,0.0,0.3979354202747345
XGBoost,2022,0.439032195,0.7587812542915344
XGBoost,2022,0.326494516,0.9978784918785095
XGBoost,2022,0.202118991,0.7768828868865967
XGBoost,2022,1.41537786,1.1786577701568604
XGBoost,2022,2.209250715,1.5835692882537842
XGBoost,2022,0.01947535,0.7952132821083069
XGBoost,2022,1.39337795,1.3255704641342163
XGBoost,2022,1.243559939,1.1701335906982422
XGBoost,2022,0.72875032,1.3957610130310059
XGBoost,2022,0.495338919,1.0534696578979492
XGBoost,2022,0.581870939,1.7872014045715332
XGBoost,2022,0.420547035,0.9647669792175293
XGBoost,2022,0.701521656,0.8414713740348816
XGBoost,2022,2.325402396,1.161596655845642
XGBoost,2022,3.082000845,1.3731014728546143
XGBoost,2022,1.767593714,1.3414126634597778
XGBoost,2022,1.168993565,0.8430102467536926
XGBoost,2022,0.002984779,0.9991589784622192
XGBoost,2022,0.560723325,1.2511683702468872
XGBoost,2022,0.80910345,0.9190208315849304
XGBoost,2022,0.554182658,1.0682324171066284
XGBoost,2022,0.412350831,0.9579914212226868
XGBoost,2022,0.422503727,0.7761585712432861
XGBoost,2022,0.473287535,0.2959975004196167
XGBoost,2022,1.372972024,1.2934046983718872
XGBoost,2022,0.425794214,0.6807087659835815
XGBoost,2022,0.410039172,0.7170009016990662
XGBoost,2022,0.168421342,0.76833176612854
XGBoost,2022,0.271783151,0.7051475048065186
XGBoost,2022,0.137843859,0.5452471971511841
XGBoost,2022,0.101881955,0.604362964630127
XGBoost,2022,0.328944023,0.5393737554550171
XGBoost,2022,0.185286709,0.415861040353775
XGBoost,2022,0.270505055,0.908454179763794
XGBoost,2022,0.34441556,0.6727541089057922
XGBoost,2022,0.147639199,0.4872994124889374
XGBoost,2022,0.57046163,0.8768758177757263
XGBoost,2022,1.672985942,1.2691056728363037
XGBoost,2022,0.263208204,0.726759672164917
XGBoost,2022,0.198229423,0.6511228680610657
XGBoost,2022,0.21724745,0.7603129744529724
XGBoost,2022,0.240843969,0.4804433584213257
XGBoost,2022,0.216330532,0.9118322134017944
XGBoost,2022,1.462668765,1.849633812904358
XGBoost,2022,0.464726292,0.6631102561950684
XGBoost,2022,0.738135044,1.0101293325424194
XGBoost,2022,1.20402185,1.5117446184158325
XGBoost,2022,2.44320585,1.6576898097991943
XGBoost,2022,1.51667574,1.9760823249816895
XGBoost,2022,2.81273566,2.864008903503418
XGBoost,2022,2.612436152,1.8655039072036743
XGBoost,2022,1.54337316,1.7193317413330078
XGBoost,2022,1.498266928,1.8524724245071411
XGBoost,2022,0.91699546,1.3598467111587524
XGBoost,2022,0.97427977,1.803350806236267
XGBoost,2022,0.73793613,1.807861089706421
XGBoost,2022,0.862399078,2.3751697540283203
XGBoost,2022,0.578386663,0.8577423691749573
XGBoost,2022,0.546428716,0.65028315782547
XGBoost,2022,0.560864526,0.8163261413574219
XGBoost,2022,0.421751071,0.6889545321464539
XGBoost,2022,0.424526165,0.6894327402114868
XGBoost,2022,0.41594795,0.48520636558532715
XGBoost,2022,0.305597755,0.4696215093135834
XGBoost,2022,0.09024175,0.566852331161499
XGBoost,2022,0.485336825,1.0545891523361206
XGBoost,2022,0.393437012,0.5382373929023743
XGBoost,2022,0.476434439,0.716180682182312
XGBoost,2022,0.396914905,0.38469836115837097
XGBoost,2022,0.557795934,0.5668831467628479
XGBoost,2022,2.1421052,1.2402293682098389
XGBoost,2022,1.013096665,1.3932636976242065
XGBoost,2022,2.4487323,1.7594428062438965
XGBoost,2022,3.70944881,3.0386641025543213
XGBoost,2022,3.181197458,3.1308608055114746
XGBoost,2022,3.742303495,2.219029188156128
XGBoost,2022,2.830107965,2.9528608322143555
XGBoost,2022,2.7771717,2.6712100505828857
XGBoost,2022,3.130349581,2.9354870319366455
XGBoost,2022,2.699800585,3.9923787117004395
XGBoost,2022,1.2886323,2.1619269847869873
XGBoost,2022,1.057500049,2.034454345703125
XGBoost,2022,1.260686175,1.889307975769043
XGBoost,2022,1.25503973,0.7978923320770264
XGBoost,2022,1.4058549,1.4107770919799805
XGBoost,2022,0.966722215,1.035680890083313
XGBoost,2022,1.17154764,1.1810675859451294
XGBoost,2022,0.524145604,0.9716611504554749
XGBoost,2022,0.95801886,1.5330883264541626
XGBoost,2022,0.672197145,1.095717430114746
XGBoost,2022,0.564434831,0.8189212083816528
XGBoost,2022,0.550355657,0.7311499118804932
XGBoost,2022,0.413263818,0.4600745141506195
XGBoost,2022,0.31982862,0.44564563035964966
XGBoost,2022,0.592019135,1.664116382598877
XGBoost,2022,0.44599786,1.0569868087768555
XGBoost,2022,0.530084778,0.4073566198348999
XGBoost,2022,0.300596202,0.39971745014190674
XGBoost,2022,0.249463909,1.8622335195541382
XGBoost,2022,0.583418522,1.2469556331634521
XGBoost,2022,0.821687031,0.5214899778366089
XGBoost,2022,0.807332406,0.3187941014766693
XGBoost,2022,0.418606784,0.559208869934082
XGBoost,2022,0.570989062,1.7224775552749634
XGBoost,2022,0.545523916,0.6812405586242676
XGBoost,2022,0.726919135,1.1267898082733154
XGBoost,2022,0.55705609,1.269255518913269
XGBoost,2022,3.6621348,0.8683106303215027
XGBoost,2022,4.458306105,2.4596478939056396
XGBoost,2022,4.96025518,2.7551021575927734
XGBoost,2022,4.05222316,2.540647268295288
XGBoost,2022,2.5761837,2.9766030311584473
XGBoost,2022,2.6699641,3.5581133365631104
XGBoost,2022,2.6747828,4.739794731140137
XGBoost,2022,2.2025582,4.556015968322754
XGBoost,2022,2.04027464,4.000445365905762
XGBoost,2022,2.52711405,4.814272880554199
XGBoost,2022,4.202483175,3.849426031112671
XGBoost,2022,3.501304365,2.941542863845825
XGBoost,2022,2.6492888,1.346993088722229
XGBoost,2022,2.284225752,1.2949186563491821
XGBoost,2022,2.395750264,1.7592815160751343
XGBoost,2022,2.347239805,2.909966230392456
XGBoost,2022,1.923152341,2.7822961807250977
XGBoost,2022,1.98945604,2.864489793777466
XGBoost,2022,1.659447425,3.362582206726074
XGBoost,2022,4.234023495,3.670541286468506
XGBoost,2022,2.857902425,3.9702506065368652
XGBoost,2022,3.850147985,3.810490369796753
XGBoost,2022,2.446428475,3.2423095703125
XGBoost,2022,3.535981835,3.2423095703125
XGBoost,2022,4.709116905,3.5633432865142822
XGBoost,2022,4.578619791,3.5633432865142822
XGBoost,2022,4.080302195,5.7264485359191895
XGBoost,2022,3.65960872,5.616415977478027
XGBoost,2022,3.30926045,5.536016464233398
XGBoost,2022,2.87295164,5.357026100158691
XGBoost,2022,3.0800583,6.093472003936768
XGBoost,2022,1.413719695,4.1760172843933105
XGBoost,2022,1.155060881,2.0263078212738037
XGBoost,2022,2.148770955,3.4622690677642822
XGBoost,2022,1.88396471,3.9268617630004883
XGBoost,2022,2.024887545,4.33160400390625
XGBoost,2022,1.607481265,4.378812313079834
XGBoost,2022,1.42897534,4.368103504180908
XGBoost,2022,1.258159603,4.107272624969482
XGBoost,2022,1.34598782,4.65647029876709
XGBoost,2022,4.281451926,3.365511655807495
XGBoost,2022,2.433211,2.7539710998535156
XGBoost,2022,3.20892789,3.070962429046631
XGBoost,2022,3.4841843,2.974757432937622
XGBoost,2022,2.210331497,3.4351754188537598
XGBoost,2022,2.287348045,3.1054255962371826
XGBoost,2022,1.782011799,3.144583225250244
XGBoost,2022,1.68047289,3.3152999877929688
XGBoost,2022,1.526156491,4.490200996398926
XGBoost,2022,1.291069166,4.685932636260986
XGBoost,2022,1.11582397,3.52317214012146
XGBoost,2022,0.7888478,3.0386593341827393
XGBoost,2022,2.00503341,2.7997043132781982
XGBoost,2022,1.0448622,2.435506582260132
XGBoost,2022,0.36698346,2.1291446685791016
XGBoost,2022,0.620751341,2.1269404888153076
XGBoost,2022,0.974391645,1.9980711936950684
XGBoost,2022,1.554102665,2.611659526824951
XGBoost,2022,0.39950026,0.39149972796440125
XGBoost,2022,0.432423153,0.9706630110740662
XGBoost,2022,0.093404465,0.8108887076377869
XGBoost,2022,0.097904062,0.4825967848300934
XGBoost,2022,0.862175244,0.8951342105865479
XGBoost,2022,0.219819891,0.778090238571167
XGBoost,2022,0.596687153,2.2773895263671875
XGBoost,2022,1.217571585,1.2096598148345947
XGBoost,2022,1.805567161,1.7238001823425293
XGBoost,2022,0.131514445,0.8572500348091125
XGBoost,2022,0.3805354,0.4205491840839386
XGBoost,2022,0.637728286,0.6685131788253784
XGBoost,2022,0.55604485,0.4926244020462036
XGBoost,2022,0.66435083,0.60210782289505
XGBoost,2022,0.444754033,0.5472086668014526
XGBoost,2022,0.020277678,0.3911983370780945
XGBoost,2022,0.26275719,0.20685403048992157
XGBoost,2022,0.03497921,0.3744125962257385
XGBoost,2022,0.041769618,0.422282338142395
XGBoost,2022,0.081067778,0.575714647769928
XGBoost,2022,0.022951124,0.3357541263103485
XGBoost,2022,0.003515336,0.27572664618492126
XGBoost,2022,0.023648774,0.1930919736623764
XGBoost,2022,0.01982171,0.44712042808532715
XGBoost,2022,0.075513255,0.224408820271492
XGBoost,2022,0.037280385,0.20032352209091187
XGBoost,2022,0.229816779,0.3136957585811615
XGBoost,2022,0.045934702,0.10873550921678543
XGBoost,2022,0.02710241,0.4188432991504669
XGBoost,2022,0.081923688,0.1997879594564438
XGBoost,2022,0.04225843,0.12600630521774292
XGBoost,2022,0.069414543,0.24955898523330688
XGBoost,2022,0.075550672,0.2022062987089157
XGBoost,2022,0.016944951,0.1496584117412567
XGBoost,2022,0.038735319,0.24411550164222717
XGBoost,2022,0.07483416,0.24971240758895874
XGBoost,2022,0.175126877,0.4500276744365692
XGBoost,2022,0.13111754,0.20775705575942993
XGBoost,2022,0.02951842,0.16057564318180084
XGBoost,2022,0.035572627,0.06546361744403839
XGBoost,2022,0.754731575,0.3078673183917999
XGBoost,2022,0.579580753,0.18045827746391296
XGBoost,2022,0.094682328,0.23740340769290924
XGBoost,2022,0.097127685,0.2721253037452698
XGBoost,2022,0.074852459,0.30396029353141785
XGBoost,2022,0.056181445,0.24221710860729218
XGBoost,2022,0.069757451,0.1388004571199417
XGBoost,2022,0.036574441,0.3463260531425476
XGBoost,2022,0.029870711,0.17462804913520813
XGBoost,2022,0.027314916,0.13539008796215057
XGBoost,2022,0.09863885,0.18266142904758453
XGBoost,2022,0.078689313,0.053511086851358414
XGBoost,2022,0.368181292,0.18197381496429443
XGBoost,2022,0.34833926,0.46355104446411133
XGBoost,2022,0.19207127,0.26426419615745544
XGBoost,2022,0.294454191,0.11030275374650955
XGBoost,2022,0.015530102,0.11634736508131027
XGBoost,2022,0.008819214,0.2640751004219055
XGBoost,2022,0.00207407,0.10187456756830215
XGBoost,2022,0.127439305,0.19118501245975494
XGBoost,2022,0.099712972,0.0827150046825409
XGBoost,2022,0.04891557,0.06875939667224884
XGBoost,2022,0.021914294,0.08677858859300613
XGBoost,2022,0.116697235,0.060113370418548584
XGBoost,2022,0.249521916,0.3513336479663849
XGBoost,2022,0.35709378,0.2886037826538086
XGBoost,2022,0.53823736,0.26057538390159607
XGBoost,2022,0.400556042,0.7633134126663208
XGBoost,2022,0.140660408,0.22528566420078278
XGBoost,2022,0.180348005,0.1487286537885666
XGBoost,2022,0.201237619,0.33294087648391724
XGBoost,2022,0.03604325,0.07042402029037476
XGBoost,2022,0.165535946,0.2066575437784195
XGBoost,2022,0.718852543,0.41734620928764343
XGBoost,2022,0.80853184,0.40964245796203613
XGBoost,2022,0.229663761,0.05781792849302292
XGBoost,2022,0.086954035,0.10485479980707169
XGBoost,2022,0.13488208,0.3467431366443634
XGBoost,2022,0.486868508,0.5444411039352417
XGBoost,2022,0.631035315,0.23159857094287872
XGBoost,2022,0.717475918,0.282406747341156
XGBoost,2022,0.57792675,0.4656112790107727
XGBoost,2022,0.282167973,0.29072755575180054
XGBoost,2022,0.333087768,0.3799627125263214
XGBoost,2022,0.369649662,0.6423216462135315
XGBoost,2022,0.169044485,0.28770357370376587
XGBoost,2022,0.226081166,0.4006161093711853
XGBoost,2022,0.303518974,0.4351447522640228
XGBoost,2022,0.246986749,0.2628191113471985
XGBoost,2022,0.112993947,0.20136979222297668
XGBoost,2022,0.104076445,0.35654014348983765
XGBoost,2022,0.086284292,0.7766638398170471
XGBoost,2022,0.302686185,0.6734336614608765
XGBoost,2022,0.240941737,0.37666767835617065
XGBoost,2022,0.208223324,0.2942635715007782
XGBoost,2022,0.156597828,0.03657661750912666
XGBoost,2022,0.127753076,0.47206738591194153
XGBoost,2022,0.275879302,0.3249562978744507
XGBoost,2022,0.32828031,0.5752487778663635
XGBoost,2022,0.498641574,0.4840068817138672
XGBoost,2022,0.584655,0.5271703004837036
XGBoost,2022,0.813120413,0.3699967861175537
XGBoost,2022,0.515052737,0.4230295717716217
XGBoost,2022,0.071531978,0.24736261367797852
XGBoost,2022,0.062181678,0.3095370829105377
XGBoost,2022,0.249743875,0.41191327571868896
XGBoost,2022,0.877093312,0.5324986577033997
XGBoost,2022,0.825278249,0.5164980292320251
XGBoost,2022,1.196113195,0.5442977547645569
XGBoost,2022,1.230319725,0.3496481776237488
XGBoost,2022,0.770487368,0.3972160220146179
XGBoost,2022,0.71271004,0.397723525762558
XGBoost,2022,0.64222577,0.6268020868301392
XGBoost,2022,0.556085253,0.2852758467197418
XGBoost,2022,0.459880169,0.1974320262670517
XGBoost,2022,0.412054097,0.2792383134365082
XGBoost,2022,0.366526991,0.19785836338996887
XGBoost,2022,0.133570273,-0.0033031224738806486
XGBoost,2022,0.382427389,0.8597870469093323
XGBoost,2022,1.107925779,0.7893314957618713
XGBoost,2022,0.873263737,0.4046010673046112
XGBoost,2022,0.66617144,0.32583674788475037
XGBoost,2022,0.252966698,0.08222261071205139
XGBoost,2022,0.217765913,0.17130102217197418
XGBoost,2022,0.241366089,0.2270585596561432
XGBoost,2022,0.234816242,0.23376792669296265
XGBoost,2022,0.405090618,0.08875574171543121
XGBoost,2022,0.348296804,0.5329907536506653
XGBoost,2022,0.36971675,0.5271081924438477
XGBoost,2022,0.379899458,0.38773322105407715
XGBoost,2022,0.361939739,0.409956157207489
XGBoost,2022,0.478989064,0.45889943838119507
XGBoost,2022,0.301280355,0.5526593327522278
XGBoost,2022,0.476764304,0.36059850454330444
XGBoost,2022,0.715383925,0.13869138062000275
XGBoost,2022,0.384819306,0.20577625930309296
XGBoost,2022,0.728899611,0.5642086863517761
XGBoost,2022,0.895539695,0.6027494668960571
XGBoost,2022,0.275163283,0.27001896500587463
XGBoost,2022,0.154362195,0.3821343779563904
XGBoost,2022,0.816468455,0.42459988594055176
XGBoost,2022,1.624056108,0.5270318984985352
XGBoost,2022,1.243122007,0.4856261610984802
XGBoost,2022,0.78708375,0.4547741711139679
XGBoost,2022,0.732875634,0.5373462438583374
XGBoost,2022,0.435079479,0.884993851184845
XGBoost,2022,0.384859499,0.5835527777671814
XGBoost,2022,2.190344822,1.288784384727478
XGBoost,2022,2.611229967,1.386053204536438
XGBoost,2022,1.45085095,0.8712565302848816
XGBoost,2022,1.107980275,0.9378295540809631
XGBoost,2022,1.938009616,1.0570580959320068
XGBoost,2022,1.359854697,1.2528374195098877
XGBoost,2022,1.087457015,1.3615598678588867
XGBoost,2022,0.756952343,1.0253300666809082
XGBoost,2022,0.963977629,1.6683598756790161
XGBoost,2022,0.59821066,0.916710615158081
XGBoost,2022,1.244315485,1.1080857515335083
XGBoost,2022,1.316820377,1.0320643186569214
XGBoost,2022,2.914190887,1.4702783823013306
XGBoost,2022,2.21986759,1.430661916732788
XGBoost,2022,1.659048152,1.0313721895217896
XGBoost,2022,1.236361932,1.1523815393447876
XGBoost,2022,1.197934961,0.9281925559043884
XGBoost,2022,1.272310268,1.3475342988967896
XGBoost,2022,1.410176515,1.001238226890564
XGBoost,2022,1.015501395,1.2723928689956665
XGBoost,2022,0.98870699,0.9654034972190857
XGBoost,2022,1.204982065,1.1340248584747314
XGBoost,2022,1.338623375,0.7151979207992554
XGBoost,2022,1.623694005,1.3816746473312378
XGBoost,2022,1.306509964,1.3139067888259888
XGBoost,2022,1.2270069,0.6739825010299683
XGBoost,2022,0.469672077,1.2496100664138794
XGBoost,2022,0.477947986,1.2876628637313843
XGBoost,2022,0.415657446,1.4676589965820312
XGBoost,2022,0.362401545,1.0797091722488403
XGBoost,2022,0.663074425,0.7493067383766174
XGBoost,2022,0.544120453,0.6075781583786011
XGBoost,2022,1.114533555,1.0863337516784668
XGBoost,2022,1.483595541,0.9939344525337219
XGBoost,2022,1.10371272,1.070216178894043
XGBoost,2022,2.877027842,1.2990111112594604
XGBoost,2022,2.687791795,1.50813627243042
XGBoost,2022,1.308399303,1.4803622961044312
XGBoost,2022,1.012562392,0.8836216330528259
XGBoost,2022,1.666427265,1.6178436279296875
XGBoost,2022,1.375911782,1.0333929061889648
XGBoost,2022,1.871435798,1.48346745967865
XGBoost,2022,2.60499768,1.588282585144043
XGBoost,2022,1.68389543,1.4760023355484009
XGBoost,2022,1.846327776,1.4324767589569092
XGBoost,2022,0.59837005,1.734210729598999
XGBoost,2022,2.729173195,1.5570564270019531
XGBoost,2022,0.616828179,2.453704357147217
XGBoost,2022,2.747300946,3.768716812133789
XGBoost,2022,4.771245121,2.4163646697998047
XGBoost,2022,5.266074434,2.587524890899658
XGBoost,2022,3.777110426,2.8802738189697266
XGBoost,2022,3.402147715,2.490647554397583
XGBoost,2022,3.543933515,3.7426021099090576
XGBoost,2022,4.96366427,4.485613822937012
XGBoost,2022,4.49335664,4.313432693481445
XGBoost,2022,4.0728329,4.139322280883789
XGBoost,2022,3.623087954,3.9987101554870605
XGBoost,2022,3.369498946,3.449200391769409
XGBoost,2022,4.105840809,3.6101715564727783
XGBoost,2022,3.56170691,2.987130641937256
XGBoost,2022,4.211035955,2.670403242111206
XGBoost,2022,4.586340625,2.128373146057129
XGBoost,2022,1.65586868,1.5014209747314453
XGBoost,2022,2.544231614,3.137500524520874
XGBoost,2022,2.2735381,2.109001636505127
XGBoost,2022,1.93686507,2.1975250244140625
XGBoost,2022,0.820051835,1.5736641883850098
XGBoost,2022,2.70738667,3.415285587310791
XGBoost,2022,3.430873945,3.3050146102905273
XGBoost,2022,4.062414435,2.7935452461242676
XGBoost,2022,3.8046058,2.862006902694702
XGBoost,2022,3.31330105,2.7940003871917725
XGBoost,2022,4.00086706,3.3774306774139404
XGBoost,2022,2.47282458,1.8677358627319336
XGBoost,2022,2.633827246,3.580744981765747
XGBoost,2022,3.761568675,3.3962531089782715
XGBoost,2022,4.711162815,4.047573566436768
XGBoost,2022,4.367816845,3.252342700958252
XGBoost,2022,5.271958295,3.081958293914795
XGBoost,2022,5.501717105,3.8285977840423584
XGBoost,2022,4.40297537,3.748441696166992
XGBoost,2022,5.023418525,4.548277854919434
XGBoost,2022,4.34290475,4.085968494415283
XGBoost,2022,4.25230821,2.7294657230377197
XGBoost,2022,5.48918895,5.598243236541748
XGBoost,2022,4.4604695,3.3583195209503174
XGBoost,2022,6.61318635,4.801907539367676
XGBoost,2022,3.4108192,3.495650291442871
XGBoost,2022,3.838142237,3.436732769012451
XGBoost,2022,3.526594625,3.891709566116333
XGBoost,2022,3.893791101,3.152056932449341
XGBoost,2022,3.96868165,2.479288339614868
XGBoost,2022,3.5693009,2.2380430698394775
XGBoost,2022,3.138403825,1.960092306137085
XGBoost,2022,1.736165014,1.6454774141311646
XGBoost,2022,1.737669692,1.2699414491653442
XGBoost,2022,1.963668106,1.4488633871078491
XGBoost,2022,1.43145964,1.4517388343811035
XGBoost,2022,0.862744145,1.1635189056396484
XGBoost,2022,0.95341693,0.8873714208602905
XGBoost,2022,1.033253356,1.7631151676177979
XGBoost,2022,1.32891756,1.0347435474395752
XGBoost,2022,1.301714522,1.0234293937683105
XGBoost,2022,1.065042557,0.7207147479057312
XGBoost,2022,0.626364078,0.6350226998329163
XGBoost,2022,0.72633582,1.3411314487457275
XGBoost,2022,0.57910719,0.5485497713088989
XGBoost,2022,0.447216975,0.5692395567893982
XGBoost,2022,0.20574028,0.5367240309715271
XGBoost,2022,2.489134565,1.2939047813415527
XGBoost,2022,0.08407499,2.3069519996643066
XGBoost,2022,3.549374085,3.8471410274505615
XGBoost,2022,1.337647715,2.631730794906616
XGBoost,2022,0.938318815,3.0043344497680664
XGBoost,2022,1.274655042,1.99403715133667
XGBoost,2022,1.339909674,2.0485124588012695
XGBoost,2022,0.477379321,1.9605326652526855
XGBoost,2022,1.174625627,1.0206412076950073
XGBoost,2022,1.280082213,0.9547994136810303
XGBoost,2022,0.879936881,0.7456989884376526
XGBoost,2022,0.915419651,0.8736996650695801
XGBoost,2022,0.877249296,1.0771011114120483
XGBoost,2022,0.657814945,1.1167645454406738
XGBoost,2022,0.641567255,0.9740840792655945
XGBoost,2022,0.992076955,0.9515022039413452
XGBoost,2022,3.25872421,1.099107027053833
XGBoost,2022,1.615091205,1.984040379524231
XGBoost,2022,1.634732135,2.109341859817505
XGBoost,2022,1.81846829,1.8419756889343262
XGBoost,2022,1.066751775,1.7556506395339966
XGBoost,2022,1.128575175,1.7694602012634277
XGBoost,2022,1.09556878,2.256544351577759
XGBoost,2022,0.964139242,1.6859568357467651
XGBoost,2022,1.092313298,1.7918140888214111
XGBoost,2022,0.873334296,1.4296250343322754
XGBoost,2022,0.959823367,0.6632839441299438
XGBoost,2022,0.682781075,1.4138224124908447
XGBoost,2022,2.13445749,1.4697353839874268
XGBoost,2022,1.182356299,1.0146782398223877
XGBoost,2022,0.492321375,0.6814207434654236
XGBoost,2022,0.77944903,0.7433074712753296
XGBoost,2022,1.125781355,1.0874438285827637
XGBoost,2022,0.93261341,0.6017204523086548
XGBoost,2022,0.613938374,0.356219619512558
XGBoost,2022,0.501094514,0.7031351923942566
XGBoost,2022,0.78711876,0.5684543251991272
XGBoost,2022,0.772612614,1.0355045795440674
XGBoost,2022,0.697236069,0.4021201729774475
XGBoost,2022,0.743245692,0.8366259336471558
XGBoost,2022,0.756957372,0.36609363555908203
XGBoost,2022,0.203611738,0.22477957606315613
XGBoost,2022,0.791489905,0.6350626349449158
XGBoost,2022,0.747730253,1.4916255474090576
XGBoost,2022,0.706169938,0.6712938547134399
XGBoost,2022,0.348130291,0.45170357823371887
XGBoost,2022,0.724557206,2.2284038066864014
XGBoost,2022,1.623759754,1.4730517864227295
XGBoost,2022,1.843019389,2.4297025203704834
XGBoost,2022,0.95738167,2.225712299346924
XGBoost,2022,0.000238878,2.2392091751098633
XGBoost,2022,0.207047065,0.6793237924575806
XGBoost,2022,0.466772255,0.505473256111145
XGBoost,2022,0.275731038,1.0709903240203857
XGBoost,2022,0.873003275,0.7515659928321838
XGBoost,2022,1.805252181,1.6986016035079956
XGBoost,2022,1.153302035,0.8821462988853455
XGBoost,2022,0.676135072,0.9363701343536377
XGBoost,2022,0.811647756,0.6225173473358154
XGBoost,2022,0.490891541,0.6437958478927612
XGBoost,2022,0.586155636,0.611442506313324
XGBoost,2022,0.500536552,0.5450197458267212
XGBoost,2022,0.293819758,0.5558956265449524
XGBoost,2022,0.48823095,1.2268701791763306
XGBoost,2022,1.46851902,0.29421117901802063
XGBoost,2022,0.74032283,0.8527190089225769
XGBoost,2022,0.82743075,0.42265427112579346
XGBoost,2022,0.713273884,1.1195263862609863
XGBoost,2022,0.515672642,0.7708450555801392
XGBoost,2022,0.325930874,0.24819697439670563
XGBoost,2022,0.3785549,1.4787553548812866
XGBoost,2022,0.384026215,0.6641472578048706
XGBoost,2022,0.408676723,0.6319839954376221
XGBoost,2022,0.463525128,0.5970236659049988
XGBoost,2022,0.291225881,0.7223087549209595
XGBoost,2022,0.283816489,0.4975374937057495
XGBoost,2022,0.297648808,0.35371050238609314
XGBoost,2022,0.179165369,0.4092683494091034
XGBoost,2022,0.335761788,0.5124690532684326
XGBoost,2022,0.203671896,0.321310818195343
XGBoost,2022,0.058521102,0.3269053101539612
XGBoost,2022,0.223822081,0.3340686857700348
XGBoost,2022,0.293180802,0.3319290280342102
XGBoost,2022,0.230467517,0.4074927866458893
XGBoost,2022,0.225115915,0.370418906211853
XGBoost,2022,0.997510775,1.1342782974243164
XGBoost,2022,0.881281387,0.5697301626205444
XGBoost,2022,0.319930846,0.5165238976478577
XGBoost,2022,0.172904214,0.3442736566066742
XGBoost,2022,0.127744856,0.5206975936889648
XGBoost,2022,0.208315992,0.5165515542030334
XGBoost,2022,0.205280249,0.5346518754959106
XGBoost,2022,0.161667208,0.5003218054771423
XGBoost,2022,0.145490548,0.4947889447212219
XGBoost,2022,0.150555517,0.419490247964859
XGBoost,2022,0.094909567,0.5404486656188965
XGBoost,2022,0.23396286,0.24505653977394104
XGBoost,2022,0.26808761,0.31834709644317627
XGBoost,2022,0.145151078,0.24648723006248474
XGBoost,2022,0.182787061,0.37666943669319153
XGBoost,2022,0.02628807,0.2614811956882477
XGBoost,2022,0.266222465,0.2857353389263153
XGBoost,2022,0.22321221,0.24763454496860504
XGBoost,2022,0.265510934,0.30219390988349915
XGBoost,2022,0.115667351,0.2580053508281708
XGBoost,2022,0.136164185,0.25648701190948486
XGBoost,2022,0.104136014,0.19924557209014893
XGBoost,2022,0.092056985,0.42540550231933594
XGBoost,2022,0.287832724,0.21825160086154938
XGBoost,2022,0.125920637,0.24481052160263062
XGBoost,2022,0.478374946,0.7314141988754272
XGBoost,2022,0.175844835,0.20375007390975952
XGBoost,2022,0.12564857,0.3674827814102173
XGBoost,2022,0.242280994,0.20095321536064148
XGBoost,2022,0.154494615,0.16956588625907898
XGBoost,2022,0.100843157,0.25557741522789
XGBoost,2022,0.097452221,0.26595282554626465
XGBoost,2022,0.064373122,0.2655288577079773
XGBoost,2022,0.133591936,0.29297181963920593
XGBoost,2022,0.08356511,0.31019139289855957
XGBoost,2022,0.479071221,0.4928423762321472
XGBoost,2022,0.22964699,0.4328630864620209
XGBoost,2022,0.16433073,0.1424407660961151
XGBoost,2022,0.26962522,0.15761829912662506
XGBoost,2022,1.30232806,0.19797790050506592
XGBoost,2022,0.622316147,0.19351540505886078
XGBoost,2022,0.235990053,0.25767964124679565
XGBoost,2022,0.165442933,0.3348042368888855
XGBoost,2022,0.099348418,0.34327682852745056
XGBoost,2022,0.174731887,0.27505287528038025
XGBoost,2022,0.140235302,0.27297183871269226
XGBoost,2022,0.194824212,0.34852343797683716
XGBoost,2022,0.142987488,0.2517833113670349
XGBoost,2022,0.121951415,0.18933607637882233
XGBoost,2022,0.141592477,0.31497007608413696
XGBoost,2022,0.098357108,0.2093525379896164
XGBoost,2022,0.430104647,0.3171510100364685
XGBoost,2022,0.354429191,0.4092954397201538
XGBoost,2022,0.150839497,0.3252069652080536
XGBoost,2022,0.515104451,0.14099103212356567
XGBoost,2022,0.301773357,0.15253350138664246
XGBoost,2022,0.237061688,0.22596879303455353
XGBoost,2022,0.246237435,0.1029549166560173
XGBoost,2022,0.257655806,0.1922653615474701
XGBoost,2022,0.346681669,0.08053414523601532
XGBoost,2022,0.046132767,0.1283789426088333
XGBoost,2022,0.097382142,0.1463981419801712
XGBoost,2022,0.213122748,0.057932525873184204
XGBoost,2022,0.342873244,0.346596360206604
XGBoost,2022,0.311704134,0.2838665246963501
XGBoost,2022,0.270472337,0.22905486822128296
XGBoost,2022,0.294387243,0.7448798418045044
XGBoost,2022,0.199001201,0.605486273765564
XGBoost,2022,0.13258668,0.15517093241214752
XGBoost,2022,0.237201965,0.34747210144996643
XGBoost,2023,0.069221142,0.3873489201068878
XGBoost,2023,0.071217409,0.3044823110103607
XGBoost,2023,0.03909555,0.378244012594223
XGBoost,2023,0.002833806,0.5809032320976257
XGBoost,2023,0.002891641,0.5799442529678345
XGBoost,2023,0.027325901,0.8863948583602905
XGBoost,2023,0.007235016,0.986483633518219
XGBoost,2023,0.142955585,0.4326685965061188
XGBoost,2023,0.081296885,0.5952942371368408
XGBoost,2023,0.100082664,0.4194977283477783
XGBoost,2023,0.139561368,0.45348984003067017
XGBoost,2023,0.008690999,0.4047430753707886
XGBoost,2023,0.230405491,0.4257396459579468
XGBoost,2023,0.148254556,0.5966513752937317
XGBoost,2023,0.214281406,0.6052557826042175
XGBoost,2023,0.116014821,0.24193744361400604
XGBoost,2023,0.165862045,0.5083979368209839
XGBoost,2023,0.502394294,0.591560959815979
XGBoost,2023,0.334452989,0.1700562834739685
XGBoost,2023,0.024371979,0.32386651635169983
XGBoost,2023,0.073078425,0.36663544178009033
XGBoost,2023,0.005895045,0.4967721104621887
XGBoost,2023,0.004087908,0.4714870750904083
XGBoost,2023,0.01172871,0.30980128049850464
XGBoost,2023,0.082007918,0.33898186683654785
XGBoost,2023,0.368754455,0.31072643399238586
XGBoost,2023,0.219703315,0.36123037338256836
XGBoost,2023,0.094937005,0.22600211203098297
XGBoost,2023,0.045274746,0.10067719966173172
XGBoost,2023,0.059521694,0.14321093261241913
XGBoost,2023,0.044371475,0.13447052240371704
XGBoost,2023,0.015443945,0.20171737670898438
XGBoost,2023,0.069033181,0.376255065202713
XGBoost,2023,0.284574738,0.34973257780075073
XGBoost,2023,0.124155942,0.2608618438243866
XGBoost,2023,0.092392048,0.4103706479072571
XGBoost,2023,0.197951499,0.5907037854194641
XGBoost,2023,0.029372596,0.7970203757286072
XGBoost,2023,0.062546135,0.38998785614967346
XGBoost,2023,0.2239212,0.0652492344379425
XGBoost,2023,0.004670836,0.2154361754655838
XGBoost,2023,0.032056966,0.3849584460258484
XGBoost,2023,0.07542078,0.40635737776756287
XGBoost,2023,0.357236785,0.32846930623054504
XGBoost,2023,1.550160315,0.28450721502304077
XGBoost,2023,0.697368775,0.283463716506958
XGBoost,2023,0.004590859,0.3062931001186371
XGBoost,2023,0.08757009,0.3285745680332184
XGBoost,2023,0.244264689,0.358158677816391
XGBoost,2023,0.042089235,0.2611653804779053
XGBoost,2023,0.218360828,0.2684301733970642
XGBoost,2023,0.162874799,0.5804449319839478
XGBoost,2023,0.38360905,0.10371043533086777
XGBoost,2023,0.03278525,0.029325783252716064
XGBoost,2023,0.02548107,0.15440580248832703
XGBoost,2023,0.087166205,0.22398369014263153
XGBoost,2023,0.309284593,0.3259877562522888
XGBoost,2023,0.49377121,0.49140477180480957
XGBoost,2023,0.756513585,0.4925999045372009
XGBoost,2023,0.616817843,0.2575826048851013
XGBoost,2023,0.216506468,0.4678725004196167
XGBoost,2023,0.364684211,0.759414553642273
XGBoost,2023,0.23629321,0.5514523386955261
XGBoost,2023,1.000807517,0.7564743757247925
XGBoost,2023,0.39766602,0.6017197370529175
XGBoost,2023,0.28985964,0.6211026310920715
XGBoost,2023,0.47071153,0.6569302082061768
XGBoost,2023,0.270599643,0.8716201782226562
XGBoost,2023,0.544902721,0.43710118532180786
XGBoost,2023,2.08142344,0.5597997903823853
XGBoost,2023,0.66879505,0.5949233770370483
XGBoost,2023,0.709734915,0.6603610515594482
XGBoost,2023,1.164263682,0.7664525508880615
XGBoost,2023,1.884206879,0.8744430541992188
XGBoost,2023,1.042922915,0.35451486706733704
XGBoost,2023,0.421032325,0.4886048138141632
XGBoost,2023,0.24602212,0.29530417919158936
XGBoost,2023,0.609077891,0.3621552884578705
XGBoost,2023,0.847911277,0.6649295091629028
XGBoost,2023,0.677964142,0.580522894859314
XGBoost,2023,0.327631245,0.6168585419654846
XGBoost,2023,0.596419973,0.7304568886756897
XGBoost,2023,0.494054612,0.7109115719795227
XGBoost,2023,0.627397625,0.5114596486091614
XGBoost,2023,0.618359702,0.7613974213600159
XGBoost,2023,0.505499525,0.38149991631507874
XGBoost,2023,0.259357605,1.259982943534851
XGBoost,2023,0.222667435,0.9461929798126221
XGBoost,2023,2.390886405,1.2785550355911255
XGBoost,2023,2.957258325,1.0323246717453003
XGBoost,2023,2.124273845,1.0534120798110962
XGBoost,2023,1.995304111,0.9036667346954346
XGBoost,2023,1.840286172,0.9515260457992554
XGBoost,2023,0.69042031,0.6792746186256409
XGBoost,2023,0.271838865,0.8650793433189392
XGBoost,2023,0.840805046,0.9767910838127136
XGBoost,2023,0.92678864,0.2788378596305847
XGBoost,2023,0.692137315,0.2687453627586365
XGBoost,2023,0.55768247,0.5045005083084106
XGBoost,2023,0.53032274,0.5612822771072388
XGBoost,2023,0.74933998,0.2587362229824066
XGBoost,2023,0.57385696,0.40309450030326843
XGBoost,2023,0.53028973,0.37158215045928955
XGBoost,2023,0.43403678,0.6953003406524658
XGBoost,2023,0.960684555,1.3207249641418457
XGBoost,2023,0.994548101,0.7300564646720886
XGBoost,2023,0.708727971,0.3673831522464752
XGBoost,2023,0.634718345,0.43118828535079956
XGBoost,2023,1.378385275,1.7340699434280396
XGBoost,2023,2.15900754,0.883468508720398
XGBoost,2023,0.178754596,0.9041251540184021
XGBoost,2023,0.368652352,0.7538976073265076
XGBoost,2023,0.310900355,0.7759008407592773
XGBoost,2023,0.87359649,0.9232815504074097
XGBoost,2023,1.18032704,1.1107032299041748
XGBoost,2023,1.691084308,1.2105603218078613
XGBoost,2023,1.69417451,0.5790174007415771
XGBoost,2023,0.944482711,0.6268007755279541
XGBoost,2023,0.443487737,0.21180002391338348
XGBoost,2023,0.482026512,0.40525391697883606
XGBoost,2023,0.428590425,0.3331085741519928
XGBoost,2023,0.352118327,0.7614695429801941
XGBoost,2023,0.634619151,0.867611825466156
XGBoost,2023,0.609302631,0.9122039675712585
XGBoost,2023,0.40431859,0.7878726124763489
XGBoost,2023,1.549798275,1.7922816276550293
XGBoost,2023,1.603407073,1.382949709892273
XGBoost,2023,2.600050725,1.4425883293151855
XGBoost,2023,2.174489065,0.9860055446624756
XGBoost,2023,2.460134108,1.2402507066726685
XGBoost,2023,3.123820957,2.2369582653045654
XGBoost,2023,2.097796101,1.661881923675537
XGBoost,2023,2.493803185,1.1279898881912231
XGBoost,2023,2.101778252,1.463200330734253
XGBoost,2023,3.439413916,2.40578556060791
XGBoost,2023,3.562755749,2.018000841140747
XGBoost,2023,2.21332111,1.8426470756530762
XGBoost,2023,1.95882501,3.14434814453125
XGBoost,2023,2.606957239,2.028071880340576
XGBoost,2023,2.097487165,2.7862303256988525
XGBoost,2023,2.138665405,1.6699192523956299
XGBoost,2023,1.539096345,2.286999464035034
XGBoost,2023,1.14220905,1.6241055727005005
XGBoost,2023,1.1429016,1.6604844331741333
XGBoost,2023,1.417014865,1.937493085861206
XGBoost,2023,5.02794541,3.8054471015930176
XGBoost,2023,4.127320155,2.7563323974609375
XGBoost,2023,4.599626425,3.1578588485717773
XGBoost,2023,2.034649458,1.111977219581604
XGBoost,2023,1.697336905,2.3231441974639893
XGBoost,2023,3.39252332,1.3005963563919067
XGBoost,2023,4.002980296,2.9796524047851562
XGBoost,2023,0.91106107,1.2050416469573975
XGBoost,2023,1.826391825,1.5323539972305298
XGBoost,2023,1.94034487,1.4257347583770752
XGBoost,2023,2.26101589,1.855569839477539
XGBoost,2023,2.2701929,2.3740766048431396
XGBoost,2023,1.5901083,1.0652605295181274
XGBoost,2023,3.85555177,2.058149576187134
XGBoost,2023,3.02255595,2.7270469665527344
XGBoost,2023,1.59340544,1.783065676689148
XGBoost,2023,2.81300228,2.261246919631958
XGBoost,2023,5.258734685,2.3705930709838867
XGBoost,2023,3.806230019,2.1622984409332275
XGBoost,2023,2.039229295,2.968977212905884
XGBoost,2023,3.25397188,1.31623375415802
XGBoost,2023,3.94528497,2.611435890197754
XGBoost,2023,4.214379925,1.9392911195755005
XGBoost,2023,3.993839945,2.7135095596313477
XGBoost,2023,1.879467085,2.3477258682250977
XGBoost,2023,1.90340925,2.123610734939575
XGBoost,2023,1.53074565,1.9733128547668457
XGBoost,2023,1.967746656,2.2236557006835938
XGBoost,2023,4.83967245,2.121959924697876
XGBoost,2023,2.83748474,2.953958034515381
XGBoost,2023,4.690074148,2.2521257400512695
XGBoost,2023,3.532745695,2.2674672603607178
XGBoost,2023,2.31855257,2.056851863861084
XGBoost,2023,1.98474298,2.4845235347747803
XGBoost,2023,1.03717315,1.0310084819793701
XGBoost,2023,2.124428415,1.4688538312911987
XGBoost,2023,3.393165675,1.7467684745788574
XGBoost,2023,2.063826665,1.4238802194595337
XGBoost,2023,3.61963713,2.870678424835205
XGBoost,2023,1.44891595,2.0040738582611084
XGBoost,2023,1.3979894,2.0249152183532715
XGBoost,2023,2.91211305,3.139840841293335
XGBoost,2023,1.040043407,2.82243275642395
XGBoost,2023,1.522724715,2.6403119564056396
XGBoost,2023,0.88021249,1.9874461889266968
XGBoost,2023,1.18837286,1.599232792854309
XGBoost,2023,1.389424759,1.3184943199157715
XGBoost,2023,1.214003082,0.5812830328941345
XGBoost,2023,2.78198865,1.20231032371521
XGBoost,2023,3.9795538,2.1267659664154053
XGBoost,2023,3.62930901,2.503890037536621
XGBoost,2023,2.034824,3.0306589603424072
XGBoost,2023,3.49506875,2.1790757179260254
XGBoost,2023,1.77597625,2.3530187606811523
XGBoost,2023,1.779427765,2.9756882190704346
XGBoost,2023,2.238461235,2.5572969913482666
XGBoost,2023,2.714181631,2.172578811645508
XGBoost,2023,2.621117255,3.006931781768799
XGBoost,2023,1.950487805,1.9824594259262085
XGBoost,2023,1.84830019,2.1043434143066406
XGBoost,2023,0.81812182,1.8183790445327759
XGBoost,2023,0.83412518,1.47871732711792
XGBoost,2023,1.12687126,0.5550827383995056
XGBoost,2023,0.687667282,0.7129942178726196
XGBoost,2023,0.777885405,0.7246188521385193
XGBoost,2023,0.750355226,0.448652446269989
XGBoost,2023,0.82101218,0.43755611777305603
XGBoost,2023,0.913241795,0.45531967282295227
XGBoost,2023,0.81428844,1.201541543006897
XGBoost,2023,0.56168558,0.4644871950149536
XGBoost,2023,0.554260419,0.7961172461509705
XGBoost,2023,1.042688335,0.713864803314209
XGBoost,2023,0.7465107,2.8302595615386963
XGBoost,2023,0.9316135,1.1070153713226318
XGBoost,2023,1.0122461,0.8715400695800781
XGBoost,2023,0.66739103,1.045373797416687
XGBoost,2023,0.764876615,1.0846952199935913
XGBoost,2023,0.558973015,0.9551966786384583
XGBoost,2023,0.310507524,0.6702966094017029
XGBoost,2023,0.381633713,0.5409896373748779
XGBoost,2023,0.506697099,0.9201929569244385
XGBoost,2023,0.365737827,0.3768965005874634
XGBoost,2023,0.183384931,0.6029053330421448
XGBoost,2023,0.443889916,0.8432212471961975
XGBoost,2023,0.250080315,0.9080126285552979
XGBoost,2023,0.823475996,1.6332110166549683
XGBoost,2023,1.66806942,0.9463120698928833
XGBoost,2023,2.871891363,1.2676301002502441
XGBoost,2023,2.047910894,0.786634624004364
XGBoost,2023,0.2061593,0.6713399887084961
XGBoost,2023,0.362836007,0.33898940682411194
XGBoost,2023,0.585137405,0.5355843901634216
XGBoost,2023,0.661536319,0.936715304851532
XGBoost,2023,0.352171561,0.28605392575263977
XGBoost,2023,0.313641535,0.3231499493122101
XGBoost,2023,0.263856966,0.09329934418201447
XGBoost,2023,0.338484813,0.38648298382759094
XGBoost,2023,0.441524431,0.6520944833755493
XGBoost,2023,0.36508977,0.37141066789627075
XGBoost,2023,0.01443711,0.3019169270992279
XGBoost,2023,1.28403138,1.039176344871521
XGBoost,2023,0.76711779,0.865222156047821
XGBoost,2023,0.73080706,1.1682740449905396
XGBoost,2023,0.775340323,1.1377034187316895
XGBoost,2023,0.98679453,0.9339253902435303
XGBoost,2023,0.74076705,1.003645658493042
XGBoost,2023,0.744650995,0.9324712157249451
XGBoost,2023,0.774072725,0.9227942824363708
XGBoost,2023,0.66257967,1.048993706703186
XGBoost,2023,0.484198044,0.8112452626228333
XGBoost,2023,0.670262114,0.36049509048461914
XGBoost,2023,0.05901942,0.2735052704811096
XGBoost,2023,0.16556866,0.6544321179389954
XGBoost,2023,0.247125475,0.36574384570121765
XGBoost,2023,0.207834908,0.2896282374858856
XGBoost,2023,0.02552897,0.6001201272010803
XGBoost,2023,0.248247923,0.6319427490234375
XGBoost,2023,1.068371541,0.6212841272354126
XGBoost,2023,1.72289017,0.7796009182929993
XGBoost,2023,1.120407931,0.6352655291557312
XGBoost,2023,0.931823546,0.6882675886154175
XGBoost,2023,1.018055052,0.36337748169898987
XGBoost,2023,0.824095497,0.6418707966804504
XGBoost,2023,0.937609955,0.7088873982429504
XGBoost,2023,0.477193598,0.6923638582229614
XGBoost,2023,0.376544659,0.5872780680656433
XGBoost,2023,0.284543196,0.47658297419548035
XGBoost,2023,0.671834861,0.4846391975879669
XGBoost,2023,0.587196655,0.5992043614387512
XGBoost,2023,0.67810873,0.6120830774307251
XGBoost,2023,0.784541984,0.5488833785057068
XGBoost,2023,0.64741234,0.6649819612503052
XGBoost,2023,0.396559619,0.002160601317882538
XGBoost,2023,0.484877876,0.28526413440704346
XGBoost,2023,0.468141904,0.25555169582366943
XGBoost,2023,0.520938932,0.2880185842514038
XGBoost,2023,1.778792399,0.3725247085094452
XGBoost,2023,0.569733343,0.32413628697395325
XGBoost,2023,0.679856628,0.471494197845459
XGBoost,2023,0.205514608,0.14042657613754272
XGBoost,2023,0.274608225,0.12675541639328003
XGBoost,2023,0.147865847,0.11905831098556519
XGBoost,2023,0.00831064,0.4301259517669678
XGBoost,2023,0.066790762,0.28329646587371826
XGBoost,2023,0.28149852,0.2765434980392456
XGBoost,2023,0.498666523,0.4371313750743866
XGBoost,2023,0.098158507,0.13090896606445312
XGBoost,2023,0.148985366,0.20852534472942352
XGBoost,2023,0.212691349,0.09616972506046295
XGBoost,2023,0.226865912,0.2684137225151062
XGBoost,2023,0.263397654,0.15054066479206085
XGBoost,2023,0.315097272,0.21657831966876984
XGBoost,2023,0.429919626,0.48213937878608704
XGBoost,2023,0.586244624,0.19930127263069153
XGBoost,2023,0.341776614,0.162866473197937
XGBoost,2023,0.014474691,0.13602949678897858
XGBoost,2023,0.214748197,0.19269144535064697
XGBoost,2023,0.220122382,0.1637962907552719
XGBoost,2023,0.060710942,0.22433385252952576
XGBoost,2023,0.069208426,0.11552008986473083
XGBoost,2023,0.116743221,0.309699684381485
XGBoost,2023,1.17676115,0.7208594083786011
XGBoost,2023,0.538400558,0.6331729888916016
XGBoost,2023,0.781455999,0.5744907259941101
XGBoost,2023,0.345078352,0.6369783282279968
XGBoost,2023,0.555760057,0.40326014161109924
XGBoost,2023,0.347351267,0.5925410389900208
XGBoost,2023,0.447958291,0.6200078725814819
XGBoost,2023,0.31919479,0.6988108158111572
XGBoost,2023,0.456400054,0.657623827457428
XGBoost,2023,1.60110638,0.5070735216140747
XGBoost,2023,1.15918899,0.1502138376235962
XGBoost,2023,1.2352938,0.31112754344940186
XGBoost,2023,1.406779271,0.12255680561065674
XGBoost,2023,0.068416156,0.17003875970840454
XGBoost,2023,0.12416914,0.18880996108055115
XGBoost,2023,0.098579575,0.11889660358428955
XGBoost,2023,0.095448364,0.16049201786518097
XGBoost,2023,0.083477993,0.30379632115364075
XGBoost,2023,0.062179838,0.19587582349777222
XGBoost,2023,0.101411339,0.2571060359477997
XGBoost,2023,0.127199735,0.5371500253677368
XGBoost,2023,0.052780047,0.41663938760757446
XGBoost,2023,0.081152463,0.6509609818458557
XGBoost,2023,0.03789026,0.7516141533851624
XGBoost,2023,0.18583169,0.6175139546394348
XGBoost,2023,0.19149725,0.4890109598636627
XGBoost,2023,0.096788254,0.3132142722606659
XGBoost,2023,0.128501275,0.3858507573604584
XGBoost,2023,0.050393885,0.34875914454460144
XGBoost,2023,0.287707835,0.3858652710914612
XGBoost,2023,0.173683059,0.5505711436271667
XGBoost,2023,0.15611729,0.5754756331443787
XGBoost,2023,0.17466969,0.24924655258655548
XGBoost,2023,0.082192864,0.5496460795402527
XGBoost,2023,0.1130314,0.457729697227478
XGBoost,2023,0.247530448,0.15388014912605286
XGBoost,2023,0.048618841,0.20389772951602936
XGBoost,2023,0.138687751,0.5202665328979492
XGBoost,2023,0.076109651,0.5903505086898804
XGBoost,2023,0.065241396,0.7235325574874878
XGBoost,2023,0.082537116,0.301412969827652
XGBoost,2023,0.203312955,0.3504132628440857
XGBoost,2023,0.499638465,0.3214310109615326
XGBoost,2023,0.379289012,0.3719349503517151
XGBoost,2023,0.088314335,0.4388587772846222
XGBoost,2023,0.03965242,0.11626627296209335
XGBoost,2023,0.072042385,0.13667476177215576
XGBoost,2023,0.08204294,0.2000172734260559
XGBoost,2023,0.130623778,0.14992037415504456
XGBoost,2023,0.156712839,0.3690377175807953
XGBoost,2023,0.396962591,0.32795771956443787
XGBoost,2023,0.435300437,0.24955809116363525
XGBoost,2023,0.373386365,0.39293017983436584
XGBoost,2023,0.58008173,0.43362632393836975
XGBoost,2023,0.245582725,0.7554695010185242
XGBoost,2023,0.418701209,0.3458554148674011
XGBoost,2023,0.542159896,0.12471869587898254
XGBoost,2023,0.184300968,0.1618269830942154
XGBoost,2023,0.154695982,0.37683895230293274
XGBoost,2023,0.341028057,0.4457438290119171
XGBoost,2023,0.42395319,0.3441557288169861
XGBoost,2023,2.013245642,0.2883804142475128
XGBoost,2023,0.39177118,0.28051140904426575
XGBoost,2023,0.032288655,0.19075898826122284
XGBoost,2023,0.12017968,0.3048819303512573
XGBoost,2023,0.40731963,0.34034234285354614
XGBoost,2023,0.170837771,0.42851001024246216
XGBoost,2023,0.205654978,0.2064186930656433
XGBoost,2023,0.262740344,0.5768594741821289
XGBoost,2023,0.472853345,0.11227723211050034
XGBoost,2023,0.121666579,0.02016329951584339
XGBoost,2023,0.125899073,0.1587306261062622
XGBoost,2023,0.269478067,0.2523842751979828
XGBoost,2023,0.471572832,0.30773496627807617
XGBoost,2023,0.971616919,0.5250964760780334
XGBoost,2023,1.567554336,0.4925999045372009
XGBoost,2023,0.716960244,0.2575826048851013
XGBoost,2023,0.631188677,0.4678725004196167
XGBoost,2023,0.755919755,0.7634962797164917
XGBoost,2023,0.40049655,0.46719124913215637
XGBoost,2023,1.168774805,0.7265390157699585
XGBoost,2023,0.620268315,0.6548903584480286
XGBoost,2023,0.442007605,0.6353850364685059
XGBoost,2023,0.391148656,0.710028886795044
XGBoost,2023,0.722747319,1.123459815979004
XGBoost,2023,0.731867571,0.44528070092201233
XGBoost,2023,1.451654754,0.7322840094566345
XGBoost,2023,0.88824345,0.7568292617797852
XGBoost,2023,1.06386154,0.8210830688476562
XGBoost,2023,1.039858215,0.8457815051078796
XGBoost,2023,2.725156568,0.953955352306366
XGBoost,2023,2.02681599,0.4102782607078552
XGBoost,2023,1.043302337,0.5833480954170227
XGBoost,2023,0.660713452,0.45052051544189453
XGBoost,2023,0.82127958,0.5476816892623901
XGBoost,2023,0.807551639,0.7138177156448364
XGBoost,2023,0.651343913,0.5077468752861023
XGBoost,2023,0.432591069,0.5763654112815857
XGBoost,2023,0.734264217,0.662605881690979
XGBoost,2023,0.533772675,0.6903885006904602
XGBoost,2023,0.894835083,0.48761439323425293
XGBoost,2023,0.872233336,0.6905874609947205
XGBoost,2023,0.265712846,0.45124518871307373
XGBoost,2023,0.51931149,1.0293174982070923
XGBoost,2023,0.364772929,0.9118701815605164
XGBoost,2023,2.399562501,1.2214587926864624
XGBoost,2023,0.28746464,0.9015723466873169
XGBoost,2023,0.1793931,0.9263940453529358
XGBoost,2023,0.66610799,0.6060075759887695
XGBoost,2023,0.882555465,0.742901086807251
XGBoost,2023,0.897250751,0.8306146264076233
XGBoost,2023,0.887653541,0.19614648818969727
XGBoost,2023,0.637920427,0.3982974588871002
XGBoost,2023,0.581929946,0.44863057136535645
XGBoost,2023,0.591329279,0.36591649055480957
XGBoost,2023,1.1069304,-0.08685392886400223
XGBoost,2023,0.640029829,0.3988269567489624
XGBoost,2023,0.771037254,0.3511304557323456
XGBoost,2023,0.467964466,0.49577048420906067
XGBoost,2023,1.5294415,1.5376572608947754
XGBoost,2023,0.900309355,0.5371551513671875
XGBoost,2023,0.76388597,0.2905890941619873
XGBoost,2023,0.93450354,0.38528329133987427
XGBoost,2023,1.04646457,1.4726654291152954
XGBoost,2023,2.13083353,0.7411350011825562
XGBoost,2023,0.83154705,0.6469447016716003
XGBoost,2023,0.373637967,0.901001513004303
XGBoost,2023,0.415189498,0.7911123037338257
XGBoost,2023,0.369981475,0.835056483745575
XGBoost,2023,0.834426715,1.0644527673721313
XGBoost,2023,1.137156075,1.2260308265686035
XGBoost,2023,1.84674599,1.3816262483596802
XGBoost,2023,1.891422175,0.6036067605018616
XGBoost,2023,0.887790104,0.7035466432571411
XGBoost,2023,0.463121556,0.7347187995910645
XGBoost,2023,0.480319666,0.8007603287696838
XGBoost,2023,0.428590425,0.563437283039093
XGBoost,2023,0.352118327,0.9468573331832886
XGBoost,2023,0.634619151,0.9643104076385498
XGBoost,2023,0.609302631,0.8182727694511414
XGBoost,2023,0.40431859,1.114208698272705
XGBoost,2023,1.549798275,2.043646812438965
XGBoost,2023,1.603407073,1.2546586990356445
XGBoost,2023,2.600050725,1.5007903575897217
XGBoost,2023,2.174489065,1.1898008584976196
XGBoost,2023,2.460134108,1.5858750343322754
XGBoost,2023,3.123820957,2.4448249340057373
XGBoost,2023,2.097796101,2.011206865310669
XGBoost,2023,2.493803185,1.5015640258789062
XGBoost,2023,2.101778252,1.5978449583053589
XGBoost,2023,3.439413916,2.6936609745025635
XGBoost,2023,3.562755749,2.573460817337036
XGBoost,2023,2.21332111,1.727759838104248
XGBoost,2023,1.95882501,2.6259586811065674
XGBoost,2023,2.606957239,1.5773371458053589
XGBoost,2023,2.097487165,1.7823960781097412
XGBoost,2023,2.138665405,1.1197758913040161
XGBoost,2023,1.539096345,2.3351833820343018
XGBoost,2023,1.14220905,1.7698394060134888
XGBoost,2023,1.1429016,1.2836413383483887
XGBoost,2023,1.417014865,1.706594705581665
XGBoost,2023,5.02794541,3.202159881591797
XGBoost,2023,4.127320155,2.5112223625183105
XGBoost,2023,4.599626425,2.659214735031128
XGBoost,2023,2.034649458,1.630611538887024
XGBoost,2023,1.697336905,2.434356212615967
XGBoost,2023,2.38926626,2.1957337856292725
XGBoost,2023,3.753417195,2.8267948627471924
XGBoost,2023,1.646913481,1.212506890296936
XGBoost,2023,2.293438248,1.963517427444458
XGBoost,2023,3.12225766,2.2240359783172607
XGBoost,2023,2.643278075,1.6641484498977661
XGBoost,2023,1.851084905,1.8467284440994263
XGBoost,2023,1.7105831,1.8683284521102905
XGBoost,2023,1.97238161,2.02069091796875
XGBoost,2023,1.408862235,2.240600824356079
XGBoost,2023,2.954322985,2.1644251346588135
XGBoost,2023,3.0985462,2.633495569229126
XGBoost,2023,1.817331395,1.6865408420562744
XGBoost,2023,3.138898829,2.3980259895324707
XGBoost,2023,5.334706245,2.4268672466278076
XGBoost,2023,3.561937555,2.3509864807128906
XGBoost,2023,2.091928085,3.0805270671844482
XGBoost,2023,1.951290084,1.2940348386764526
XGBoost,2023,4.005193555,2.34415340423584
XGBoost,2023,3.993924996,1.9116795063018799
XGBoost,2023,4.709578842,2.8273277282714844
XGBoost,2023,2.052437815,2.285198211669922
XGBoost,2023,2.036178995,2.345393657684326
XGBoost,2023,2.32908645,2.2805206775665283
XGBoost,2023,1.6011911,1.9226669073104858
XGBoost,2023,4.4272363,2.371652364730835
XGBoost,2023,2.45722335,2.784881353378296
XGBoost,2023,4.175364113,2.208064079284668
XGBoost,2023,3.323486583,2.186972141265869
XGBoost,2023,1.033028305,1.8379286527633667
XGBoost,2023,1.518692385,1.0562412738800049
XGBoost,2023,2.134668325,1.4688538312911987
XGBoost,2023,3.290238125,1.7467684745788574
XGBoost,2023,2.137436275,1.4238802194595337
XGBoost,2023,3.621291294,2.870678424835205
XGBoost,2023,2.961231831,2.0157995223999023
XGBoost,2023,3.1617194,2.015368938446045
XGBoost,2023,1.85899872,2.047508716583252
XGBoost,2023,2.23939252,2.6544880867004395
XGBoost,2023,1.298148527,2.513118028640747
XGBoost,2023,1.957163975,2.524611473083496
XGBoost,2023,1.19773556,1.8402270078659058
XGBoost,2023,1.483542445,1.6105281114578247
XGBoost,2023,1.98747089,1.2624093294143677
XGBoost,2023,1.693214795,0.7534469366073608
XGBoost,2023,2.833527265,1.2758526802062988
XGBoost,2023,3.80651972,2.2617716789245605
XGBoost,2023,3.625896051,2.492105722427368
XGBoost,2023,3.16439059,2.4909727573394775
XGBoost,2023,2.379922443,2.5761327743530273
XGBoost,2023,2.59773884,2.6639559268951416
XGBoost,2023,3.336473915,2.0684192180633545
XGBoost,2023,2.288209835,2.5259737968444824
XGBoost,2023,1.95068362,2.93036150932312
XGBoost,2023,1.089818235,2.7067348957061768
XGBoost,2023,0.868012204,2.586472749710083
XGBoost,2023,0.98684137,1.582420825958252
XGBoost,2023,4.07831831,1.6369155645370483
XGBoost,2023,4.54433065,1.742326021194458
XGBoost,2023,3.046029145,2.020129680633545
XGBoost,2023,2.58815568,1.8179703950881958
XGBoost,2023,2.20577855,2.6312410831451416
XGBoost,2023,2.728093847,1.7325140237808228
XGBoost,2023,2.155795058,2.5904014110565186
XGBoost,2023,1.954307785,2.1331546306610107
XGBoost,2023,2.92482843,3.023106098175049
XGBoost,2023,2.221694699,1.8783810138702393
XGBoost,2023,1.800496845,2.5039899349212646
XGBoost,2023,1.157017403,1.0603537559509277
XGBoost,2023,0.984776221,1.3833290338516235
XGBoost,2023,1.010079143,1.744489312171936
XGBoost,2023,0.923058513,1.625345230102539
XGBoost,2023,1.494137242,0.6234279870986938
XGBoost,2023,0.618736108,0.966927170753479
XGBoost,2023,1.126744591,0.7610751390457153
XGBoost,2023,1.143971662,0.550525426864624
XGBoost,2023,1.18085725,0.8134353160858154
XGBoost,2023,1.692044385,0.4593469202518463
XGBoost,2023,1.491858155,1.1731839179992676
XGBoost,2023,0.798551294,0.49267449975013733
XGBoost,2023,0.658239489,0.7671193480491638
XGBoost,2023,1.686040266,0.7383446097373962
XGBoost,2023,2.98834805,1.9498674869537354
XGBoost,2023,1.561578398,1.4990248680114746
XGBoost,2023,1.438925602,2.9052836894989014
XGBoost,2023,0.87405622,1.3648055791854858
XGBoost,2023,1.124749095,0.9897807240486145
XGBoost,2023,0.617472358,1.0802491903305054
XGBoost,2023,0.80258571,1.5043890476226807
XGBoost,2023,0.67961792,1.1021826267242432
XGBoost,2023,0.715917512,1.4581489562988281
XGBoost,2023,0.821485362,1.1925263404846191
XGBoost,2023,0.479455149,0.6745734214782715
XGBoost,2023,0.523213698,0.44564002752304077
XGBoost,2023,0.899653787,0.9532730579376221
XGBoost,2023,0.441962654,0.4616355895996094
XGBoost,2023,0.57878256,1.0237141847610474
XGBoost,2023,0.72413732,0.9508256316184998
XGBoost,2023,0.30079363,0.6593106985092163
XGBoost,2023,0.515162295,1.0173646211624146
XGBoost,2023,0.382631835,0.8284664154052734
XGBoost,2023,0.832850727,1.6487159729003906
XGBoost,2023,1.85655043,1.2610427141189575
XGBoost,2023,3.06180853,1.2427599430084229
XGBoost,2023,1.692840622,0.778729259967804
XGBoost,2023,1.317762856,0.7483941316604614
XGBoost,2023,1.057364524,0.7199850678443909
XGBoost,2023,0.767660635,0.7442138195037842
XGBoost,2023,0.639268027,1.548590898513794
XGBoost,2023,0.50346714,1.5687564611434937
XGBoost,2023,0.966512198,1.5252166986465454
XGBoost,2023,0.642911175,0.7978535294532776
XGBoost,2023,0.511536583,0.581673264503479
XGBoost,2023,0.280014294,0.4373963177204132
XGBoost,2023,0.37556622,0.4781319499015808
XGBoost,2023,0.524313405,0.395521342754364
XGBoost,2023,0.365206549,0.378866970539093
XGBoost,2023,0.723826855,1.7310470342636108
XGBoost,2023,0.412315807,0.28004196286201477
XGBoost,2023,0.693192455,0.5267667174339294
XGBoost,2023,0.606315644,0.4791586101055145
XGBoost,2023,0.364755176,0.33218666911125183
XGBoost,2023,0.332878997,0.293339341878891
XGBoost,2023,0.317021176,0.2149905264377594
XGBoost,2023,0.286607272,0.2902248203754425
XGBoost,2023,0.41874259,0.27610546350479126
XGBoost,2023,0.37836941,0.3099307119846344
XGBoost,2023,0.451571263,0.3694908916950226
XGBoost,2023,0.522076423,0.8180562257766724
XGBoost,2023,1.652928648,0.872617781162262
XGBoost,2023,3.07118026,0.8808664083480835
XGBoost,2023,0.865768833,0.9144492745399475
XGBoost,2023,0.82989472,1.0973058938980103
XGBoost,2023,0.758166311,1.0753788948059082
XGBoost,2023,0.822001761,0.8395174145698547
XGBoost,2023,0.816273523,0.9160513281822205
XGBoost,2023,0.650147655,0.8640970587730408
XGBoost,2023,0.674607053,0.8544201254844666
XGBoost,2023,0.597750271,1.296064019203186
XGBoost,2023,0.494324596,1.0088160037994385
XGBoost,2023,0.674704982,0.5168458223342896
XGBoost,2023,0.430341215,0.5016865134239197
XGBoost,2023,0.426575838,0.359887033700943
XGBoost,2023,0.901353,0.3330436646938324
XGBoost,2023,0.780428976,0.6691477298736572
XGBoost,2023,0.2173865,0.5598490238189697
XGBoost,2023,0.506648206,0.37846121191978455
XGBoost,2023,0.33072787,0.555033266544342
XGBoost,2023,0.926463308,0.4447875916957855
XGBoost,2023,1.194822865,0.3999212980270386
XGBoost,2023,1.231049634,0.444974809885025
XGBoost,2023,0.812570619,0.1937815099954605
XGBoost,2023,0.763750164,0.2973945438861847
XGBoost,2023,0.763112655,0.07346972823143005
XGBoost,2023,0.689240836,0.3676729202270508
XGBoost,2023,0.728768569,0.42516404390335083
XGBoost,2023,0.458253499,0.33957746624946594
XGBoost,2023,0.518614041,0.17309364676475525
XGBoost,2023,0.450654487,0.609009861946106
XGBoost,2023,0.594454168,0.4837011992931366
XGBoost,2023,0.527201363,0.4650382697582245
XGBoost,2023,0.547614218,0.4484323561191559
XGBoost,2023,0.57366981,0.3343247175216675
XGBoost,2023,0.53343523,0.3989603519439697
XGBoost,2023,0.359358764,0.0567660853266716
XGBoost,2023,0.492370666,0.34192800521850586
XGBoost,2023,0.459649177,0.3269619643688202
XGBoost,2023,0.429269688,0.37080129981040955
XGBoost,2023,1.46458978,0.2615758180618286
XGBoost,2023,0.445491291,0.4069189131259918
XGBoost,2023,0.565753165,0.44430336356163025
XGBoost,2023,0.198532746,0.24461771547794342
XGBoost,2023,0.2498168,0.2318817675113678
XGBoost,2023,0.081672855,0.23245207965373993
XGBoost,2023,0.525205514,0.6239322423934937
XGBoost,2023,0.520885128,0.554863691329956
XGBoost,2023,0.708208996,0.4724712073802948
XGBoost,2023,0.483504615,0.4354528784751892
XGBoost,2023,0.175486383,0.35157719254493713
XGBoost,2023,0.228249644,0.40761980414390564
XGBoost,2023,0.323422885,0.309055358171463
XGBoost,2023,0.324921726,0.32437533140182495
XGBoost,2023,0.294248345,0.36490651965141296
XGBoost,2023,0.31286499,0.4294639825820923
XGBoost,2023,0.310710673,0.5053199529647827
XGBoost,2023,0.430786736,0.2707115113735199
XGBoost,2023,0.243658634,0.2267684042453766
XGBoost,2023,0.179881829,0.19701281189918518
XGBoost,2023,0.235970411,0.2536747455596924
XGBoost,2023,0.226417782,0.2247796505689621
XGBoost,2023,0.144408497,0.30238258838653564
XGBoost,2023,0.151447436,0.14864973723888397
XGBoost,2023,0.212542446,0.240493044257164
XGBoost,2023,1.281652853,0.6316993832588196
XGBoost,2023,0.701493374,0.4995807409286499
XGBoost,2023,0.627411079,0.3141683042049408
XGBoost,2023,0.396948795,0.3766559362411499
XGBoost,2023,0.476223745,0.3159703314304352
XGBoost,2023,0.339084388,0.494758278131485
XGBoost,2023,0.385891111,0.3123646676540375
XGBoost,2023,0.337442455,0.44548389315605164
XGBoost,2023,0.445787296,0.6082978844642639
XGBoost,2023,0.820321083,0.4791561961174011
XGBoost,2023,1.01673257,0.19148299098014832
XGBoost,2023,0.86608095,0.39209479093551636
XGBoost,2023,0.951799821,0.20710812509059906
XGBoost,2023,0.03168833,0.2742299735546112
XGBoost,2023,0.247601362,0.190259650349617
XGBoost,2023,0.232777952,0.3653213679790497
XGBoost,2024,0.165166952,0.15322919189929962
XGBoost,2024,0.149844994,0.14156165719032288
XGBoost,2024,0.1115639,-0.025240877643227577
XGBoost,2024,0.384515792,0.9781813621520996
XGBoost,2024,0.074146503,0.47857770323753357
XGBoost,2024,0.215153726,0.07920830696821213
XGBoost,2024,0.167588719,0.3065403997898102
XGBoost,2024,0.279609513,0.6012063026428223
XGBoost,2024,0.045023002,-0.043665990233421326
XGBoost,2024,0.202978345,0.38571417331695557
XGBoost,2024,0.064300039,0.4091799557209015
XGBoost,2024,0.071437253,0.8870996832847595
XGBoost,2024,0.093308975,0.6338194608688354
XGBoost,2024,0.076431874,0.9028579592704773
XGBoost,2024,0.084212753,1.4346113204956055
XGBoost,2024,0.293343025,0.6003172993659973
XGBoost,2024,0.274460638,-0.04490651562809944
XGBoost,2024,0.112574438,0.19268621504306793
XGBoost,2024,0.013603567,0.2936075031757355
XGBoost,2024,0.066251323,0.547446072101593
XGBoost,2024,0.292675427,0.41319066286087036
XGBoost,2024,0.08699717,0.21511712670326233
XGBoost,2024,0.174461111,0.6030815839767456
XGBoost,2024,0.182386318,0.4901024401187897
XGBoost,2024,0.187775607,0.32662731409072876
XGBoost,2024,0.213585485,0.41936996579170227
XGBoost,2024,0.16090291,0.42206382751464844
XGBoost,2024,0.232830261,0.6695840954780579
XGBoost,2024,0.169246152,0.4126220643520355
XGBoost,2024,0.354303316,0.5927531123161316
XGBoost,2024,0.025810079,0.6885728240013123
XGBoost,2024,1.69114585,2.811209201812744
XGBoost,2024,1.799346435,2.839280128479004
XGBoost,2024,2.034431388,2.7507734298706055
XGBoost,2024,2.34820194,3.4084017276763916
XGBoost,2024,1.905930016,2.534292221069336
XGBoost,2024,4.03022463,1.107207179069519
XGBoost,2024,4.15711668,2.6571154594421387
XGBoost,2024,2.229672047,3.0258538722991943
XGBoost,2024,1.90038146,2.956261396408081
XGBoost,2024,2.046485281,2.670285224914551
XGBoost,2024,2.044712321,2.4723410606384277
XGBoost,2024,2.547292815,2.7121267318725586
XGBoost,2024,2.8601986,3.6632566452026367
XGBoost,2024,2.83247077,3.0936386585235596
XGBoost,2024,2.791342681,3.509862184524536
XGBoost,2024,3.63432415,2.260711431503296
XGBoost,2024,3.063009375,2.661609411239624
XGBoost,2024,0.96238088,1.2892358303070068
XGBoost,2024,0.68896709,1.4390523433685303
XGBoost,2024,0.272314355,1.1588917970657349
XGBoost,2024,2.663541215,3.788719415664673
XGBoost,2024,3.014611085,3.111680030822754
XGBoost,2024,3.12531119,3.057516098022461
XGBoost,2024,3.31046841,3.3140146732330322
XGBoost,2024,3.13551618,3.010244369506836
XGBoost,2024,4.727947315,3.749795436859131
XGBoost,2024,0.934153005,1.8518720865249634
XGBoost,2024,2.10806281,1.7871233224868774
XGBoost,2024,4.564725977,2.7155659198760986
XGBoost,2024,6.22489395,3.3734278678894043
XGBoost,2024,4.07316809,3.411647319793701
XGBoost,2024,4.93950618,1.9192087650299072
XGBoost,2024,5.24274876,1.8379931449890137
XGBoost,2024,3.1833815,1.917906403541565
XGBoost,2024,0.0,3.8094372749328613
XGBoost,2024,0.077723455,3.4088134765625
XGBoost,2024,0.0,2.140442371368408
XGBoost,2024,0.0,2.7204220294952393
XGBoost,2024,0.0,3.1433095932006836
XGBoost,2024,0.0,3.2764687538146973
XGBoost,2024,0.0,3.3447139263153076
XGBoost,2024,1.8757136,1.47756826877594
XGBoost,2024,3.508975,2.8346452713012695
XGBoost,2024,4.94517381,3.263671398162842
XGBoost,2024,4.003012879,4.41319465637207
XGBoost,2024,4.214248204,2.887760877609253
XGBoost,2024,5.14268157,3.773634433746338
XGBoost,2024,3.226711975,3.0787994861602783
XGBoost,2024,3.969762906,2.4343478679656982
XGBoost,2024,3.822497225,3.8422305583953857
XGBoost,2024,4.16700448,3.268472194671631
XGBoost,2024,5.488725255,3.269362211227417
XGBoost,2024,7.505674108,3.5095105171203613
XGBoost,2024,5.96595545,3.6843111515045166
XGBoost,2024,5.122097711,3.3132166862487793
XGBoost,2024,7.155931885,4.012105464935303
XGBoost,2024,4.95505628,3.927950382232666
XGBoost,2024,4.5028295,4.008155345916748
XGBoost,2024,4.76646119,2.7830121517181396
XGBoost,2024,4.79772271,4.565115928649902
XGBoost,2024,3.480909265,3.88688588142395
XGBoost,2024,6.32573967,4.3743133544921875
XGBoost,2024,5.813925572,4.425675392150879
XGBoost,2024,6.663346315,4.067007541656494
XGBoost,2024,6.62303558,3.828307628631592
XGBoost,2024,6.181965963,4.451955795288086
XGBoost,2024,4.758721105,4.031859397888184
XGBoost,2024,4.796405865,4.407527923583984
XGBoost,2024,2.94342935,4.028433322906494
XGBoost,2024,2.4111765,2.1587836742401123
XGBoost,2024,5.606081906,3.6232635974884033
XGBoost,2024,5.545769105,4.900236129760742
XGBoost,2024,8.162941255,5.399015426635742
XGBoost,2024,5.4402873,5.1290507316589355
XGBoost,2024,3.8777421,3.2651214599609375
XGBoost,2024,4.90848714,5.172506332397461
XGBoost,2024,3.91845236,5.196227073669434
XGBoost,2024,3.819070172,3.835505723953247
XGBoost,2024,2.530728275,3.1118900775909424
XGBoost,2024,0.993923773,1.1545218229293823
XGBoost,2024,2.673212215,3.514240026473999
XGBoost,2024,2.298410794,2.4942328929901123
XGBoost,2024,2.250850735,2.659073829650879
XGBoost,2024,2.040274357,2.2186226844787598
XGBoost,2024,1.540475865,0.6124555468559265
XGBoost,2024,1.42641264,0.7004167437553406
XGBoost,2024,0.778013765,2.3531408309936523
XGBoost,2024,3.306405455,2.8757376670837402
XGBoost,2024,0.40697455,2.1995060443878174
XGBoost,2024,0.41815775,1.458037257194519
XGBoost,2024,0.965972935,1.5735920667648315
XGBoost,2024,1.76108355,1.634535789489746
XGBoost,2024,2.494400185,2.977933406829834
XGBoost,2024,1.339869015,2.0813043117523193
XGBoost,2024,1.033779505,2.434659481048584
XGBoost,2024,0.776706,2.4204182624816895
XGBoost,2024,0.91637374,2.2693634033203125
XGBoost,2024,0.740375415,1.3499888181686401
XGBoost,2024,1.00557136,1.501301646232605
XGBoost,2024,0.642608528,1.357795000076294
XGBoost,2024,0.395457322,1.6666415929794312
XGBoost,2024,0.653721511,1.2709039449691772
XGBoost,2024,0.460335323,1.317240595817566
XGBoost,2024,0.361279007,0.6496968269348145
XGBoost,2024,0.626390475,1.4775445461273193
XGBoost,2024,0.35416434,0.7694174647331238
XGBoost,2024,0.283155705,0.5261856317520142
XGBoost,2024,1.122832195,1.6455615758895874
XGBoost,2024,1.986406735,1.5107312202453613
XGBoost,2024,1.245590245,1.8679280281066895
XGBoost,2024,2.14359605,1.7172256708145142
XGBoost,2024,1.340396045,1.370531678199768
XGBoost,2024,1.240626837,1.3513680696487427
XGBoost,2024,0.610950093,1.732565999031067
XGBoost,2024,0.635275189,2.0696918964385986
XGBoost,2024,0.66735134,2.074671506881714
XGBoost,2024,0.369478584,1.1811822652816772
XGBoost,2024,3.296159245,2.041762351989746
XGBoost,2024,1.714135075,1.6603256464004517
XGBoost,2024,0.56233689,1.064060091972351
XGBoost,2024,0.56161564,1.042281150817871
XGBoost,2024,0.392669765,1.055505394935608
XGBoost,2024,0.261556196,0.8955271244049072
XGBoost,2024,0.919880455,1.6507153511047363
XGBoost,2024,1.719864063,1.9753532409667969
XGBoost,2024,1.973440975,1.0035752058029175
XGBoost,2024,1.09311807,0.9554507732391357
XGBoost,2024,1.348059365,0.7940541505813599
XGBoost,2024,1.03749386,1.3409690856933594
XGBoost,2024,0.75140985,1.2617862224578857
XGBoost,2024,1.019636075,1.466313123703003
XGBoost,2024,1.032126556,2.189925193786621
XGBoost,2024,1.357975317,1.4639066457748413
XGBoost,2024,0.5079811,1.5476146936416626
XGBoost,2024,1.23769563,2.3932883739471436
XGBoost,2024,3.33424847,2.267479181289673
XGBoost,2024,2.056219685,1.4713048934936523
XGBoost,2024,2.40365686,2.5962626934051514
XGBoost,2024,1.601363487,1.9104310274124146
XGBoost,2024,0.872093695,2.1832780838012695
XGBoost,2024,1.40989394,2.661869764328003
XGBoost,2024,2.24510469,3.3284530639648438
XGBoost,2024,1.7844057,2.806032180786133
XGBoost,2024,1.056294225,2.3769099712371826
XGBoost,2024,2.09905232,2.94612717628479
XGBoost,2024,1.990744645,2.6816647052764893
XGBoost,2024,2.07935285,2.8989946842193604
XGBoost,2024,1.046783775,2.4456987380981445
XGBoost,2024,1.278376152,2.8302690982818604
XGBoost,2024,2.211891302,3.2897603511810303
XGBoost,2024,1.382114245,1.9854285717010498
XGBoost,2024,1.80819135,1.0851123332977295
XGBoost,2024,1.455605787,1.0926634073257446
XGBoost,2024,1.442419456,1.097657322883606
XGBoost,2024,1.1820481,0.6917171478271484
XGBoost,2024,0.86200995,0.8147203326225281
XGBoost,2024,0.401843906,0.5516696572303772
XGBoost,2024,0.349354666,0.3504585027694702
XGBoost,2024,0.572821403,0.5667457580566406
XGBoost,2024,0.46848943,0.6772618293762207
XGBoost,2024,0.533080832,0.7717975378036499
XGBoost,2024,0.510541538,0.544196605682373
XGBoost,2024,0.347902291,0.653192400932312
XGBoost,2024,1.771187198,1.4917818307876587
XGBoost,2024,2.14716282,0.8342492580413818
XGBoost,2024,0.666346023,0.7122707366943359
XGBoost,2024,0.394010886,0.7959737181663513
XGBoost,2024,0.554257056,0.771399199962616
XGBoost,2024,0.499552345,0.5791094303131104
XGBoost,2024,0.501145815,0.6772502064704895
XGBoost,2024,0.395356529,1.0367097854614258
XGBoost,2024,0.35302254,0.8204061985015869
XGBoost,2024,0.333825387,0.5280105471611023
XGBoost,2024,0.620293475,1.5358253717422485
XGBoost,2024,1.491011694,1.6460740566253662
XGBoost,2024,1.40417766,2.141500234603882
XGBoost,2024,0.839234681,1.108452320098877
XGBoost,2024,0.87483912,1.3275747299194336
XGBoost,2024,0.84609671,1.4685165882110596
XGBoost,2024,0.647710798,1.52165949344635
XGBoost,2024,0.836023015,1.3787342309951782
XGBoost,2024,0.95993075,1.4278230667114258
XGBoost,2024,0.617689991,1.1062533855438232
XGBoost,2024,0.739891584,1.1218855381011963
XGBoost,2024,0.535885655,0.8311957716941833
XGBoost,2024,0.489388949,0.37329763174057007
XGBoost,2024,0.515887778,0.8244777321815491
XGBoost,2024,0.575941056,0.6118821501731873
XGBoost,2024,0.441934016,0.5017274022102356
XGBoost,2024,0.381992129,0.5083299279212952
XGBoost,2024,0.406150251,0.5326499938964844
XGBoost,2024,0.378041125,0.5490036606788635
XGBoost,2024,0.340785467,0.5579394698143005
XGBoost,2024,0.234252363,0.31650808453559875
XGBoost,2024,0.324602792,0.7001327872276306
XGBoost,2024,0.286396445,0.4958397150039673
XGBoost,2024,0.226302679,0.5130796432495117
XGBoost,2024,0.261227907,0.6217917203903198
XGBoost,2024,0.305543125,0.48206186294555664
XGBoost,2024,0.28644973,0.45437848567962646
XGBoost,2024,1.396897331,0.8234731554985046
XGBoost,2024,0.868533475,0.1596217006444931
XGBoost,2024,0.024030435,0.4501168429851532
XGBoost,2024,0.343840358,0.8333860635757446
XGBoost,2024,0.410111576,0.8492872714996338
XGBoost,2024,0.51006273,0.8204112648963928
XGBoost,2024,0.38231617,0.31712788343429565
XGBoost,2024,0.334844765,0.48517730832099915
XGBoost,2024,0.451570305,0.44729068875312805
XGBoost,2024,0.398380528,0.29634854197502136
XGBoost,2024,0.25579783,1.1687819957733154
XGBoost,2024,0.559699926,0.3036225438117981
XGBoost,2024,1.00320008,0.7456784248352051
XGBoost,2024,0.318067503,0.7580703496932983
XGBoost,2024,0.303393484,0.7895940542221069
XGBoost,2024,0.385149779,0.5193836688995361
XGBoost,2024,0.295747604,0.5284745693206787
XGBoost,2024,0.307838805,0.5046422481536865
XGBoost,2024,0.25824059,0.4489150643348694
XGBoost,2024,0.314745175,1.097804307937622
XGBoost,2024,0.017532875,1.0387516021728516
XGBoost,2024,1.202471875,0.9692485928535461
XGBoost,2024,0.362740872,1.2296977043151855
XGBoost,2024,0.27280071,1.1416165828704834
XGBoost,2024,0.649651325,0.7165309190750122
XGBoost,2024,1.4273491,1.4078294038772583
XGBoost,2024,0.36389314,1.305478572845459
XGBoost,2024,0.569623866,1.070824146270752
XGBoost,2024,0.429647724,1.2996562719345093
XGBoost,2024,0.374850217,1.2570419311523438
XGBoost,2024,0.750266835,0.44608184695243835
XGBoost,2024,0.544980575,0.3672772943973541
XGBoost,2024,0.247419452,0.8601915836334229
XGBoost,2024,0.111019499,0.5992584824562073
XGBoost,2024,0.035012153,0.746510922908783
XGBoost,2024,0.033120812,0.43158408999443054
XGBoost,2024,0.16148084,0.5967694520950317
XGBoost,2024,0.303399635,0.7755879759788513
XGBoost,2024,0.646305935,0.8936140537261963
XGBoost,2024,0.083730821,0.6234680414199829
XGBoost,2024,0.242388139,0.45422473549842834
XGBoost,2024,0.1989452,0.544241189956665
XGBoost,2024,0.181979107,0.47626909613609314
XGBoost,2024,0.151763236,0.4125123620033264
XGBoost,2024,0.245011954,0.648341178894043
XGBoost,2024,0.223813949,0.6408828496932983
XGBoost,2024,0.109434813,0.5008403062820435
XGBoost,2024,0.157575067,0.8220126628875732
XGBoost,2024,0.233459302,0.522762656211853
XGBoost,2024,0.417797283,0.20164288580417633
XGBoost,2024,0.29615187,0.32220447063446045
XGBoost,2024,0.271807804,0.4092649221420288
XGBoost,2024,0.120204197,0.2298872321844101
XGBoost,2024,0.105887516,0.37787312269210815
XGBoost,2024,0.087689577,0.25901252031326294
XGBoost,2024,0.249385995,0.4071151316165924
XGBoost,2024,0.348595323,0.23055268824100494
XGBoost,2024,0.214798266,0.17866624891757965
XGBoost,2024,0.213887015,0.09411565214395523
XGBoost,2024,0.147089351,0.40897634625434875
XGBoost,2024,0.25956231,0.19095100462436676
XGBoost,2024,0.109757595,0.28392869234085083
XGBoost,2024,0.228224379,0.43023210763931274
XGBoost,2024,0.260349954,0.2617332935333252
XGBoost,2024,0.151558979,0.1318957358598709
XGBoost,2024,0.167117455,0.5028497576713562
XGBoost,2024,0.121062155,0.20341823995113373
XGBoost,2024,0.156311821,0.2235586941242218
XGBoost,2024,0.206290427,0.3103800415992737
XGBoost,2024,0.427493047,0.6403176784515381
XGBoost,2024,0.669731265,0.38237422704696655
XGBoost,2024,0.318488713,0.2755722105503082
XGBoost,2024,0.159771163,0.21151939034461975
XGBoost,2024,0.282619749,0.258382111787796
XGBoost,2024,0.21705464,0.22351153194904327
XGBoost,2024,0.233752774,0.3388606011867523
XGBoost,2024,0.058183608,0.9554513692855835
XGBoost,2024,0.30793159,0.40837401151657104
XGBoost,2024,0.457585499,0.2916930615901947
XGBoost,2024,0.139575575,0.35491490364074707
XGBoost,2024,0.222875136,0.42719337344169617
XGBoost,2024,0.021134138,0.017562799155712128
XGBoost,2024,0.331577089,0.10788232833147049
XGBoost,2024,0.23869725,0.20261217653751373
XGBoost,2024,0.112588244,-0.03928845375776291
XGBoost,2024,0.130533974,0.03229920193552971
XGBoost,2024,0.084594239,-0.0006291370955295861
XGBoost,2024,0.082569405,-0.09352345764636993
XGBoost,2024,0.008638274,0.03998594358563423
XGBoost,2024,0.299850978,0.6019200086593628
XGBoost,2024,0.630958094,0.006816900335252285
XGBoost,2024,0.22563563,0.016322266310453415
XGBoost,2024,0.222917447,0.3528742790222168
XGBoost,2024,0.227147409,0.2649196982383728
XGBoost,2024,0.138381826,0.46697282791137695
XGBoost,2024,0.249662687,0.3793404698371887
XGBoost,2024,0.16661527,0.3536912500858307
XGBoost,2024,0.244073491,0.541790783405304
XGBoost,2024,0.234848209,0.48561373353004456
XGBoost,2024,0.32348178,0.39728844165802
XGBoost,2024,0.298699579,0.4360499382019043
XGBoost,2024,0.239217346,0.3210328221321106
XGBoost,2024,0.314776516,0.6236208081245422
XGBoost,2024,0.350608014,0.38777899742126465
XGBoost,2024,0.377777136,0.39558976888656616
XGBoost,2024,0.197297453,0.5862648487091064
XGBoost,2024,0.475580935,1.289636492729187
XGBoost,2024,0.766289635,1.5218676328659058
XGBoost,2024,1.207903272,1.0286365747451782
XGBoost,2024,0.570801575,1.100264310836792
XGBoost,2024,0.926138032,1.3329181671142578
XGBoost,2024,0.870658562,1.548140287399292
XGBoost,2024,0.37744559,0.9839905500411987
XGBoost,2024,1.27815403,1.83088219165802
XGBoost,2024,1.171387176,1.694216251373291
XGBoost,2024,1.066188608,1.4811080694198608
XGBoost,2024,1.056239658,1.4827167987823486
XGBoost,2024,0.79533649,1.1839855909347534
XGBoost,2024,0.328102625,1.1136561632156372
XGBoost,2024,0.320588385,0.46122273802757263
XGBoost,2024,1.080701335,0.5451266765594482
XGBoost,2024,1.135285859,0.7387372255325317
XGBoost,2024,0.828071195,0.9643753170967102
XGBoost,2024,0.931246845,0.8161830306053162
XGBoost,2024,0.655398135,0.4923758804798126
XGBoost,2024,0.698021014,0.847613513469696
XGBoost,2024,0.731259301,0.5705011487007141
XGBoost,2024,0.803437165,0.7844259738922119
XGBoost,2024,0.857268115,1.1211111545562744
XGBoost,2024,0.510983938,0.19789578020572662
XGBoost,2024,0.680408969,0.3872224986553192
XGBoost,2024,0.716023387,0.8458356261253357
XGBoost,2024,0.885918615,1.3572838306427002
XGBoost,2024,1.009114413,0.8906524181365967
XGBoost,2024,0.80357265,1.2857547998428345
XGBoost,2024,0.671657885,0.9427006244659424
XGBoost,2024,0.495476363,0.47566160559654236
XGBoost,2024,0.88319613,0.8655896782875061
XGBoost,2024,0.128079743,1.0338449478149414
XGBoost,2024,0.17259662,0.8766911625862122
XGBoost,2024,0.178467077,1.4585247039794922
XGBoost,2024,0.432577155,1.0182156562805176
XGBoost,2024,1.650188374,1.186111569404602
XGBoost,2024,2.315021235,1.2270102500915527
XGBoost,2024,0.94111544,1.0847586393356323
XGBoost,2024,0.82061727,1.2103599309921265
XGBoost,2024,1.050773466,1.0792971849441528
XGBoost,2024,2.016475486,1.497131586074829
XGBoost,2024,1.164879685,0.9374082088470459
XGBoost,2024,1.421762964,2.1833643913269043
XGBoost,2024,1.531948111,1.4046547412872314
XGBoost,2024,1.306866243,1.8767914772033691
XGBoost,2024,1.853007532,2.7363321781158447
XGBoost,2024,1.574693648,2.7129344940185547
XGBoost,2024,1.420010357,2.659852981567383
XGBoost,2024,0.574793496,0.672081470489502
XGBoost,2024,1.012611274,1.3148900270462036
XGBoost,2024,1.027579285,1.9616962671279907
XGBoost,2024,0.026842795,2.486644744873047
XGBoost,2024,1.217497269,2.36167311668396
XGBoost,2024,1.610213021,2.739274740219116
XGBoost,2024,1.608430493,2.794006109237671
XGBoost,2024,2.079770353,2.698805332183838
XGBoost,2024,2.854534012,3.2912659645080566
XGBoost,2024,2.344945589,2.4564390182495117
XGBoost,2024,2.222337755,1.0352727174758911
XGBoost,2024,3.277970681,2.605147361755371
XGBoost,2024,1.931933528,2.942533493041992
XGBoost,2024,2.513514105,2.956261396408081
XGBoost,2024,2.099554275,2.670285224914551
XGBoost,2024,2.332568413,2.4723410606384277
XGBoost,2024,3.142947913,2.7121267318725586
XGBoost,2024,2.777870685,3.6632566452026367
XGBoost,2024,3.51069838,3.0936386585235596
XGBoost,2024,4.031417687,3.509862184524536
XGBoost,2024,3.620449395,2.260711431503296
XGBoost,2024,3.346055079,2.661609411239624
XGBoost,2024,1.1537543,1.2892358303070068
XGBoost,2024,0.738011893,1.4390523433685303
XGBoost,2024,0.41993327,1.1588917970657349
XGBoost,2024,3.140760118,3.788719415664673
XGBoost,2024,3.162918368,3.111680030822754
XGBoost,2024,3.523922965,3.057516098022461
XGBoost,2024,4.186992745,3.3140146732330322
XGBoost,2024,3.31701179,3.010244369506836
XGBoost,2024,4.881395135,3.749795436859131
XGBoost,2024,2.344412516,1.8518720865249634
XGBoost,2024,3.564643408,1.7871233224868774
XGBoost,2024,4.818951075,2.7155659198760986
XGBoost,2024,5.90189766,3.3734278678894043
XGBoost,2024,4.780154158,3.411647319793701
XGBoost,2024,4.7624445,1.9192087650299072
XGBoost,2024,5.38151635,1.8379931449890137
XGBoost,2024,4.546663413,1.917906403541565
XGBoost,2024,5.45469042,3.8094372749328613
XGBoost,2024,5.274593555,3.4088134765625
XGBoost,2024,5.45394542,2.140442371368408
XGBoost,2024,4.429813845,2.7204220294952393
XGBoost,2024,2.638139695,3.1433095932006836
XGBoost,2024,2.715028999,3.2764687538146973
XGBoost,2024,4.068461958,3.3447139263153076
XGBoost,2024,1.535774338,1.47756826877594
XGBoost,2024,4.29159902,2.8346452713012695
XGBoost,2024,4.835781145,3.263671398162842
XGBoost,2024,4.059299482,4.41319465637207
XGBoost,2024,4.681146561,2.887760877609253
XGBoost,2024,5.57469287,3.773634433746338
XGBoost,2024,3.719147265,3.0787994861602783
XGBoost,2024,4.411702455,2.4343478679656982
XGBoost,2024,5.1787683,3.8422305583953857
XGBoost,2024,4.111398845,3.268472194671631
XGBoost,2024,5.794922265,3.269362211227417
XGBoost,2024,7.99164645,3.5095105171203613
XGBoost,2024,6.13419845,3.6843111515045166
XGBoost,2024,5.435116225,3.3132166862487793
XGBoost,2024,6.960790255,4.012105464935303
XGBoost,2024,5.144084987,3.927950382232666
XGBoost,2024,5.02586572,4.008155345916748
XGBoost,2024,5.135289808,2.7830121517181396
XGBoost,2024,4.889634195,4.565115928649902
XGBoost,2024,3.714662752,3.88688588142395
XGBoost,2024,6.49888555,4.3743133544921875
XGBoost,2024,5.166314082,4.425675392150879
XGBoost,2024,6.17205969,4.067007541656494
XGBoost,2024,5.870667565,3.828307628631592
XGBoost,2024,5.49538452,4.451955795288086
XGBoost,2024,4.91802873,4.031859397888184
XGBoost,2024,4.900934395,4.407527923583984
XGBoost,2024,3.470683373,4.028433322906494
XGBoost,2024,2.57431736,2.1587836742401123
XGBoost,2024,5.51229507,3.2431764602661133
XGBoost,2024,0.03388125,4.558072566986084
XGBoost,2024,1.851959825,3.656369686126709
XGBoost,2024,1.22785898,1.8526179790496826
XGBoost,2024,2.9732303,4.111705303192139
XGBoost,2024,2.45569578,2.9239587783813477
XGBoost,2024,2.585697152,2.6735482215881348
XGBoost,2024,2.200981013,2.6391794681549072
XGBoost,2024,2.116986705,1.717822790145874
XGBoost,2024,1.730309347,0.7004167437553406
XGBoost,2024,1.39124233,1.948024868965149
XGBoost,2024,3.73626245,2.869936466217041
XGBoost,2024,1.842726125,2.1306519508361816
XGBoost,2024,1.2180058,1.458037257194519
XGBoost,2024,1.10968825,1.5735920667648315
XGBoost,2024,0.28805474,1.7280842065811157
XGBoost,2024,2.20317398,2.9928953647613525
XGBoost,2024,1.404901865,2.3235924243927
XGBoost,2024,1.098338823,2.355937957763672
XGBoost,2024,0.81480169,1.9577046632766724
XGBoost,2024,0.997234217,2.030719757080078
XGBoost,2024,1.14030625,1.8390682935714722
XGBoost,2024,0.939267458,1.501301646232605
XGBoost,2024,0.820533389,1.6917188167572021
XGBoost,2024,0.603344443,1.7129194736480713
XGBoost,2024,1.167660803,1.6107174158096313
XGBoost,2024,0.7366104,1.450554609298706
XGBoost,2024,0.456409902,0.8933266401290894
XGBoost,2024,0.738420908,1.5412617921829224
XGBoost,2024,0.52024905,0.8845258951187134
XGBoost,2024,0.373290071,0.5716972351074219
XGBoost,2024,0.562952334,1.6309117078781128
XGBoost,2024,2.412249615,1.8220747709274292
XGBoost,2024,2.10159728,1.8283824920654297
XGBoost,2024,1.836889762,1.6362982988357544
XGBoost,2024,1.246137795,1.7495073080062866
XGBoost,2024,1.51236523,1.7462198734283447
XGBoost,2024,0.7331657,2.2301244735717773
XGBoost,2024,0.89097909,2.5519988536834717
XGBoost,2024,0.92802853,2.016878366470337
XGBoost,2024,0.550921638,1.7687331438064575
XGBoost,2024,1.671514741,2.4639861583709717
XGBoost,2024,2.4209571,1.8659758567810059
XGBoost,2024,0.854370325,1.0338460206985474
XGBoost,2024,1.055002765,0.6852172613143921
XGBoost,2024,0.803367445,0.7352089285850525
XGBoost,2024,0.424140477,1.2574187517166138
XGBoost,2024,1.255386054,1.2895829677581787
XGBoost,2024,1.805668899,2.4530560970306396
XGBoost,2024,1.91375778,2.2371609210968018
XGBoost,2024,1.31386105,1.5201258659362793
XGBoost,2024,1.187712365,1.1300761699676514
XGBoost,2024,0.808487415,1.4828351736068726
XGBoost,2024,0.613153743,1.6280431747436523
XGBoost,2024,0.794022524,1.8582537174224854
XGBoost,2024,0.98395797,2.260241746902466
XGBoost,2024,1.36061118,1.5576435327529907
XGBoost,2024,0.378951589,1.8910433053970337
XGBoost,2024,0.721967027,2.6728641986846924
XGBoost,2024,3.454692925,2.166050672531128
XGBoost,2024,1.97192811,1.0896295309066772
XGBoost,2024,2.319108895,2.3950068950653076
XGBoost,2024,1.94949574,1.6245373487472534
XGBoost,2024,0.851726493,1.8879525661468506
XGBoost,2024,1.318884755,2.4404237270355225
XGBoost,2024,2.52381182,3.4109959602355957
XGBoost,2024,1.564141925,2.82059383392334
XGBoost,2024,1.21140299,2.252788543701172
XGBoost,2024,1.9869622,2.9743075370788574
XGBoost,2024,2.122808635,2.6384670734405518
XGBoost,2024,1.908430875,2.975008726119995
XGBoost,2024,1.058515081,2.3826212882995605
XGBoost,2024,1.139474837,2.909334659576416
XGBoost,2024,1.88982097,2.9562294483184814
XGBoost,2024,1.175816005,2.1451191902160645
XGBoost,2024,1.48675524,0.9867785573005676
XGBoost,2024,1.162294695,1.1003586053848267
XGBoost,2024,1.36587062,1.0601338148117065
XGBoost,2024,1.58822609,0.529653012752533
XGBoost,2024,1.248003435,0.75661700963974
XGBoost,2024,0.750180751,0.504193902015686
XGBoost,2024,0.486859641,0.3438848555088043
XGBoost,2024,0.67759434,0.451803058385849
XGBoost,2024,0.6124148,0.6440831422805786
XGBoost,2024,0.710040951,0.6428756713867188
XGBoost,2024,0.875721812,0.5307222604751587
XGBoost,2024,0.586516628,0.6539403200149536
XGBoost,2024,1.560968375,1.54512619972229
XGBoost,2024,2.46637732,0.6947863101959229
XGBoost,2024,0.90377639,0.6468878984451294
XGBoost,2024,0.411244097,0.5737155675888062
XGBoost,2024,0.559473321,0.6573067903518677
XGBoost,2024,0.58472275,0.45265695452690125
XGBoost,2024,0.733963536,0.3823629915714264
XGBoost,2024,0.524765925,0.8114283680915833
XGBoost,2024,0.544621005,0.7438850402832031
XGBoost,2024,0.399023289,0.4481164216995239
XGBoost,2024,0.560466225,1.2887611389160156
XGBoost,2024,1.522747155,1.6493983268737793
XGBoost,2024,1.566176103,2.284775495529175
XGBoost,2024,1.077929446,0.9642683863639832
XGBoost,2024,0.078373645,1.0613596439361572
XGBoost,2024,0.7380193,1.2462759017944336
XGBoost,2024,0.655079425,1.1549652814865112
XGBoost,2024,0.770879099,1.2149417400360107
XGBoost,2024,0.596946855,0.8297520875930786
XGBoost,2024,0.481792681,0.444580614566803
XGBoost,2024,0.5663198,0.5050580501556396
XGBoost,2024,0.628019029,0.34200263023376465
XGBoost,2024,0.497431281,0.26673173904418945
XGBoost,2024,0.450372448,0.205606609582901
XGBoost,2024,0.466657946,0.32487428188323975
XGBoost,2024,0.41963192,0.31447160243988037
XGBoost,2024,0.372404863,0.38932186365127563
XGBoost,2024,0.270375955,0.19735375046730042
XGBoost,2024,0.362999779,0.43577247858047485
XGBoost,2024,0.29919034,0.3187990188598633
XGBoost,2024,0.277974051,0.38418954610824585
XGBoost,2024,0.299048655,0.3744139075279236
XGBoost,2024,0.389264781,0.2968628406524658
XGBoost,2024,0.375828892,0.3076099157333374
XGBoost,2024,0.604053989,0.6667307019233704
XGBoost,2024,0.75571132,-0.06145838275551796
XGBoost,2024,1.045659057,0.08073592185974121
XGBoost,2024,0.70495089,0.24090145528316498
XGBoost,2024,0.624830785,0.5406860113143921
XGBoost,2024,0.415016196,0.4582200050354004
XGBoost,2024,0.596354351,0.4601108133792877
XGBoost,2024,0.407427144,0.03175101801753044
XGBoost,2024,0.340758135,0.3433804214000702
XGBoost,2024,0.457843365,0.33271294832229614
XGBoost,2024,0.388620458,0.15027137100696564
XGBoost,2024,0.31553867,0.3534126877784729
XGBoost,2024,0.503283342,0.3926430642604828
XGBoost,2024,0.930316153,0.6656263470649719
XGBoost,2024,0.29113376,0.5906714200973511
XGBoost,2024,0.276240676,0.698063313961029
XGBoost,2024,0.316672219,0.7723386883735657
XGBoost,2024,0.247185143,0.5316522121429443
XGBoost,2024,0.402509548,0.4617413282394409
XGBoost,2024,0.791064807,0.7420150637626648
XGBoost,2024,0.230336621,0.8684796690940857
XGBoost,2024,0.34197097,0.840962290763855
XGBoost,2024,0.17384028,0.9639298319816589
XGBoost,2024,0.385487125,1.3553210496902466
XGBoost,2024,0.339322584,1.4102656841278076
XGBoost,2024,0.814541956,0.7048158645629883
XGBoost,2024,2.275549369,1.5557258129119873
XGBoost,2024,0.477029264,1.273142695426941
XGBoost,2024,0.684015334,0.9174025058746338
XGBoost,2024,0.44274929,1.2047853469848633
XGBoost,2024,0.49702025,1.165574550628662
XGBoost,2024,0.81133404,0.43248990178108215
XGBoost,2024,0.795723293,0.37498271465301514
XGBoost,2024,0.375039799,0.23569943010807037
XGBoost,2024,0.303130125,0.43041688203811646
XGBoost,2024,0.351845056,0.46405577659606934
XGBoost,2024,0.280167075,0.34582221508026123
XGBoost,2024,0.32299006,0.3470153510570526
XGBoost,2024,0.315608686,0.38873976469039917
XGBoost,2024,0.306985355,0.8207392692565918
XGBoost,2024,1.135527138,1.0536601543426514
XGBoost,2024,0.481975515,0.4077530801296234
XGBoost,2024,0.396580609,0.4230038523674011
XGBoost,2024,0.347666386,0.41506484150886536
XGBoost,2024,0.28236014,0.36243951320648193
XGBoost,2024,0.242341379,0.4817074239253998
XGBoost,2024,0.334391685,0.5765900015830994
XGBoost,2024,0.311758244,0.4891816973686218
XGBoost,2024,0.234063687,0.4383433759212494
XGBoost,2024,0.334790954,0.5242922306060791
XGBoost,2024,0.315053096,0.2898138165473938
XGBoost,2024,0.376482726,0.16788053512573242
XGBoost,2024,0.315132344,0.38348808884620667
XGBoost,2024,0.386991801,0.2670570909976959
XGBoost,2024,0.196962172,0.13256433606147766
XGBoost,2024,0.237806796,0.26511281728744507
XGBoost,2024,0.171164321,0.24875059723854065
XGBoost,2024,0.343662985,0.17210392653942108
XGBoost,2024,0.306877356,0.12419511377811432
XGBoost,2024,0.245090402,0.08795604854822159
XGBoost,2024,0.188992576,0.12146546691656113
XGBoost,2024,0.305653718,0.3710898756980896
XGBoost,2024,0.238148878,0.10024086385965347
XGBoost,2024,0.188338428,0.22712120413780212
XGBoost,2024,0.237514258,0.18840396404266357
XGBoost,2024,0.22106636,0.17044943571090698
XGBoost,2024,0.118822316,0.21424022316932678
XGBoost,2024,0.183371672,0.24581968784332275
XGBoost,2024,0.261714953,0.45971229672431946
XGBoost,2024,0.285046865,0.20517247915267944
XGBoost,2024,0.01847852,0.22432495653629303
XGBoost,2024,0.087551465,0.7790586948394775
XGBoost,2024,0.785739025,0.40558356046676636
XGBoost,2024,0.390055325,0.23120960593223572
XGBoost,2024,0.250110315,0.24105197191238403
XGBoost,2025,0.08224861,0.30437400937080383
XGBoost,2025,0.048223179,0.47516393661499023
XGBoost,2025,0.028953981,0.3172554075717926
XGBoost,2025,0.058691635,0.1926470696926117
XGBoost,2025,0.030942189,0.10654184222221375
XGBoost,2025,0.054348178,-0.09680227935314178
XGBoost,2025,0.41144399,0.09616989642381668
XGBoost,2025,0.291723651,0.2238832414150238
XGBoost,2025,0.461749174,0.06876806169748306
XGBoost,2025,0.663533475,0.4583563506603241
XGBoost,2025,0.343829637,0.22773073613643646
XGBoost,2025,0.366702309,0.15278513729572296
XGBoost,2025,0.32412587,0.11286601424217224
XGBoost,2025,0.345962769,0.1483592838048935
XGBoost,2025,0.354846587,0.2703707814216614
XGBoost,2025,0.338975547,0.5281467437744141
XGBoost,2025,0.194469034,0.1415889710187912
XGBoost,2025,0.139966177,0.1267223358154297
XGBoost,2025,0.185047415,0.0170376505702734
XGBoost,2025,0.24745964,0.15231536328792572
XGBoost,2025,0.433443165,0.19695928692817688
XGBoost,2025,0.397870386,0.1590006947517395
XGBoost,2025,0.334408625,0.25580769777297974
XGBoost,2025,0.303213732,0.33509552478790283
XGBoost,2025,0.093616913,0.2560897469520569
XGBoost,2025,0.433037166,0.20854367315769196
XGBoost,2025,0.259016626,0.2716699540615082
XGBoost,2025,0.200489747,0.2835744321346283
XGBoost,2025,0.564672773,0.3913358449935913
XGBoost,2025,0.5029736,0.40244653820991516
XGBoost,2025,0.352487869,0.34922850131988525
XGBoost,2025,0.348394524,0.488057941198349
XGBoost,2025,0.23067949,0.1998344212770462
XGBoost,2025,0.279494445,0.19591988623142242
XGBoost,2025,0.199272633,0.23048412799835205
XGBoost,2025,0.217174898,0.5954943299293518
XGBoost,2025,0.14180612,0.6993101835250854
XGBoost,2025,0.2601675,0.4675154983997345
XGBoost,2025,0.181156202,0.406375527381897
XGBoost,2025,0.105828445,0.18833953142166138
XGBoost,2025,0.113169255,0.1489754319190979
XGBoost,2025,0.027111199,0.24550087749958038
XGBoost,2025,0.45183291,0.11520104110240936
XGBoost,2025,0.302369986,0.3015501797199249
XGBoost,2025,0.33821476,0.2823948860168457
XGBoost,2025,0.532793627,0.2945140600204468
XGBoost,2025,0.139156341,0.012330979108810425
XGBoost,2025,0.140553965,0.027235887944698334
XGBoost,2025,0.165352132,0.24549317359924316
XGBoost,2025,0.115826361,-0.08525736629962921
XGBoost,2025,0.49248534,0.3604680895805359
XGBoost,2025,0.708603418,0.9447915554046631
XGBoost,2025,0.870740695,0.7842425107955933
XGBoost,2025,1.172908367,0.682117223739624
XGBoost,2025,0.872049248,0.617112398147583
XGBoost,2025,0.361986618,0.4748111367225647
XGBoost,2025,0.437885815,0.5712555646896362
XGBoost,2025,0.578866624,0.3876475989818573
XGBoost,2025,0.293622353,0.771402895450592
XGBoost,2025,0.320602978,0.6044191718101501
XGBoost,2025,0.47849503,0.42768174409866333
XGBoost,2025,1.95945332,0.3149218261241913
XGBoost,2025,0.333949519,0.7398870587348938
XGBoost,2025,0.51483884,0.5239343047142029
XGBoost,2025,0.242908042,0.47417527437210083
XGBoost,2025,0.340599578,0.7044996619224548
XGBoost,2025,0.569412693,0.6527601480484009
XGBoost,2025,0.8539885,0.4972083568572998
XGBoost,2025,0.630920595,0.5356941223144531
XGBoost,2025,0.687311143,0.5205281972885132
XGBoost,2025,0.622117985,0.45192164182662964
XGBoost,2025,1.50578959,1.2556109428405762
XGBoost,2025,0.691716644,0.5841479301452637
XGBoost,2025,0.803773197,1.064146637916565
XGBoost,2025,0.804657665,0.5759850144386292
XGBoost,2025,1.027503275,0.9370172023773193
XGBoost,2025,1.765376019,1.1243375539779663
XGBoost,2025,0.791510298,0.7277423143386841
XGBoost,2025,1.018271244,0.6371099948883057
XGBoost,2025,0.821133185,0.8708688020706177
XGBoost,2025,0.81923559,0.8280437588691711
XGBoost,2025,0.677729055,0.6440908312797546
XGBoost,2025,0.648767513,0.38950684666633606
XGBoost,2025,0.713846975,0.3749057650566101
XGBoost,2025,0.826679739,0.46702301502227783
XGBoost,2025,0.912268215,0.491008996963501
XGBoost,2025,1.50899725,0.5536462068557739
XGBoost,2025,1.151214358,0.7993762493133545
XGBoost,2025,1.645119487,0.9287183880805969
XGBoost,2025,0.918879188,1.0251243114471436
XGBoost,2025,1.45505258,1.451352596282959
XGBoost,2025,0.152921644,0.9642578363418579
XGBoost,2025,1.003724905,0.8360525369644165
XGBoost,2025,0.52312625,0.8118788003921509
XGBoost,2025,1.024302746,1.024086833000183
XGBoost,2025,0.817870424,1.1643370389938354
XGBoost,2025,1.20890644,1.1988850831985474
XGBoost,2025,1.516338995,1.58138906955719
XGBoost,2025,0.844015111,0.9378345012664795
XGBoost,2025,1.023882895,0.7372941374778748
XGBoost,2025,1.022733795,0.7253256440162659
XGBoost,2025,2.24615095,0.7630932331085205
XGBoost,2025,1.40705572,1.5309540033340454
XGBoost,2025,0.87692385,0.40462225675582886
XGBoost,2025,0.959393105,0.5488290190696716
XGBoost,2025,0.781290829,0.5025534629821777
XGBoost,2025,0.54368178,0.42639684677124023
XGBoost,2025,0.320191445,0.42800047993659973
XGBoost,2025,0.839112996,0.5391858220100403
XGBoost,2025,0.756697193,0.43093639612197876
XGBoost,2025,0.748498375,0.8352065086364746
XGBoost,2025,0.296513007,0.5457412600517273
XGBoost,2025,0.388609675,0.35389670729637146
XGBoost,2025,0.880665695,0.5746877193450928
XGBoost,2025,1.69744658,1.8364828824996948
XGBoost,2025,1.21088347,1.0380587577819824
XGBoost,2025,0.93954823,0.5594751238822937
XGBoost,2025,0.645459633,0.5539820194244385
XGBoost,2025,1.050662134,1.5859490633010864
XGBoost,2025,1.768450278,1.6216031312942505
XGBoost,2025,1.036563389,0.8610697388648987
XGBoost,2025,0.718091525,0.4365249276161194
XGBoost,2025,0.668380788,1.1761035919189453
XGBoost,2025,0.47195189,0.5219293236732483
XGBoost,2025,0.856912229,0.6590107679367065
XGBoost,2025,1.617146246,1.4459482431411743
XGBoost,2025,0.871765948,2.255253791809082
XGBoost,2025,0.808727258,1.342384934425354
XGBoost,2025,0.809222785,0.4812498986721039
XGBoost,2025,0.99225085,0.7057009935379028
XGBoost,2025,0.772050945,0.7936134934425354
XGBoost,2025,0.885825196,0.7457324862480164
XGBoost,2025,1.14680652,1.585986852645874
XGBoost,2025,2.428444839,1.2863664627075195
XGBoost,2025,1.064470914,2.1004748344421387
XGBoost,2025,0.820501657,0.6654816269874573
XGBoost,2025,0.747641034,0.5257946252822876
XGBoost,2025,0.77714841,0.7041161060333252
XGBoost,2025,0.779269375,0.802882969379425
XGBoost,2025,0.626774299,0.8498002886772156
XGBoost,2025,0.389058713,0.7165417075157166
XGBoost,2025,0.524699619,1.8765792846679688
XGBoost,2025,1.244058552,1.424729585647583
XGBoost,2025,1.350873465,1.9933444261550903
XGBoost,2025,2.055918156,1.6025460958480835
XGBoost,2025,1.706495615,1.44268798828125
XGBoost,2025,1.50126843,1.553135871887207
XGBoost,2025,1.459676835,2.1250882148742676
XGBoost,2025,1.98991859,1.9501932859420776
XGBoost,2025,1.289592716,1.9289987087249756
XGBoost,2025,1.548870785,1.5326842069625854
XGBoost,2025,1.38174534,2.026148557662964
XGBoost,2025,2.259677124,1.0320574045181274
XGBoost,2025,1.775214445,1.798204779624939
XGBoost,2025,1.692614995,1.0652459859848022
XGBoost,2025,1.224558135,1.314680576324463
XGBoost,2025,3.044168979,1.4993867874145508
XGBoost,2025,1.291003769,1.878049612045288
XGBoost,2025,1.990303511,1.4448907375335693
XGBoost,2025,1.944002128,2.0510013103485107
XGBoost,2025,2.0261328,1.531715989112854
XGBoost,2025,1.706274577,2.7351884841918945
XGBoost,2025,3.30724575,2.579172372817993
XGBoost,2025,2.98906105,1.0207253694534302
XGBoost,2025,2.698089712,1.8704283237457275
XGBoost,2025,1.938683445,1.2101069688796997
XGBoost,2025,2.317540195,2.079700469970703
XGBoost,2025,2.705741765,2.8733937740325928
XGBoost,2025,2.90036435,2.774162530899048
XGBoost,2025,3.60561555,2.3034651279449463
XGBoost,2025,2.9538933,2.784813404083252
XGBoost,2025,2.491064115,2.4126136302948
XGBoost,2025,1.048741255,3.6149535179138184
XGBoost,2025,1.329055604,2.0703368186950684
XGBoost,2025,1.9691823,2.119769811630249
XGBoost,2025,2.91312736,3.137258291244507
XGBoost,2025,2.943710378,1.9444884061813354
XGBoost,2025,2.8081742,0.807775616645813
XGBoost,2025,1.705800807,1.5043911933898926
XGBoost,2025,1.49008689,1.7163074016571045
XGBoost,2025,2.52334187,2.63493013381958
XGBoost,2025,3.201167895,2.7747175693511963
XGBoost,2025,2.243513395,2.400747299194336
XGBoost,2025,2.055822247,2.2389533519744873
XGBoost,2025,2.4553595,2.065347909927368
XGBoost,2025,3.923582375,1.6168909072875977
XGBoost,2025,3.94503226,3.2268424034118652
XGBoost,2025,4.314890245,2.3407528400421143
XGBoost,2025,4.4122035,2.8771114349365234
XGBoost,2025,5.311933,2.3110697269439697
XGBoost,2025,2.79148785,2.587721824645996
XGBoost,2025,4.35940534,2.3294336795806885
XGBoost,2025,4.817382865,3.5464932918548584
XGBoost,2025,2.103087975,2.8911516666412354
XGBoost,2025,2.66109861,3.338951587677002
XGBoost,2025,4.3767251,4.078017234802246
XGBoost,2025,4.079312905,3.823810338973999
XGBoost,2025,5.3224253,4.822019100189209
XGBoost,2025,4.964544085,4.233384132385254
XGBoost,2025,5.29458435,2.460946798324585
XGBoost,2025,2.677136386,2.9006214141845703
XGBoost,2025,4.1321928,3.9925906658172607
XGBoost,2025,4.478253745,5.936781883239746
XGBoost,2025,5.294924463,5.475618362426758
XGBoost,2025,5.222444544,5.206366539001465
XGBoost,2025,4.48999396,3.5965492725372314
XGBoost,2025,3.065168296,2.4000821113586426
XGBoost,2025,3.29459867,2.537069797515869
XGBoost,2025,3.59844339,3.682563066482544
XGBoost,2025,3.37349979,3.349393606185913
XGBoost,2025,4.06409982,4.038363456726074
XGBoost,2025,5.388632556,4.878859996795654
XGBoost,2025,5.075302765,4.1744794845581055
XGBoost,2025,4.07004953,4.473296165466309
XGBoost,2025,4.35688851,4.245896339416504
XGBoost,2025,4.497320643,4.074387550354004
XGBoost,2025,3.835319505,2.370405435562134
XGBoost,2025,3.174289345,3.0199780464172363
XGBoost,2025,2.708149421,3.196641206741333
XGBoost,2025,3.905583788,4.8857502937316895
XGBoost,2025,3.990555395,3.647799015045166
XGBoost,2025,5.64021625,4.856953144073486
XGBoost,2025,5.44659696,2.839249610900879
XGBoost,2025,4.664333465,2.78715181350708
XGBoost,2025,4.042566445,3.905306577682495
XGBoost,2025,5.90965443,3.6549694538116455
XGBoost,2025,4.788890185,2.929412841796875
XGBoost,2025,4.95217305,3.3852720260620117
XGBoost,2025,5.183355695,4.232311248779297
XGBoost,2025,5.4970692,3.9489307403564453
XGBoost,2025,2.81341297,1.97659170627594
XGBoost,2025,2.09724414,2.242687225341797
XGBoost,2025,1.03598787,2.2047877311706543
XGBoost,2025,1.31331041,0.9181001782417297
XGBoost,2025,2.744267131,2.1226630210876465
XGBoost,2025,2.745083765,2.22963809967041
XGBoost,2025,2.86350672,2.5704610347747803
XGBoost,2025,3.934465115,2.57616925239563
XGBoost,2025,2.57719792,3.026560068130493
XGBoost,2025,4.184556039,3.8068478107452393
XGBoost,2025,0.0,3.403336763381958
XGBoost,2025,0.320812397,0.3360079228878021
XGBoost,2025,0.110695141,0.431511253118515
XGBoost,2025,0.267303375,0.34832656383514404
XGBoost,2025,0.026741,0.17058725655078888
XGBoost,2025,0.291978537,0.3122306168079376
XGBoost,2025,0.18960101,0.16369697451591492
XGBoost,2025,0.06689323,0.11041581630706787
XGBoost,2025,0.392571069,0.06710104644298553
XGBoost,2025,0.367805277,0.0867326557636261
XGBoost,2025,0.731517887,0.2696831524372101
XGBoost,2025,0.436136604,0.1622115820646286
XGBoost,2025,0.451920754,0.12392362952232361
XGBoost,2025,0.520307965,0.06516914069652557
XGBoost,2025,0.54926001,0.12134820222854614
XGBoost,2025,0.507743205,0.25371503829956055
XGBoost,2025,0.457675339,0.3258243203163147
XGBoost,2025,0.148808238,0.21487115323543549
XGBoost,2025,0.075448965,0.12362968921661377
XGBoost,2025,0.131295801,0.021948223933577538
XGBoost,2025,0.093216003,0.16311432421207428
XGBoost,2025,0.590513775,0.11907225847244263
XGBoost,2025,0.18525277,0.2256828397512436
XGBoost,2025,0.337109054,0.5914763808250427
XGBoost,2025,0.317447835,0.32850876450538635
XGBoost,2025,0.47530729,0.22768139839172363
XGBoost,2025,0.717497176,0.370301753282547
XGBoost,2025,0.520571075,0.5038133263587952
XGBoost,2025,0.344247296,0.36836767196655273
XGBoost,2025,0.521305344,0.3818401098251343
XGBoost,2025,0.673135063,0.47696590423583984
XGBoost,2025,0.379611086,0.36938226222991943
XGBoost,2025,0.314654904,0.5039400458335876
XGBoost,2025,0.225121929,0.2358970046043396
XGBoost,2025,0.225812065,0.15703637897968292
XGBoost,2025,0.35775442,0.2221805304288864
XGBoost,2025,0.399941615,0.602046012878418
XGBoost,2025,0.23085371,0.3463045656681061
XGBoost,2025,0.33587806,0.43742650747299194
XGBoost,2025,0.252976224,0.38771289587020874
XGBoost,2025,0.272835726,0.13607323169708252
XGBoost,2025,0.151649875,0.14834155142307281
XGBoost,2025,0.162695021,0.24550087749958038
XGBoost,2025,0.384086904,0.12677308917045593
XGBoost,2025,0.533199954,0.3837011754512787
XGBoost,2025,0.262624395,0.16819365322589874
XGBoost,2025,0.488464419,0.2339657098054886
XGBoost,2025,0.312487064,0.03764890879392624
XGBoost,2025,0.13339059,-0.1328255981206894
XGBoost,2025,0.160763006,-0.07797756791114807
XGBoost,2025,0.019018781,-0.14307230710983276
XGBoost,2025,0.613475018,0.09419906884431839
XGBoost,2025,0.927826449,0.9340687990188599
XGBoost,2025,1.065203587,1.0170488357543945
XGBoost,2025,1.081506251,0.655039370059967
XGBoost,2025,0.820437822,0.617112398147583
XGBoost,2025,0.457281512,0.5117517113685608
XGBoost,2025,0.559782562,0.5552751421928406
XGBoost,2025,0.06719971,0.5469510555267334
XGBoost,2025,0.57951465,0.3423050045967102
XGBoost,2025,0.867953672,0.4096159338951111
XGBoost,2025,0.726898445,0.32289034128189087
XGBoost,2025,0.87577232,0.5709818601608276
XGBoost,2025,1.052059415,0.8179916143417358
XGBoost,2025,1.389903944,0.9528143405914307
XGBoost,2025,0.796422668,1.0865795612335205
XGBoost,2025,1.422194961,1.488266944885254
XGBoost,2025,0.520115266,0.9839140176773071
XGBoost,2025,0.933899848,0.8225056529045105
XGBoost,2025,0.980213053,1.6777961254119873
XGBoost,2025,1.015394129,1.3953096866607666
XGBoost,2025,0.904045976,1.3412503004074097
XGBoost,2025,1.167172255,1.066541075706482
XGBoost,2025,1.420729155,1.3946760892868042
XGBoost,2025,0.864971665,0.8450719118118286
XGBoost,2025,1.199584714,0.6838576197624207
XGBoost,2025,1.142588175,0.7997618317604065
XGBoost,2025,0.9131797,0.8889617323875427
XGBoost,2025,1.334276757,1.5778506994247437
XGBoost,2025,0.904227543,0.6279979348182678
XGBoost,2025,0.938501045,0.7184688448905945
XGBoost,2025,0.648616415,0.7454536557197571
XGBoost,2025,0.476859285,0.38716578483581543
XGBoost,2025,0.600342458,1.0903555154800415
XGBoost,2025,0.71424929,0.594373345375061
XGBoost,2025,0.78836491,0.4120040535926819
XGBoost,2025,0.664305621,0.5489846467971802
XGBoost,2025,0.2888001,0.5828744173049927
XGBoost,2025,0.38489962,0.3883518576622009
XGBoost,2025,0.682762795,0.5095001459121704
XGBoost,2025,1.160810015,1.8191912174224854
XGBoost,2025,1.35603972,0.7423827648162842
XGBoost,2025,0.751782926,0.44537487626075745
XGBoost,2025,0.677837584,0.061954155564308167
XGBoost,2025,0.742115061,1.489004135131836
XGBoost,2025,1.392965751,1.3608295917510986
XGBoost,2025,0.784206339,0.4701952040195465
XGBoost,2025,0.586090599,0.4322749972343445
XGBoost,2025,0.468804827,0.6576417684555054
XGBoost,2025,0.44618729,0.4511287808418274
XGBoost,2025,0.779014665,0.6279521584510803
XGBoost,2025,1.723548957,1.469140887260437
XGBoost,2025,1.142969993,2.1410768032073975
XGBoost,2025,0.784774494,1.425557017326355
XGBoost,2025,0.932721615,0.585671067237854
XGBoost,2025,0.96800179,0.6309572458267212
XGBoost,2025,0.637710303,0.9635021090507507
XGBoost,2025,0.706104649,0.6283207535743713
XGBoost,2025,1.071435271,1.585986852645874
XGBoost,2025,1.848391218,1.384270429611206
XGBoost,2025,0.914201394,1.9859890937805176
XGBoost,2025,0.762112749,0.5665943622589111
XGBoost,2025,0.627183499,0.49392959475517273
XGBoost,2025,0.593357117,0.5303784608840942
XGBoost,2025,0.714394146,0.6583821773529053
XGBoost,2025,0.593946596,0.7111358046531677
XGBoost,2025,0.406024465,0.6823156476020813
XGBoost,2025,0.51990924,1.846211552619934
XGBoost,2025,0.63686087,1.0780165195465088
XGBoost,2025,1.00682722,1.6294673681259155
XGBoost,2025,1.48644481,1.679550290107727
XGBoost,2025,1.187520679,1.315659999847412
XGBoost,2025,1.18796587,1.7150282859802246
XGBoost,2025,0.702555898,2.054854393005371
XGBoost,2025,1.54251927,1.881106972694397
XGBoost,2025,1.049049884,1.9936877489089966
XGBoost,2025,1.544915255,1.639381766319275
XGBoost,2025,1.08089005,2.0515949726104736
XGBoost,2025,1.773628545,1.2678399085998535
XGBoost,2025,1.429427685,1.994691014289856
XGBoost,2025,1.527963477,1.5837384462356567
XGBoost,2025,1.171376335,1.9730358123779297
XGBoost,2025,3.25679314,1.775917887687683
XGBoost,2025,1.332994357,2.0415165424346924
XGBoost,2025,1.707227258,1.7727793455123901
XGBoost,2025,1.784677597,1.614964485168457
XGBoost,2025,2.1170461,1.3413339853286743
XGBoost,2025,1.84272124,2.8703646659851074
XGBoost,2025,2.49663905,3.0332694053649902
XGBoost,2025,1.9700781,1.154621958732605
XGBoost,2025,1.872439835,1.8704283237457275
XGBoost,2025,1.27326784,1.3765887022018433
XGBoost,2025,2.025534581,1.9148542881011963
XGBoost,2025,2.912338085,2.484400987625122
XGBoost,2025,2.83537793,2.798912763595581
XGBoost,2025,3.247653085,2.3052561283111572
XGBoost,2025,2.459352955,2.61883282661438
XGBoost,2025,1.70993285,2.37424635887146
XGBoost,2025,0.835658305,3.9049129486083984
XGBoost,2025,0.920672915,2.093379259109497
XGBoost,2025,1.97995345,2.3241796493530273
XGBoost,2025,2.915735555,3.98168683052063
XGBoost,2025,2.70794507,2.3834991455078125
XGBoost,2025,2.12669175,1.46186363697052
XGBoost,2025,1.45179606,1.8143901824951172
XGBoost,2025,1.087796685,0.9818199872970581
XGBoost,2025,1.935607522,2.0125508308410645
XGBoost,2025,1.768931715,2.4161863327026367
XGBoost,2025,1.106132769,1.3326247930526733
XGBoost,2025,1.676027199,2.1898486614227295
XGBoost,2025,1.57018925,1.1577355861663818
XGBoost,2025,3.01917654,0.8524278402328491
XGBoost,2025,3.727316015,2.6708240509033203
XGBoost,2025,3.22805132,2.6093220710754395
XGBoost,2025,2.54902195,2.089020013809204
XGBoost,2025,3.088608353,2.1026744842529297
XGBoost,2025,3.04536455,2.5551393032073975
XGBoost,2025,2.9011572,2.315721035003662
XGBoost,2025,2.278046423,2.7539420127868652
XGBoost,2025,2.952246615,1.6697850227355957
XGBoost,2025,2.295931315,3.0970447063446045
XGBoost,2025,1.840461865,2.7990124225616455
XGBoost,2025,2.79913722,2.521578073501587
XGBoost,2025,2.64349418,2.9365997314453125
XGBoost,2025,2.200843225,3.042229652404785
XGBoost,2025,2.45988674,2.930112600326538
XGBoost,2025,2.515615845,2.80985426902771
XGBoost,2025,2.766211925,1.855546474456787
XGBoost,2025,2.11414521,1.6360198259353638
XGBoost,2025,2.502143175,2.645359516143799
XGBoost,2025,3.008795575,3.404867172241211
XGBoost,2025,2.458842585,2.753984212875366
XGBoost,2025,1.89444426,1.0726218223571777
XGBoost,2025,1.56655062,0.9185863733291626
XGBoost,2025,1.93951816,1.0539425611495972
XGBoost,2025,1.913853985,1.3137528896331787
XGBoost,2025,2.54887401,1.799848198890686
XGBoost,2025,3.02235222,1.7124611139297485
XGBoost,2025,2.360189535,1.960965871810913
XGBoost,2025,2.637825335,2.4507670402526855
XGBoost,2025,3.2132113,1.536128044128418
XGBoost,2025,1.928050634,1.3945531845092773
XGBoost,2025,1.678668465,1.457637906074524
XGBoost,2025,1.833228175,1.1589094400405884
XGBoost,2025,1.404355265,1.179958462715149
XGBoost,2025,2.2838879,1.5077754259109497
XGBoost,2025,2.774341717,0.8377363681793213
XGBoost,2025,2.36573201,1.500706672668457
XGBoost,2025,2.294323135,1.7331640720367432
XGBoost,2025,2.526148024,2.2225472927093506
XGBoost,2025,2.509740375,2.182241678237915
XGBoost,2025,2.98068464,2.0611112117767334
XGBoost,2025,2.638131994,2.3744893074035645
XGBoost,2025,2.311098201,1.2087651491165161
XGBoost,2025,1.17849211,1.454057216644287
XGBoost,2025,1.149754035,1.148415207862854
XGBoost,2025,0.808196245,0.6291300654411316
XGBoost,2025,1.211217831,0.3774917423725128
XGBoost,2025,1.900168445,1.2830654382705688
XGBoost,2025,1.329274672,1.3563082218170166
XGBoost,2025,1.53397135,1.625958800315857
XGBoost,2025,2.816986365,1.977736234664917
XGBoost,2025,2.356849671,2.3638386726379395
XGBoost,2025,2.335323838,2.2337188720703125
XGBoost,2025,0.00113735,1.460210919380188
RF,2019,0.028450207,0.19729756907400023
RF,2019,0.162056676,0.17149021796999994
RF,2019,0.358391929,0.1821141498459998
RF,2019,0.179241709,0.17852881924000005
RF,2019,0.12588182,0.27746813987199975
RF,2019,0.239876024,0.21134741666800044
RF,2019,0.349053944,0.22600172644600025
RF,2019,0.125565439,0.2566033997280002
RF,2019,0.103726047,0.18982466847800097
RF,2019,0.091854404,0.2635492154320004
RF,2019,0.241144362,0.6428013620400013
RF,2019,0.557647706,0.4566817794340011
RF,2019,0.336203173,0.433985369594
RF,2019,0.486515033,0.42338302910800013
RF,2019,0.280739779,0.4969854214800003
RF,2019,0.168110405,0.2673350089560007
RF,2019,0.236636593,0.32545919877200097
RF,2019,0.148245974,0.43223643984000043
RF,2019,0.243362068,0.3757123643560004
RF,2019,0.11430324,0.5008441870480002
RF,2019,0.261869129,0.4754452048380006
RF,2019,0.462204627,0.17960263356600045
RF,2019,0.356471248,0.37316249752399994
RF,2019,0.152491515,0.34801299825000026
RF,2019,0.318906221,0.3312306741419997
RF,2019,0.60955369,0.22348305027000065
RF,2019,0.920301448,0.3054457628840004
RF,2019,0.14448254,0.3156752275919989
RF,2019,0.17930718,0.3562159969840008
RF,2019,0.273653912,0.4613127863279997
RF,2019,0.200606252,0.3230616232279996
RF,2019,0.179633148,0.279747610646
RF,2019,0.070130779,0.40308079191800117
RF,2019,0.09294249,1.1405422017320024
RF,2019,0.283597489,0.8808210531040023
RF,2019,0.8707458,0.5083868919919989
RF,2019,0.5746293,0.5753260608780009
RF,2019,1.058284286,0.9270416912560008
RF,2019,1.345363832,0.9957151221419999
RF,2019,0.655631769,0.6735413925200008
RF,2019,0.366057382,0.5690610816260014
RF,2019,0.367168673,0.427490517634001
RF,2019,0.0,0.7953703029660024
RF,2019,0.918271089,2.3402133623180013
RF,2019,1.334376701,1.3464326658600003
RF,2019,0.713831994,0.8935492896440008
RF,2019,0.22388732,1.006100013126002
RF,2019,0.64155501,0.5607485111540009
RF,2019,0.607761454,0.8747023998400014
RF,2019,1.943743308,1.4595644671859977
RF,2019,1.487295529,0.8348525821619988
RF,2019,0.956346776,0.8540687512819981
RF,2019,0.963186367,0.7541094908039997
RF,2019,0.782497702,0.7647765685699982
RF,2019,0.32496216,0.33795938788999996
RF,2019,0.697466272,0.8284654886780001
RF,2019,0.627904326,0.7551705068559996
RF,2019,1.140244963,1.2260718428159982
RF,2019,0.891893881,1.318491572441999
RF,2019,1.287558533,0.8140790862479994
RF,2019,1.298756298,0.5711091756220006
RF,2019,0.47216002,0.7285656530139994
RF,2019,0.152177929,0.48202102873999964
RF,2019,2.583311297,2.0864071200179994
RF,2019,2.25966235,1.4675292645000007
RF,2019,1.326636715,1.322110355944001
RF,2019,1.80876941,2.8180282249820023
RF,2019,3.553218652,1.9885134673560054
RF,2019,2.799945308,1.8022022011880057
RF,2019,2.623281542,2.4823097079639993
RF,2019,2.698705275,2.682275814434004
RF,2019,1.704095875,1.4067913685159965
RF,2019,1.488248795,2.984597668446005
RF,2019,2.776444385,2.1493236945179954
RF,2019,3.185417105,1.7903367832820083
RF,2019,1.928312855,2.2306944495819954
RF,2019,1.61788194,1.8970122078759972
RF,2019,3.451086185,1.6188425775879978
RF,2019,1.51089276,2.746121743838
RF,2019,1.617193436,1.539756733001999
RF,2019,1.270865515,1.584747694039997
RF,2019,1.132592846,1.698449495141995
RF,2019,1.51431375,0.9111487009099997
RF,2019,1.097857805,1.2210796794240015
RF,2019,0.835368935,1.1967508635340014
RF,2019,0.751455895,1.1212036977280007
RF,2019,0.79938068,0.9045666806419996
RF,2019,3.035299945,0.9644261056259977
RF,2019,1.94708784,1.0098541175019997
RF,2019,1.33447899,0.9915639208740001
RF,2019,1.423830735,1.2316488725179988
RF,2019,0.902914185,1.295853675358001
RF,2019,1.38558141,1.431924950658
RF,2019,1.487508107,1.4281046390719967
RF,2019,1.31709652,1.3443594543119992
RF,2019,0.84116592,1.7847316369860025
RF,2019,2.47442931,1.4525038721379964
RF,2019,2.015553085,1.447695830169998
RF,2019,1.6898738,1.1497573660099991
RF,2019,0.997393077,1.147783491498
RF,2019,1.316339545,1.8169754474619992
RF,2019,1.32254935,1.5246302920819994
RF,2019,0.549513925,1.3558606455980013
RF,2019,1.732002192,1.765178625441999
RF,2019,0.443045759,1.0536010795600002
RF,2019,2.028748118,2.118457692892005
RF,2019,1.098125993,0.8129970672879995
RF,2019,0.98396188,1.0381765094039983
RF,2019,0.681482173,0.8119019935559993
RF,2019,0.512945214,0.745856009669999
RF,2019,0.564309567,0.6452370177680009
RF,2019,0.546419189,0.5938974226819997
RF,2019,0.425444663,0.5605824144259999
RF,2019,0.38448063,0.5668166314520007
RF,2019,0.441907847,0.5289251700520003
RF,2019,0.38040517,0.8598697219619997
RF,2019,0.467756315,0.5010283294440001
RF,2019,0.447760635,1.5887463658059935
RF,2019,0.905755274,0.888012071967999
RF,2019,0.377460139,0.49732449957799885
RF,2019,0.410029024,0.4690796738020002
RF,2019,0.219808073,0.5216853985879989
RF,2019,0.190999554,0.46823004455999906
RF,2019,0.31114184,0.49110678384999984
RF,2019,0.056261123,0.40951373325399953
RF,2019,0.385628576,1.4248644927599978
RF,2019,0.27225662,1.1704161242419993
RF,2019,0.594840455,0.8143888233299986
RF,2019,1.105239245,0.7604097240460002
RF,2019,0.592626359,0.8182614228259996
RF,2019,0.399945702,0.781444527360001
RF,2019,0.393393131,0.39322890560999946
RF,2019,0.27737299,0.37386125688999877
RF,2019,0.237838989,0.35423958909799896
RF,2019,0.267747239,0.342463240017999
RF,2019,0.538326811,0.7029076041940004
RF,2019,1.21091775,0.18310374038400032
RF,2019,0.075319323,0.4083697412839992
RF,2019,0.28133288,0.20743798975200003
RF,2019,0.213383183,0.43757756654399865
RF,2019,0.220393841,0.19466260324599988
RF,2019,0.160044557,0.5507427990119992
RF,2019,0.148972276,0.6365629238099989
RF,2019,0.188217506,0.2424591067859999
RF,2019,0.151701583,0.4597398912559991
RF,2019,0.130027014,0.5126823734459993
RF,2019,0.178159879,0.43443414361399885
RF,2019,0.297545355,0.21960673582600024
RF,2019,0.215153798,0.3094831418580003
RF,2019,0.397373045,0.1609216900439999
RF,2019,0.090933855,0.19769845382200021
RF,2019,0.066854878,0.21477733331200008
RF,2019,0.798296294,0.46797399124399985
RF,2019,0.52226429,0.5115510856799997
RF,2019,1.1301361,0.7256917780219999
RF,2019,0.3545626,0.34807813864600023
RF,2019,0.688760978,0.6131101698919993
RF,2019,0.625228325,0.34123256462400015
RF,2019,0.839309151,0.6057535257079997
RF,2019,0.90748344,0.6015969755199995
RF,2019,0.510749146,0.369392537597999
RF,2019,0.337311729,0.322321450658
RF,2019,0.028951645,0.21999111515600092
RF,2019,0.970199415,0.22684181783400004
RF,2019,0.743184553,0.3670775522959996
RF,2019,0.770754096,0.7109896890060006
RF,2019,0.497732326,0.25400062658600003
RF,2019,0.51035606,0.31525439921399956
RF,2019,0.422576255,0.23819054853599972
RF,2019,0.338005708,0.34164728650600035
RF,2019,0.280110453,0.2749486848139998
RF,2019,0.240428937,0.46527659827599965
RF,2019,0.363141945,0.38701335167600065
RF,2019,0.53516536,0.3399829562520008
RF,2019,0.806608626,0.3093957437999996
RF,2019,0.467332832,0.30207263545599977
RF,2019,0.320972668,0.3623634175840003
RF,2019,0.167590059,0.1957750717920007
RF,2019,0.031397285,0.2664963405040011
RF,2019,0.357092917,0.28890252529400023
RF,2019,0.66729507,0.3561143798439998
RF,2019,1.234322866,0.2957294175200003
RF,2019,0.528794628,0.33980526987200055
RF,2019,0.461675464,0.28096530740999986
RF,2019,0.448956388,0.2310087070320001
RF,2019,0.420608432,0.2650665084059999
RF,2019,0.297813855,0.2724013897800002
RF,2019,0.271362195,0.2889248469219998
RF,2019,0.448587907,0.19063548523799975
RF,2019,0.231930695,0.19983789546599995
RF,2019,0.597877238,0.2119725784319997
RF,2019,0.331909348,0.20390074376400028
RF,2019,0.567282853,0.2330835198820002
RF,2019,0.35010694,0.23612827442199963
RF,2019,0.353832428,0.26253340684000015
RF,2019,0.446446351,0.3090035372720008
RF,2019,0.359668833,0.2820152333159999
RF,2019,0.292279184,0.2006252367339997
RF,2019,0.30310209,0.19067134304600042
RF,2019,0.202669113,0.18669631368000017
RF,2019,0.265752828,0.2556173931700006
RF,2019,0.267578709,0.2573101123879996
RF,2019,0.243707023,0.21099250826200006
RF,2019,0.167337215,0.153088747552
RF,2019,0.186282957,0.22907569854000034
RF,2019,0.132198882,0.22664430119000056
RF,2019,0.185357775,0.41853305917800104
RF,2019,0.016739528,0.3916012529820008
RF,2019,1.231421115,0.33682740146800016
RF,2019,0.992732183,0.2545062319760005
RF,2019,0.305250951,0.3175964892260007
RF,2020,0.189073619,0.5947840434919979
RF,2020,0.263751789,0.31963112513200004
RF,2020,0.209733416,0.3070912699039999
RF,2020,0.231694387,0.37431010955399935
RF,2020,0.171170434,0.2324345139919999
RF,2020,0.194928216,0.3191006942939999
RF,2020,0.164450475,0.33087248938199937
RF,2020,0.106888301,0.33929282890200035
RF,2020,0.200875974,0.2831864676979998
RF,2020,0.503132673,0.3176921884660013
RF,2020,0.397138405,0.10737274426599994
RF,2020,0.174463358,0.3268098841860001
RF,2020,0.145144686,0.36497552104799985
RF,2020,0.162837712,0.3190568385299996
RF,2020,0.117364234,0.3301896824780001
RF,2020,0.126259762,0.32627550497200025
RF,2020,0.244215594,0.38077074204399947
RF,2020,0.110849752,0.33375550748800004
RF,2020,0.104816448,0.34478542427200004
RF,2020,0.124956939,0.3389416515480004
RF,2020,0.072763447,0.3043529531300006
RF,2020,0.21559372,0.3038988297840001
RF,2020,0.143160408,0.2933254232220002
RF,2020,0.104476778,0.22383515647600014
RF,2020,0.097652448,0.2586169488319998
RF,2020,0.121166842,0.276219249936
RF,2020,0.058352877,0.29480175373600015
RF,2020,1.09713097,0.6272876055879998
RF,2020,0.48106847,0.20503721406999958
RF,2020,0.436603675,0.32414905389800036
RF,2020,0.366341731,0.31720884670000044
RF,2020,0.363099197,0.44705399251400174
RF,2020,0.395092065,0.6612586748340007
RF,2020,0.372772635,0.2647944341820004
RF,2020,0.103465219,0.07607895793599997
RF,2020,0.150482175,0.07763925457800018
RF,2020,0.635306301,0.28198252524600037
RF,2020,0.558033166,0.35552732955399974
RF,2020,0.334722375,0.3770030227459998
RF,2020,0.169734535,0.31410728988200043
RF,2020,0.201144312,0.26342307535600007
RF,2020,0.152096615,0.22687333874000035
RF,2020,0.30184736,0.30289454566400026
RF,2020,0.431816255,0.2334839562880009
RF,2020,0.579699788,0.2169052140280004
RF,2020,0.253231782,0.2713674708960007
RF,2020,0.162525308,0.4151161513820017
RF,2020,0.476662926,0.60351616894
RF,2020,0.654695041,0.40582353337200056
RF,2020,0.133760902,0.2205777939299997
RF,2020,0.59601641,0.3464548249159996
RF,2020,0.49759604,0.4504016203039999
RF,2020,0.35608565,0.40254732879599997
RF,2020,0.162127093,0.3971589545219999
RF,2020,0.654062822,0.43335961974199994
RF,2020,0.715290495,0.09538195830799986
RF,2020,0.660242838,0.16210667947200033
RF,2020,0.417339032,0.43556620638400034
RF,2020,0.303781447,0.4877414916040001
RF,2020,0.275681535,0.5175115139279985
RF,2020,0.174603632,0.6276576907379997
RF,2020,0.663642645,0.6484819729019989
RF,2020,0.280847954,0.4657643934859997
RF,2020,0.311439145,0.5057181246720003
RF,2020,0.237769422,0.34371207357799954
RF,2020,0.258855859,0.37752056074000007
RF,2020,0.287987121,0.399952877098
RF,2020,0.3046208,0.36352980679800007
RF,2020,1.06991758,1.153170031315999
RF,2020,0.440809488,0.7347351885039995
RF,2020,0.296973641,0.6094545592799999
RF,2020,0.100401238,0.35108920467600013
RF,2020,0.34977977,0.4077704432559984
RF,2020,0.16979188,0.48272033263199854
RF,2020,0.82709496,0.31919172672799984
RF,2020,0.385515444,0.38554159304799956
RF,2020,1.027965202,0.6848916043919994
RF,2020,0.609815037,0.7842360969719998
RF,2020,0.94944645,0.46380628906399973
RF,2020,1.00366335,0.3273357316819998
RF,2020,1.451761267,0.5754742974079997
RF,2020,0.792569781,0.6190118354559996
RF,2020,0.710869889,0.6586188591380012
RF,2020,0.73327002,0.5533184607239999
RF,2020,0.534376286,0.5672548253199996
RF,2020,0.358617597,1.2537075810600002
RF,2020,0.516416465,0.7868209967500018
RF,2020,1.961515437,0.949959410712001
RF,2020,2.17230026,1.1248446996080002
RF,2020,1.322179497,0.9967926936700022
RF,2020,2.149105217,1.1386752462160017
RF,2020,1.061532863,0.9654111415580013
RF,2020,1.19332323,0.25728568276000013
RF,2020,1.310749035,0.7512513371180006
RF,2020,0.79242595,0.8832514567400019
RF,2020,0.68563572,1.094443999932
RF,2020,0.846222066,1.5040809140759965
RF,2020,0.787464365,0.6108888301340013
RF,2020,0.646506828,0.621972287270001
RF,2020,0.49832079,0.7419741195200013
RF,2020,0.614464079,0.5171087959400009
RF,2020,0.75587796,0.7677801603380012
RF,2020,1.13885234,0.5019891757239991
RF,2020,1.136566135,0.6873946222060012
RF,2020,0.511374954,1.2055410290760011
RF,2020,0.36589463,0.3504102311559997
RF,2020,1.847067687,0.7829743371820014
RF,2020,1.077083317,0.598897215705999
RF,2020,1.095667662,0.634205842566
RF,2020,0.68318512,0.7397640241320005
RF,2020,0.601526097,0.3170580872580002
RF,2020,0.860259367,0.7711634423020017
RF,2020,0.858390293,0.7041082072820003
RF,2020,2.084660206,1.3789992885939961
RF,2020,1.46192982,1.2127317635679977
RF,2020,1.00254178,0.6547659082059994
RF,2020,0.83682959,0.7472356208779991
RF,2020,1.116226245,0.7378702726599999
RF,2020,0.889348663,0.7275396942960003
RF,2020,1.27202511,0.6654464791659996
RF,2020,1.633998978,1.3489412987859957
RF,2020,1.418301985,0.8466089612720006
RF,2020,3.558517745,2.1170728955880036
RF,2020,4.499289017,3.096105909244002
RF,2020,3.885170705,3.5855564154159985
RF,2020,0.603057935,3.3635233757599954
RF,2020,4.970738962,4.252938330241993
RF,2020,2.393442532,2.1888470333939978
RF,2020,3.456242495,3.753438219981996
RF,2020,4.0486568,3.1081347175560037
RF,2020,4.65667315,3.339647552910009
RF,2020,4.58250405,1.8297745010920008
RF,2020,5.00601025,3.660802913020008
RF,2020,2.654895305,3.6856576708680118
RF,2020,5.0160081,2.5325171717540034
RF,2020,4.94810754,5.022946644637999
RF,2020,4.68959035,6.114477464026015
RF,2020,4.497102342,5.123177103718
RF,2020,3.97381857,4.471523486154002
RF,2020,4.1807501,4.289605663291994
RF,2020,3.31927005,3.737474348679996
RF,2020,3.80580535,2.967649991426006
RF,2020,2.72051586,2.8441999866700027
RF,2020,1.535729035,2.2818749438100054
RF,2020,1.40413788,2.041243913019999
RF,2020,1.91670776,2.2524220303819913
RF,2020,1.687244518,1.3743245861699978
RF,2020,2.198956571,2.358788132583996
RF,2020,1.175960279,2.254979528711992
RF,2020,1.19485332,2.0138271649599986
RF,2020,1.6867317,2.1078529653559976
RF,2020,1.0609939,2.5509057812200004
RF,2020,2.838032515,2.0489058485719998
RF,2020,2.02443201,1.548292494376002
RF,2020,1.292370805,1.3330117263720012
RF,2020,0.805526924,1.2338221617860008
RF,2020,0.506955029,0.9122389834559994
RF,2020,0.693062417,1.3807906832379966
RF,2020,0.716686751,0.9933093582980005
RF,2020,0.347703975,1.1779811527939992
RF,2020,0.294389564,0.9128028294280014
RF,2020,0.27212566,0.9563182446179997
RF,2020,0.620990905,0.8106521170220001
RF,2020,0.534239486,0.8993901235540024
RF,2020,0.110067995,0.8367533621060007
RF,2020,0.798887565,1.132775694329997
RF,2020,0.21882235,1.4428872664280028
RF,2020,0.483405905,1.0222888382859987
RF,2020,0.287947457,0.9637603828340009
RF,2020,0.053402161,0.8637545038100001
RF,2020,0.17266983,0.9070449595520012
RF,2020,0.361100729,1.0863829418540005
RF,2020,0.299413694,1.0882861306839993
RF,2020,0.324373534,0.6535085529039996
RF,2020,0.350833605,0.9945534423899971
RF,2020,0.46326458,1.0451387484580008
RF,2020,0.265176325,0.7534965643319984
RF,2020,0.982927595,1.2457049898039982
RF,2020,1.223073335,1.0685739105659982
RF,2020,1.155156712,1.4697280510399944
RF,2020,1.846153729,1.5563979220039934
RF,2020,1.290685579,1.3304628802819984
RF,2020,0.68647979,1.2654786845319983
RF,2020,0.503286496,1.5525205391399985
RF,2020,2.3756958,1.957808742372001
RF,2020,1.079731695,1.3269112740140019
RF,2020,0.022680803,1.430679432174001
RF,2020,0.687146846,1.0933197694000016
RF,2020,0.334397918,1.5473885699919978
RF,2020,0.369156239,1.4339069895820016
RF,2020,0.299351763,1.1479070441259993
RF,2020,0.57079899,1.978385396152
RF,2020,3.047958985,1.9122298698739981
RF,2020,2.63880754,2.5896523522279953
RF,2020,1.8071335,1.313370356489999
RF,2020,1.452492945,1.5825492610060057
RF,2020,0.579082844,1.4771398973260026
RF,2020,1.09914375,1.119754433494
RF,2020,0.887791915,1.2805611163220008
RF,2020,1.026061265,1.7526470963020033
RF,2020,0.67961908,1.312622694376
RF,2020,0.52997025,1.2271040147299974
RF,2020,2.036916165,1.1950760614019984
RF,2020,1.012648913,0.7929666957699998
RF,2020,0.825836681,0.6782061446719998
RF,2020,1.34373464,1.2187851342480005
RF,2020,1.137834724,0.639641171812001
RF,2020,0.486173516,0.5667675961620019
RF,2020,0.382566281,0.6186615669040016
RF,2020,0.273518791,0.6652384372500012
RF,2020,0.354035686,0.6113987497580012
RF,2020,0.326701427,0.6302782749740004
RF,2020,0.273194355,0.6575202478960009
RF,2020,0.252968688,0.6440996090880011
RF,2020,0.278200124,0.615317771548
RF,2020,1.075885345,1.3689699515360005
RF,2020,2.50179686,1.3338002352520018
RF,2020,1.022619735,1.0773596124220028
RF,2020,0.647381593,1.3623614548600014
RF,2020,0.520236933,0.9619666433640032
RF,2020,0.410553513,1.0723363894140043
RF,2020,0.273231206,0.8592527819000012
RF,2020,0.408579398,0.7897237884999987
RF,2020,0.342610709,0.8130729053780013
RF,2020,0.2025881,1.1275850553700004
RF,2020,2.029051236,0.8788283565720001
RF,2020,0.922679214,0.7704904770380008
RF,2020,1.289160461,1.2114193991600009
RF,2020,1.54847277,1.618099891242001
RF,2020,2.365472328,1.5590219747619996
RF,2020,1.654010915,1.450189188373995
RF,2020,1.82920305,1.1243511655720024
RF,2020,1.124903615,1.1027100137920023
RF,2020,0.727754633,1.1779409090360011
RF,2020,1.024544155,1.167523311610002
RF,2020,0.743845838,1.179019993602
RF,2020,0.782941065,0.7471914152179997
RF,2020,1.439439262,0.7514109772980003
RF,2020,0.73741978,0.46029606545599994
RF,2020,0.679126282,0.4913400866519997
RF,2020,0.627104505,0.5042083508259999
RF,2020,0.610088275,0.4566118955240013
RF,2020,0.457758999,0.5550319404180007
RF,2020,0.4252275,0.47660925347599953
RF,2020,1.539727037,0.6781412109319999
RF,2020,0.396963857,0.47706913359600056
RF,2020,0.37983677,0.4791563854340003
RF,2020,0.316883121,0.455462277288
RF,2020,0.27652237,0.4783187983740008
RF,2020,0.266208673,0.414853607417999
RF,2020,0.245614269,0.38133398441399957
RF,2020,0.264907939,0.41450622768999973
RF,2020,0.350827923,0.41759054241199894
RF,2020,0.295724384,0.42640123788799905
RF,2020,0.243652245,0.4672887176279987
RF,2020,0.226999126,0.31608065354600035
RF,2020,0.282611233,0.4108463602619992
RF,2020,0.216380474,0.36413703439399936
RF,2020,0.33909861,0.3054324524279997
RF,2020,0.214307021,0.3130406606920002
RF,2020,0.181593411,0.3467336515919991
RF,2020,0.138003637,0.3497952826499998
RF,2020,0.167257839,0.35486821716999933
RF,2020,0.168823216,0.4889064147859995
RF,2020,0.22231493,0.3502685352419999
RF,2020,0.133495258,0.3264691026259996
RF,2020,0.10814979,0.48355542017399894
RF,2020,0.160662589,0.39203514209399953
RF,2020,0.103766027,0.3755653100299999
RF,2020,2.043391735,0.38218099904599934
RF,2020,0.19557151,0.224648852286
RF,2020,0.135435015,0.27692668250599967
RF,2020,0.56073276,0.34290359378399987
RF,2020,0.101961572,0.15204017278399987
RF,2020,0.192566205,0.14173626813599993
RF,2020,1.116624239,0.25820889301200045
RF,2020,0.751483711,0.3182131529820006
RF,2020,0.82365608,0.2967479316520004
RF,2020,0.590844079,0.2836752192120004
RF,2020,0.388596866,0.2672710827160007
RF,2020,0.446447746,0.2439691193500005
RF,2020,0.383193622,0.2888759315839999
RF,2020,0.382646377,0.3246542307959997
RF,2020,0.264206447,0.31527408725400036
RF,2020,0.309357783,0.3235787217119997
RF,2020,0.27863815,0.3659927904299999
RF,2020,0.387866318,0.28753843568400034
RF,2020,0.141233095,0.39638838245200003
RF,2020,0.477125519,0.5600691063540001
RF,2020,0.822342875,0.4713577347279988
RF,2020,0.628892083,0.4606394935240003
RF,2020,0.497120475,0.37490325011600173
RF,2020,0.42305204,0.41862565729599993
RF,2020,0.298056759,0.3112132589640007
RF,2020,0.193762315,0.4816130295540002
RF,2020,0.28636172,0.46515936260199997
RF,2020,0.27672901,0.4436310270519988
RF,2020,0.205229715,0.45958051882400003
RF,2020,0.017330677,0.44449039705400095
RF,2020,0.08106754,0.4201105416859987
RF,2020,0.445104135,0.3359173940959998
RF,2020,0.823027303,0.3806714958959991
RF,2020,0.446196801,0.4886753760099992
RF,2020,0.442676784,0.34361940561600035
RF,2020,0.508538078,0.4102165468379994
RF,2020,0.387116051,0.3163630348279998
RF,2020,0.326240226,0.37667475219800023
RF,2020,0.321901695,0.4108072696420001
RF,2020,0.287332577,0.30004689296200016
RF,2020,0.356349857,0.4339970808440006
RF,2020,0.23727222,0.38468891533600014
RF,2020,0.164435598,0.23596759724199956
RF,2020,0.205842184,0.18988729986799993
RF,2020,0.226789917,0.24083355001200007
RF,2020,0.242162042,0.21127276397200018
RF,2020,0.235843623,0.2304690778620002
RF,2020,0.150565208,0.391859061673999
RF,2020,0.16433713,0.3494740002180003
RF,2020,0.133487103,0.2711359038580002
RF,2020,0.046516057,0.25786430196600074
RF,2020,0.097365322,0.2774665030120006
RF,2020,0.082269815,0.17066596172000048
RF,2020,0.162684809,0.3513657436280009
RF,2020,0.217266748,0.3752034210060006
RF,2020,0.15151416,0.2880229103379984
RF,2020,0.390701615,0.3778635740319998
RF,2020,1.0159862,0.3676353350260006
RF,2020,0.49577105,0.23104343078399975
RF,2020,0.04422851,0.3190016032420003
RF,2020,0.172915365,0.43667152164999884
RF,2020,0.319454865,0.1750335463240002
RF,2020,0.254872587,0.23416077067600002
RF,2020,0.007574052,0.24814889722600111
RF,2021,0.246341098,0.18630832814400025
RF,2021,0.09402294,0.1519693346560001
RF,2021,0.40305186,0.1760830788719998
RF,2021,0.986454925,0.6080747265020008
RF,2021,0.953202944,0.3202539748679997
RF,2021,0.481612123,0.34086722653399987
RF,2021,0.375025888,0.2789895131559998
RF,2021,0.268182695,0.4323498904759996
RF,2021,0.418903714,0.4480410571960002
RF,2021,0.544109629,0.32498002870999987
RF,2021,0.672419436,0.3057779164539998
RF,2021,0.593397245,0.3500654496319992
RF,2021,0.99791995,0.3984024348580001
RF,2021,0.52873974,0.343779007016
RF,2021,0.575973807,0.3908317372959981
RF,2021,0.279876271,0.37529978383600004
RF,2021,0.381623329,0.322743603376
RF,2021,0.304267033,0.46931621069000057
RF,2021,0.271570571,0.47355373249000016
RF,2021,0.24173304,0.24986131676399959
RF,2021,0.010379313,0.18046656014000031
RF,2021,0.004706255,0.2921118797320003
RF,2021,0.090151925,0.17380912742000054
RF,2021,0.068667605,0.20202654761199987
RF,2021,0.127538642,0.49511227455200046
RF,2021,1.443804685,0.3287943965259999
RF,2021,0.80607112,0.5233114671900002
RF,2021,0.399892438,0.22904857498599868
RF,2021,0.723584875,0.528475288806
RF,2021,0.849421919,0.5568061312280003
RF,2021,0.9703558,0.37410140485200066
RF,2021,0.202088025,0.36512152271599935
RF,2021,0.01560405,0.24917555311000036
RF,2021,0.353825487,0.18711190157199986
RF,2021,0.302797329,0.24160815561599983
RF,2021,0.005103639,0.21511423444000002
RF,2021,0.032827503,0.19485207387799997
RF,2021,0.066968125,0.20301121876599998
RF,2021,0.061480324,0.18515261094199995
RF,2021,0.020584883,0.18375346271400025
RF,2021,0.059276265,0.17767904085000039
RF,2021,0.060744605,0.32971495494800035
RF,2021,0.10893456,0.2670464515880005
RF,2021,0.038677852,0.3341295578620001
RF,2021,0.275379157,0.33828279169400055
RF,2021,1.3890346,0.685844897008001
RF,2021,1.55430484,0.958597239124002
RF,2021,1.650797145,0.5979269028580008
RF,2021,1.233766543,0.5932407659180007
RF,2021,0.795803691,0.5709178139720015
RF,2021,0.68618056,0.49405162039600065
RF,2021,0.952348596,0.7885851148240001
RF,2021,0.820565636,0.5149164129939997
RF,2021,0.651068145,0.6997662924019997
RF,2021,0.599273758,0.6436854256880001
RF,2021,0.199736677,0.6763744063420015
RF,2021,0.594748013,0.7042682878520015
RF,2021,0.59225439,1.2107696660780003
RF,2021,0.055638927,0.7270867366840007
RF,2021,0.346796351,0.25587447485400033
RF,2021,0.369882028,0.47738518482999964
RF,2021,0.47108737,0.5684669482620012
RF,2021,0.51426279,0.9495937337979993
RF,2021,0.305293993,0.6631387024859998
RF,2021,0.73051852,0.9941008253519957
RF,2021,0.342148565,1.667279845374
RF,2021,0.288230726,1.6869277791039978
RF,2021,0.288709037,1.5949346181299968
RF,2021,0.677066814,1.552258103787998
RF,2021,1.151582635,1.729051519071996
RF,2021,1.663888861,1.6186935503419961
RF,2021,1.713556307,1.6109468654719963
RF,2021,1.260857465,1.4575149751759982
RF,2021,0.774580492,1.5372208769939977
RF,2021,1.696986603,1.6477059834259982
RF,2021,1.16301596,1.522625496132
RF,2021,1.347608687,1.3908402074219977
RF,2021,1.263383903,0.7410961577600012
RF,2021,1.83278402,1.2061000369660013
RF,2021,1.38377147,0.662668689308
RF,2021,1.88290826,0.6666139937400009
RF,2021,0.632158393,0.5947169557520009
RF,2021,0.752413517,0.9910541714739987
RF,2021,0.819231145,0.6683230073400003
RF,2021,0.900277572,0.5969385300040012
RF,2021,0.717593457,0.6576052611779993
RF,2021,0.741177375,0.635861840632
RF,2021,0.64049361,0.369764545394
RF,2021,0.600939525,0.5572846013900011
RF,2021,1.100797856,0.6590004365120005
RF,2021,0.232041164,0.6388755269159996
RF,2021,0.057844665,0.5907981848160011
RF,2021,0.159403515,0.669722438254001
RF,2021,0.342631725,0.5719550517320003
RF,2021,0.301048182,0.5194621832679992
RF,2021,0.648702195,0.38194985648
RF,2021,0.32483295,1.3715521639840018
RF,2021,1.801256077,1.2633292609619977
RF,2021,0.013671853,0.9100231827360025
RF,2021,0.624886221,0.45802602251000074
RF,2021,1.605746809,1.1696796526359983
RF,2021,1.01572724,0.5945806285200012
RF,2021,1.771869495,1.4001456440239952
RF,2021,1.355452361,1.3124515900579978
RF,2021,1.589766536,1.1527926153300005
RF,2021,1.80947472,1.2252729033819996
RF,2021,1.552761495,1.0635458139800014
RF,2021,1.394993404,1.7268725118939987
RF,2021,3.005385072,1.59148440146
RF,2021,2.244254576,2.2146152519599966
RF,2021,3.075309529,2.361334658329999
RF,2021,0.4037155,1.829920880274
RF,2021,1.76311136,1.5787312312439998
RF,2021,2.511647399,2.2572278510039987
RF,2021,2.353877295,2.196077423724001
RF,2021,2.212077081,2.3863297438539965
RF,2021,1.964797222,2.480894499941997
RF,2021,2.06133355,1.1597015511820012
RF,2021,1.86449305,1.2007967864320008
RF,2021,2.4922631,1.1049837105800002
RF,2021,1.4610104,0.9573640442080007
RF,2021,2.858446557,2.0406168665660007
RF,2021,3.13131598,2.5340165177600005
RF,2021,2.092194775,2.001014917678003
RF,2021,1.366757345,1.2568724271259988
RF,2021,1.492902365,1.7578539749299968
RF,2021,1.038015761,1.2534191524139993
RF,2021,3.106994564,1.365595346697998
RF,2021,0.864369715,1.2364904413119993
RF,2021,0.19749485,1.540690576685997
RF,2021,0.8546874,1.4847301602440022
RF,2021,3.234250408,0.4734307381019998
RF,2021,3.810667727,0.4642733360940003
RF,2021,3.37109554,1.2720734363800006
RF,2021,3.839756082,1.3414194909339994
RF,2021,2.648865685,1.5200345192920015
RF,2021,2.578618315,1.409406552362
RF,2021,2.3321467,1.2804495272159975
RF,2021,0.77955524,1.5155021524840013
RF,2021,1.08925278,2.0980500934060027
RF,2021,3.050409706,3.5748117562059996
RF,2021,2.58566825,3.5849573558
RF,2021,2.535335525,3.0468728285479965
RF,2021,2.578267685,4.2271775591179885
RF,2021,2.47389725,3.0483887707959965
RF,2021,2.44591525,3.2170342527179994
RF,2021,2.3115882,2.337244003983999
RF,2021,1.51336833,3.1423737338460045
RF,2021,1.33467486,3.3885895672799964
RF,2021,0.890627866,3.2487180645540006
RF,2021,1.277969271,0.9144128057619995
RF,2021,1.269682042,0.5809577769160008
RF,2021,0.7670823,0.450415250142
RF,2021,0.926749195,0.5601307833179973
RF,2021,0.953458298,0.46169275069800153
RF,2021,1.00125382,0.41684668541000147
RF,2021,1.056781835,0.4478946612060021
RF,2021,1.077759344,1.0799782326760021
RF,2021,2.012775565,2.0300525160199974
RF,2021,1.765419471,2.161002104423999
RF,2021,1.88606544,1.7098224776399977
RF,2021,2.222534031,1.7540655210879985
RF,2021,1.530083368,1.9281282038999965
RF,2021,1.879122337,2.105295470639997
RF,2021,3.25807556,2.0498396096679987
RF,2021,3.58094255,1.7842278474739968
RF,2021,3.35972938,2.255572853741996
RF,2021,2.536926835,2.1555446496479953
RF,2021,2.672961695,1.8708030567259963
RF,2021,2.657611033,1.8605183575019981
RF,2021,1.443786332,1.526053498694002
RF,2021,2.227425506,2.3368441273500022
RF,2021,3.579722505,2.0487283794939963
RF,2021,4.7057836,2.4970620681460014
RF,2021,4.192679526,2.220954183699998
RF,2021,3.63309978,2.4224817717460034
RF,2021,0.46788893,2.4871657732439982
RF,2021,3.32582605,2.0826067402159967
RF,2021,3.78984166,2.2222605147780006
RF,2021,3.13246199,1.626593452783999
RF,2021,2.552775052,1.253888301970002
RF,2021,2.108205057,2.313046305314002
RF,2021,3.475547118,3.4834764154899958
RF,2021,3.141928503,3.689446417839996
RF,2021,4.146114889,3.8321089244879913
RF,2021,3.840022127,3.7893347831939947
RF,2021,3.371954005,2.9264019652900006
RF,2021,0.977428677,1.4813458378180022
RF,2021,2.463065485,3.2063887298980016
RF,2021,3.199795154,3.657438334196007
RF,2021,2.780587707,2.972506267056002
RF,2021,1.966444683,2.295426706021998
RF,2021,2.738539148,2.7149566311979956
RF,2021,2.700781045,2.513444654646
RF,2021,2.039927046,1.447753438916002
RF,2021,2.29722817,1.0587377304419978
RF,2021,2.24294831,1.8049257336160034
RF,2021,2.14988649,1.521358961514
RF,2021,2.002141245,2.0473662399279995
RF,2021,1.261118975,1.503930902901999
RF,2021,1.187705333,1.2644476858880016
RF,2021,2.557849165,2.478232419947996
RF,2021,1.836820115,1.0650109932520018
RF,2021,1.55685647,0.9683471121239984
RF,2021,1.939367538,1.7366278669119979
RF,2021,1.674386789,2.5871021712139965
RF,2021,1.571777115,2.316347550256004
RF,2021,2.986070124,3.4154456282179932
RF,2021,2.19183522,2.9287409945619993
RF,2021,1.427366136,2.2414752952480006
RF,2021,1.653461736,2.206156631973998
RF,2021,1.439411902,1.9926136884919996
RF,2021,0.781963739,1.5707901720639994
RF,2021,1.215420467,2.030860577834001
RF,2021,1.216612905,1.8456864947879983
RF,2021,0.81503138,1.3081208273439995
RF,2021,1.15687533,1.6535349978619942
RF,2021,1.93989139,0.8632781260519999
RF,2021,1.85201653,1.7004748763219952
RF,2021,1.269157907,1.7349543620219992
RF,2021,1.017953899,1.2759154142339992
RF,2021,1.132559452,1.8554007703659976
RF,2021,1.236743145,1.2771478225119992
RF,2021,0.950774615,1.2778112947059994
RF,2021,0.054216115,1.1672069787419996
RF,2021,0.605969969,1.6589508543020022
RF,2021,1.328959113,1.477725512379996
RF,2021,0.00039324,0.865337649655999
RF,2021,0.906767033,0.5240324967700014
RF,2021,0.130635471,0.5403734887320002
RF,2021,0.436181574,0.7246934794740013
RF,2021,0.423994461,0.5374375797640005
RF,2021,0.030234455,0.5430691465679994
RF,2021,0.217628042,0.46453424946599964
RF,2021,0.003010638,0.5464438608159995
RF,2021,0.009110043,0.4990843712660005
RF,2021,0.28394592,0.5045601316179991
RF,2021,0.714489,0.9829974071599984
RF,2021,0.37578862,0.6562576768019993
RF,2021,0.061169572,0.9733438257359985
RF,2021,0.02239843,0.8406062291859988
RF,2021,0.164977814,0.8280873152779997
RF,2021,0.28381184,0.7183238583739999
RF,2021,0.188769563,0.6740459591639992
RF,2021,0.100492957,0.4168370209339998
RF,2021,0.335865177,0.48954889734799983
RF,2021,0.131276966,0.4409375965260001
RF,2021,0.877477735,0.9363289483880012
RF,2021,2.0151177,1.0935675230299997
RF,2021,0.593845832,0.8094380972639972
RF,2021,0.231164286,0.7502094360619985
RF,2021,0.23491276,0.7509838621239995
RF,2021,0.158970633,0.45854426064999915
RF,2021,0.312216019,0.621904073462
RF,2021,0.660534255,0.478123990047999
RF,2021,0.566941703,0.7712284700860017
RF,2021,0.336680413,0.6012728643219997
RF,2021,0.814282744,0.5977456244160001
RF,2021,0.813458063,0.4908144404660001
RF,2021,0.742023191,0.39075138802200027
RF,2021,0.103911328,0.42190585574799944
RF,2021,0.070281975,0.4049224151319986
RF,2021,0.157759441,0.408099513091999
RF,2021,0.212785126,0.5815730994359994
RF,2021,0.07363805,0.41547049376199985
RF,2021,0.197829815,0.32716857022400053
RF,2021,0.13879907,0.26410851130400037
RF,2021,0.202513272,0.44288393390200004
RF,2021,0.190219405,0.36663691740000093
RF,2021,0.066308569,0.16699151374800061
RF,2021,0.013384134,0.12974216836999972
RF,2021,0.105451612,0.3186405694480007
RF,2021,0.104006804,0.31203718707200095
RF,2021,0.051120214,0.28062052169000007
RF,2021,0.127944904,0.14512885262199995
RF,2021,0.008023856,0.28161196870399974
RF,2021,1.7614509,2.722877856187998
RF,2021,2.997800855,2.689199302733999
RF,2021,2.07815125,2.4831933412859994
RF,2021,2.60459143,3.160097827433999
RF,2021,2.500724527,3.2379587184719973
RF,2021,1.064993737,3.1221723163160005
RF,2021,2.36790855,0.9156093457099999
RF,2021,1.355167363,0.5397535415420007
RF,2021,1.81107468,0.4239466189020003
RF,2021,2.028209218,0.5751282660939971
RF,2021,1.919775041,0.47300435890800124
RF,2021,1.803049427,0.4732022916240015
RF,2021,1.385907047,0.5874576274260016
RF,2021,1.00336557,0.4626873332320015
RF,2021,0.638829159,0.5389171549020011
RF,2021,1.14876414,1.6602520361219968
RF,2021,3.01328645,2.0051449402179977
RF,2021,3.136252195,2.102855050858003
RF,2021,2.76361253,1.319635599100003
RF,2021,1.98965826,0.9846349629820005
RF,2021,1.200159335,1.4413994467480007
RF,2021,1.116612541,1.1800202344939994
RF,2021,1.559459872,1.247860927342
RF,2021,0.799827699,1.27063516203
RF,2021,0.748274199,1.5937494614299976
RF,2021,0.712779455,1.6369386574899993
RF,2021,0.797208332,1.0329439525359987
RF,2021,0.530766139,0.9976552913700021
RF,2021,1.650498353,1.02649923256
RF,2021,1.3247183,1.0225091075719983
RF,2021,0.90681151,0.5236678027440002
RF,2021,0.768214136,0.5003873275040007
RF,2021,0.668524715,0.9192351080579976
RF,2021,0.54176098,1.091437712022001
RF,2021,1.92690339,1.1687425595159984
RF,2021,2.321395125,1.2360307538299955
RF,2021,2.626125305,1.426360066358
RF,2021,0.881618738,1.3316536258299976
RF,2021,0.705337765,0.771997540238
RF,2021,0.78983477,0.6817807141000007
RF,2021,0.446514665,0.9719998664459977
RF,2021,0.437133432,1.077878511610003
RF,2021,1.027994598,1.1699186060739997
RF,2021,2.181326849,1.5935359974819987
RF,2021,1.537653535,0.9284430792379985
RF,2021,0.761827573,1.0359119539839998
RF,2021,0.526112173,0.9351655091900001
RF,2021,0.539398995,0.9894345753479994
RF,2021,0.606567835,0.8577968624599986
RF,2021,0.585014385,0.5903885345039982
RF,2021,0.63270044,0.5911128788559998
RF,2021,0.454654635,0.6856854501579999
RF,2021,0.632925086,0.9343763704399991
RF,2021,3.511705858,0.734614092
RF,2021,4.682698527,0.4968990365040011
RF,2021,0.813116872,0.5847938583219995
RF,2021,0.470965505,0.566631976762001
RF,2021,0.93390352,1.103106940727999
RF,2021,0.704733667,0.8744844467360011
RF,2021,0.63851291,0.5554965382920002
RF,2021,0.480795435,0.4454177105540007
RF,2021,1.31994471,1.4746860796439953
RF,2021,0.587763113,0.8864635177459991
RF,2021,0.816134505,0.7335966477880025
RF,2021,1.095176824,1.0265236838759981
RF,2021,0.875130283,0.8225140803700006
RF,2021,0.711444518,0.6287296086100023
RF,2021,0.639804179,0.7593849931419994
RF,2021,0.476220641,0.7622915215340009
RF,2021,0.359623693,0.7638017685840008
RF,2021,0.15313093,0.5749939182779998
RF,2021,0.884354765,0.9118411095679989
RF,2021,0.588972418,0.6660383745379999
RF,2021,0.444726949,0.5908013412600012
RF,2021,0.38870126,0.6655370990360003
RF,2021,0.308232327,0.5607572403840011
RF,2021,0.563244662,1.8544285769119995
RF,2021,3.883041365,1.847237517427999
RF,2021,1.27410674,1.1499388437680007
RF,2021,1.045332186,1.4217487625680005
RF,2021,1.02372206,1.2729181830260001
RF,2021,0.84593107,1.0409197578799987
RF,2021,0.323064619,1.2046418976359985
RF,2021,0.67351483,1.2974425508740028
RF,2021,0.680584448,0.8761084937440017
RF,2021,0.376902126,1.1897293506460014
RF,2021,0.17934059,1.289242897127999
RF,2021,0.663418232,0.9977605876020005
RF,2021,0.002760244,0.5648181574439997
RF,2021,2.256439155,0.8114883217499997
RF,2021,2.04991743,1.6256006923559971
RF,2021,3.016443162,1.5189882174819993
RF,2021,1.813495185,1.3398389971099978
RF,2021,1.281076165,1.0657567042560017
RF,2021,0.759322523,1.238662121748
RF,2021,1.088375512,0.9472888573660019
RF,2021,0.869346008,1.4899029963479928
RF,2021,0.836947888,1.0993917747160005
RF,2021,0.807693695,1.0986995243440005
RF,2021,0.428265779,0.911534238203999
RF,2021,0.680307985,1.6349267858560037
RF,2021,1.217765801,1.5480810130619982
RF,2021,1.260417381,1.040676436645998
RF,2021,0.81861316,0.688881118774
RF,2021,0.215578845,0.531072145118
RF,2021,0.606148445,1.1415298709859982
RF,2021,0.393097519,0.5521547354820007
RF,2021,0.457187437,0.5355533831840008
RF,2021,0.485374045,0.5974859773380007
RF,2021,0.342597859,0.5038062057080007
RF,2021,0.536557856,0.517146000348001
RF,2021,0.17178872,0.46111029307000057
RF,2021,0.392320503,0.5104703395940003
RF,2021,0.559476999,0.5256520285060008
RF,2021,0.312620051,0.5307213607720013
RF,2021,0.350625429,0.40410948021999926
RF,2021,0.28178108,0.5593950554560001
RF,2021,0.301924128,0.4321082634360011
RF,2021,0.239672299,0.44386659513199994
RF,2021,0.392869371,0.5200105891440002
RF,2021,0.335978335,0.4247572273759994
RF,2021,0.344146233,0.4703035779719997
RF,2021,0.268945015,0.4499275847439997
RF,2021,0.01093894,0.4147306792959998
RF,2021,0.816097194,0.9703989295119979
RF,2021,0.726020963,0.8649464216399971
RF,2021,0.68967022,0.6881324955319996
RF,2021,0.546171161,0.5827356784799995
RF,2021,0.329346395,0.7541107465739992
RF,2021,0.22427508,0.7570011952
RF,2021,0.415475323,0.6498077376299995
RF,2021,0.540522854,0.6187150930559996
RF,2021,0.243370392,0.3386181148420003
RF,2021,0.579436151,0.4419347688920004
RF,2021,0.26101875,0.3960321007559997
RF,2021,0.885692026,0.9361215483960014
RF,2021,0.3954691,1.0899668098359996
RF,2021,0.355302628,0.8010678773299974
RF,2021,0.586792836,0.7921132498419979
RF,2021,0.4695094,0.7850518424099994
RF,2021,0.188946356,0.5511280618259992
RF,2021,0.378580324,0.6742966328400009
RF,2021,0.568122755,0.5887500094519993
RF,2021,0.689928687,0.8160308245820014
RF,2021,0.522743365,0.7038143416999989
RF,2021,0.028573335,0.7091600956199985
RF,2021,0.297110725,0.4748966597659998
RF,2021,0.235753887,0.4239075712639988
RF,2021,0.45528532,0.4473155774859988
RF,2021,0.468394753,0.5998011951899994
RF,2021,0.376086888,0.48989749622200107
RF,2021,0.450705814,0.38531348458000064
RF,2021,0.391160922,0.3139046609559999
RF,2021,0.491235351,0.5011503507200015
RF,2021,0.401077778,0.4202077574000017
RF,2021,0.312383305,0.3213573311120011
RF,2021,0.213724516,0.2883299251720009
RF,2021,0.297485885,0.3693951251920012
RF,2021,0.314150409,0.32361892948600124
RF,2021,0.436072554,0.31668058730999993
RF,2021,0.428944036,0.30712117592999977
RF,2021,0.357075937,0.3690628908640005
RF,2021,0.266777844,0.3513908819020005
RF,2021,0.361113057,0.4431497696699995
RF,2021,0.355508948,0.39482280639000034
RF,2021,0.325649568,0.3255473247800009
RF,2021,0.317312044,0.33842339003800065
RF,2021,0.458997948,0.4423628812260003
RF,2021,0.303196603,0.32104327497200086
RF,2021,0.387159973,0.36334734499600074
RF,2021,0.433601071,0.4454941458600001
RF,2021,0.355918694,0.3179746372540009
RF,2021,0.335840756,0.36891238066000026
RF,2021,0.371840455,0.245661023722
RF,2021,0.061353334,0.17194587955399968
RF,2021,0.146660969,0.2942521330920002
RF,2021,0.168706106,0.2865930481339995
RF,2021,0.16113355,0.36211593366800054
RF,2021,0.55663074,0.28871262939399955
RF,2021,0.235286376,0.2003600613759995
RF,2021,0.220423661,0.27640437438600046
RF,2021,0.215157325,0.3155081653799998
RF,2021,0.166037452,0.4961525467520016
RF,2021,0.377051402,0.3288242107520001
RF,2021,0.166807258,0.23680773808000002
RF,2021,0.145387342,0.2261264277339998
RF,2021,0.079873333,0.18844419893999978
RF,2021,0.182003078,0.32889463342599995
RF,2021,0.099969202,0.28782695716600004
RF,2021,0.223988095,0.3152040984159999
RF,2021,0.195046711,0.30445061024600006
RF,2021,0.159285521,0.2987718046000002
RF,2021,0.298283025,1.050216532937997
RF,2021,0.604759408,0.4715117775980005
RF,2021,0.426461845,0.4569639893099992
RF,2021,0.163912465,0.4938478523599993
RF,2021,0.155014674,0.5768109908320003
RF,2021,0.034172903,0.21936584780999963
RF,2021,0.164820426,0.41332384522000043
RF,2021,0.093836379,0.14527793363399974
RF,2022,0.041963071,0.233929342542
RF,2022,0.107126726,0.2480154995680003
RF,2022,0.046744134,0.45939865628000015
RF,2022,0.461299797,0.35767306502800006
RF,2022,0.680135593,0.3226654929460001
RF,2022,0.62550849,0.24777054930600084
RF,2022,0.207912548,0.12169079383600029
RF,2022,0.11537314,0.1298350468920005
RF,2022,0.061197049,0.1273657317760003
RF,2022,0.066656085,0.181149095918
RF,2022,0.009728362,0.18850606766799988
RF,2022,0.139222101,0.3111412180860002
RF,2022,0.140846716,0.3186710576659998
RF,2022,0.335987105,0.30559722407199963
RF,2022,0.245879869,0.3367797627919986
RF,2022,0.247703078,0.3443003889439989
RF,2022,0.192047118,0.596165704608
RF,2022,0.511876498,0.47846432550800017
RF,2022,0.78885819,0.30829100484000055
RF,2022,0.169290465,0.2539531677819998
RF,2022,0.036795142,0.478674288266
RF,2022,0.0,0.45827430594399965
RF,2022,0.439032195,0.6343413210559998
RF,2022,0.326494516,0.8251994256080022
RF,2022,0.202118991,0.7689170867120017
RF,2022,1.41537786,1.3632601623439964
RF,2022,2.209250715,1.131094759084001
RF,2022,0.01947535,0.7528028986120003
RF,2022,1.39337795,1.2227575046740011
RF,2022,1.243559939,1.233113822232
RF,2022,0.72875032,1.1232437339019996
RF,2022,0.495338919,1.2684186198100005
RF,2022,0.581870939,1.3159983919919997
RF,2022,0.420547035,0.979334503603999
RF,2022,0.701521656,0.7505112739880003
RF,2022,2.325402396,0.8460603080699979
RF,2022,3.082000845,1.4423807178759966
RF,2022,1.767593714,1.3468269804020008
RF,2022,1.168993565,1.1720382617899985
RF,2022,0.002984779,1.2594524309299988
RF,2022,0.560723325,1.3729753725379992
RF,2022,0.80910345,0.7238680364919998
RF,2022,0.554182658,1.0004883120240002
RF,2022,0.412350831,1.1028180494940008
RF,2022,0.422503727,1.1043994739940013
RF,2022,0.473287535,0.32333340091399965
RF,2022,1.372972024,1.2197219416559997
RF,2022,0.425794214,0.730320452738
RF,2022,0.410039172,0.3767271586080006
RF,2022,0.168421342,0.6729962000720003
RF,2022,0.271783151,0.6527780300180008
RF,2022,0.137843859,0.832155883316
RF,2022,0.101881955,0.5498719251640002
RF,2022,0.328944023,0.507417947498001
RF,2022,0.185286709,0.6640807828280006
RF,2022,0.270505055,0.7609599256500001
RF,2022,0.34441556,0.8090475638539998
RF,2022,0.147639199,0.7986006804660021
RF,2022,0.57046163,0.8488302494520013
RF,2022,1.672985942,1.2991373605800016
RF,2022,0.263208204,0.7356424872060013
RF,2022,0.198229423,0.4565846660860011
RF,2022,0.21724745,0.8216262261980009
RF,2022,0.240843969,0.3170847047639996
RF,2022,0.216330532,0.7311103703759984
RF,2022,1.462668765,1.2881851313039983
RF,2022,0.464726292,0.7741844582759994
RF,2022,0.738135044,1.0526904800499999
RF,2022,1.20402185,1.276779090028
RF,2022,2.44320585,2.100243202924005
RF,2022,1.51667574,2.088155680742
RF,2022,2.81273566,2.7710674071440007
RF,2022,2.612436152,2.0949536069779975
RF,2022,1.54337316,2.1463106971
RF,2022,1.498266928,2.087775415539997
RF,2022,0.91699546,1.9098003103520016
RF,2022,0.97427977,1.8320211837800047
RF,2022,0.73793613,1.7893417716620024
RF,2022,0.862399078,2.627315732199994
RF,2022,0.578386663,0.8772095463199993
RF,2022,0.546428716,0.9406991027180006
RF,2022,0.560864526,0.9175635333079989
RF,2022,0.421751071,0.8035671872380008
RF,2022,0.424526165,0.8724584082959993
RF,2022,0.41594795,0.7578332287380001
RF,2022,0.305597755,0.48563741826400036
RF,2022,0.09024175,0.47405170194200025
RF,2022,0.485336825,0.8796535058859963
RF,2022,0.393437012,0.9291780303719989
RF,2022,0.476434439,0.6896442036659998
RF,2022,0.396914905,0.4592610608159995
RF,2022,0.557795934,0.8472138039979998
RF,2022,2.1421052,1.396280852876001
RF,2022,1.013096665,1.4089973414199997
RF,2022,2.4487323,1.6704692867780029
RF,2022,3.70944881,3.014260228492004
RF,2022,3.181197458,3.097838727648006
RF,2022,3.742303495,2.964794542902004
RF,2022,2.830107965,2.5905705215140045
RF,2022,2.7771717,2.607482054872002
RF,2022,3.130349581,2.936379089044008
RF,2022,2.699800585,3.362889773444003
RF,2022,1.2886323,2.513510813184
RF,2022,1.057500049,2.4394260625540025
RF,2022,1.260686175,2.336134597826004
RF,2022,1.25503973,0.7360546518379981
RF,2022,1.4058549,1.7184575788140044
RF,2022,0.966722215,0.9643314457439992
RF,2022,1.17154764,1.1787234945160006
RF,2022,0.524145604,0.9094049666039999
RF,2022,0.95801886,1.5737770055879996
RF,2022,0.672197145,1.156451855079995
RF,2022,0.564434831,0.9441321223819956
RF,2022,0.550355657,0.7983789921560002
RF,2022,0.413263818,0.49203018378999985
RF,2022,0.31982862,0.5744994755080006
RF,2022,0.592019135,1.482041362758
RF,2022,0.44599786,0.8373276491099998
RF,2022,0.530084778,0.5308375236699997
RF,2022,0.300596202,0.4809239542740001
RF,2022,0.249463909,1.097832355664002
RF,2022,0.583418522,1.2009206850480016
RF,2022,0.821687031,0.5900448694099997
RF,2022,0.807332406,0.40704393870999955
RF,2022,0.418606784,0.7372242573040014
RF,2022,0.570989062,1.6276806264379995
RF,2022,0.545523916,0.8296629958599994
RF,2022,0.726919135,1.052645446299999
RF,2022,0.55705609,0.866266734264002
RF,2022,3.6621348,1.387200445164003
RF,2022,4.458306105,2.1319491045400047
RF,2022,4.96025518,2.3545336074779994
RF,2022,4.05222316,2.2114067406320017
RF,2022,2.5761837,2.702758381552
RF,2022,2.6699641,2.9757149976340016
RF,2022,2.6747828,3.1462798113520005
RF,2022,2.2025582,3.304439490769999
RF,2022,2.04027464,3.421595981363994
RF,2022,2.52711405,3.544196167773998
RF,2022,4.202483175,3.392288957342
RF,2022,3.501304365,2.430469956356
RF,2022,2.6492888,1.9263221261079997
RF,2022,2.284225752,1.874775849173998
RF,2022,2.395750264,1.8319400506199988
RF,2022,2.347239805,2.712763881159996
RF,2022,1.923152341,2.8903970328779947
RF,2022,1.98945604,2.8265809070539945
RF,2022,1.659447425,2.9704565987719986
RF,2022,4.234023495,3.752526890288002
RF,2022,2.857902425,3.9105296906159936
RF,2022,3.850147985,4.101485918847994
RF,2022,2.446428475,4.669398210432003
RF,2022,3.535981835,4.675978957020003
RF,2022,4.709116905,4.677060468562002
RF,2022,4.578619791,4.686990974872001
RF,2022,4.080302195,5.860162931863994
RF,2022,3.65960872,5.533997434746014
RF,2022,3.30926045,5.565191064412013
RF,2022,2.87295164,5.3295249569060035
RF,2022,3.0800583,5.996176486496005
RF,2022,1.413719695,4.170581772355992
RF,2022,1.155060881,1.5650969625579993
RF,2022,2.148770955,3.0317684700959866
RF,2022,1.88396471,3.7388412804519806
RF,2022,2.024887545,4.056693548597986
RF,2022,1.607481265,4.370034509689985
RF,2022,1.42897534,4.20348976740598
RF,2022,1.258159603,3.8805945458179854
RF,2022,1.34598782,4.081143236155989
RF,2022,4.281451926,3.8732118772779995
RF,2022,2.433211,2.6371927744159946
RF,2022,3.20892789,3.4021005498640005
RF,2022,3.4841843,3.1854348789359985
RF,2022,2.210331497,3.618595085081993
RF,2022,2.287348045,3.584030105261993
RF,2022,1.782011799,3.4709791925419946
RF,2022,1.68047289,3.674643067931993
RF,2022,1.526156491,4.6134648699339955
RF,2022,1.291069166,4.687189284553985
RF,2022,1.11582397,3.4300518258779915
RF,2022,0.7888478,2.729710407743994
RF,2022,2.00503341,2.7191832748299887
RF,2022,1.0448622,2.273179230489999
RF,2022,0.36698346,1.8557067223940011
RF,2022,0.620751341,1.8384567700840004
RF,2022,0.974391645,1.8716738824700017
RF,2022,1.554102665,2.088376953496003
RF,2022,0.39950026,0.7252167312080003
RF,2022,0.432423153,0.7647695070820001
RF,2022,0.093404465,0.6532911473180006
RF,2022,0.097904062,0.8144914642559988
RF,2022,0.862175244,0.8852213364299982
RF,2022,0.219819891,0.9072532897880015
RF,2022,0.596687153,0.46203745876000063
RF,2022,1.217571585,1.4638838325080021
RF,2022,1.805567161,0.4853910836160002
RF,2022,0.131514445,0.5918733911360006
RF,2022,0.3805354,0.507058152572001
RF,2022,0.637728286,0.8098100748799999
RF,2022,0.55604485,0.807283094837999
RF,2022,0.66435083,0.6749206049300002
RF,2022,0.444754033,0.6767857775319995
RF,2022,0.020277678,0.5208031075919981
RF,2022,0.26275719,0.25279639377199986
RF,2022,0.03497921,0.5277486880980009
RF,2022,0.041769618,0.29310252103799994
RF,2022,0.081067778,0.5307700978919997
RF,2022,0.022951124,0.30914781898800064
RF,2022,0.003515336,0.463166328443999
RF,2022,0.023648774,0.2995839717320001
RF,2022,0.01982171,0.3632577032839999
RF,2022,0.075513255,0.31483489964200057
RF,2022,0.037280385,0.30183916798000077
RF,2022,0.229816779,0.3922780143499999
RF,2022,0.045934702,0.14202153057800024
RF,2022,0.02710241,0.4718393021159992
RF,2022,0.081923688,0.2547400490600008
RF,2022,0.04225843,0.240694583698001
RF,2022,0.069414543,0.14754112383400053
RF,2022,0.075550672,0.20358285482999985
RF,2022,0.016944951,0.27831992588400045
RF,2022,0.038735319,0.2389506105999998
RF,2022,0.07483416,0.18201458491200032
RF,2022,0.175126877,0.45189351632200064
RF,2022,0.13111754,0.2610977181240002
RF,2022,0.02951842,0.1332724398480001
RF,2022,0.035572627,0.17677408202200065
RF,2022,0.754731575,0.28272147056400015
RF,2022,0.579580753,0.19246767918800045
RF,2022,0.094682328,0.24717224746600058
RF,2022,0.097127685,0.2793612589080004
RF,2022,0.074852459,0.31301170399600026
RF,2022,0.056181445,0.28650640483599976
RF,2022,0.069757451,0.2531346234179999
RF,2022,0.036574441,0.29852134770400063
RF,2022,0.029870711,0.2629540098380007
RF,2022,0.027314916,0.21127154585400035
RF,2022,0.09863885,0.18852158167800015
RF,2022,0.078689313,0.3372232214539995
RF,2022,0.368181292,0.2447811380659996
RF,2022,0.34833926,0.2980594234960002
RF,2022,0.19207127,0.26729730271800073
RF,2022,0.294454191,0.1484955955460001
RF,2022,0.015530102,0.1481656474500001
RF,2022,0.008819214,0.3319237338759999
RF,2022,0.00207407,0.16632588615400035
RF,2022,0.127439305,0.1642106478139999
RF,2022,0.099712972,0.08700111351400015
RF,2022,0.04891557,0.06557233473999993
RF,2022,0.021914294,0.11037402304400003
RF,2022,0.116697235,0.14479007356400023
RF,2022,0.249521916,0.21591402908000004
RF,2022,0.35709378,0.2868706930159997
RF,2022,0.53823736,0.26017138964000014
RF,2022,0.400556042,0.5994271422280008
RF,2022,0.140660408,0.2931515544100006
RF,2022,0.180348005,0.2300003566959997
RF,2022,0.201237619,0.3280132888259997
RF,2022,0.03604325,0.11058252396600053
RF,2022,0.165535946,0.14000077418600027
RF,2022,0.718852543,0.3408054762920007
RF,2022,0.80853184,0.29998702662400006
RF,2022,0.229663761,0.15487324398400024
RF,2022,0.086954035,0.11652996449000055
RF,2022,0.13488208,0.31827449270200003
RF,2022,0.486868508,0.4765176550520001
RF,2022,0.631035315,0.3713951273819999
RF,2022,0.717475918,0.348350951052
RF,2022,0.57792675,0.4877452182980004
RF,2022,0.282167973,0.34512958022400086
RF,2022,0.333087768,0.449819537384002
RF,2022,0.369649662,0.6385662969079994
RF,2022,0.169044485,0.4140982335700002
RF,2022,0.226081166,0.5241729646600006
RF,2022,0.303518974,0.5212774436160004
RF,2022,0.246986749,0.3031779008460017
RF,2022,0.112993947,0.38553256148400006
RF,2022,0.104076445,0.3117422743500004
RF,2022,0.086284292,0.42749966622199986
RF,2022,0.302686185,0.38193835590399955
RF,2022,0.240941737,0.3635304491899999
RF,2022,0.208223324,0.3353008017299998
RF,2022,0.156597828,0.34507653398399957
RF,2022,0.127753076,0.5074508010000005
RF,2022,0.275879302,0.32888534889800014
RF,2022,0.32828031,0.6345429729860003
RF,2022,0.498641574,0.6471418342099999
RF,2022,0.584655,0.667004969604
RF,2022,0.813120413,0.47671974158999963
RF,2022,0.515052737,0.4364812857700002
RF,2022,0.071531978,0.16757261932200035
RF,2022,0.062181678,0.16896153966400013
RF,2022,0.249743875,0.19990633361799992
RF,2022,0.877093312,0.5407039191759999
RF,2022,0.825278249,0.5720781023199999
RF,2022,1.196113195,0.4810482980159996
RF,2022,1.230319725,0.27950613798400037
RF,2022,0.770487368,0.43222755886199976
RF,2022,0.71271004,0.4419886168479996
RF,2022,0.64222577,0.31362570957200053
RF,2022,0.556085253,0.4780733203419987
RF,2022,0.459880169,0.4379016699099997
RF,2022,0.412054097,0.2764023975620008
RF,2022,0.366526991,0.25881674484599987
RF,2022,0.133570273,0.1855171828400001
RF,2022,0.382427389,0.5347895550940003
RF,2022,1.107925779,0.3517089809639999
RF,2022,0.873263737,0.34741492908800026
RF,2022,0.66617144,0.26434694138800013
RF,2022,0.252966698,0.12020046381000035
RF,2022,0.217765913,0.1405298360000004
RF,2022,0.241366089,0.15777952563000006
RF,2022,0.234816242,0.25800681160400024
RF,2022,0.405090618,0.21768393982199996
RF,2022,0.348296804,0.37806534872800024
RF,2022,0.36971675,0.37571930839400003
RF,2022,0.379899458,0.38011616578400054
RF,2022,0.361939739,0.3534118124300004
RF,2022,0.478989064,0.34950225378200045
RF,2022,0.301280355,0.6355735475880001
RF,2022,0.476764304,0.6335901060580024
RF,2022,0.715383925,0.30630424369600046
RF,2022,0.384819306,0.29856197764399967
RF,2022,0.728899611,0.506186383662
RF,2022,0.895539695,0.5286120903099997
RF,2022,0.275163283,0.3770187479399994
RF,2022,0.154362195,0.54665481242
RF,2022,0.816468455,0.5431971164060002
RF,2022,1.624056108,0.48809485962600013
RF,2022,1.243122007,0.5860293592999992
RF,2022,0.78708375,0.592673439839999
RF,2022,0.732875634,0.6074811407199991
RF,2022,0.435079479,0.8792285072480027
RF,2022,0.384859499,0.7531256535620013
RF,2022,2.190344822,1.4039510988899973
RF,2022,2.611229967,1.3140211466739993
RF,2022,1.45085095,0.7594158806559996
RF,2022,1.107980275,0.9742849648540008
RF,2022,1.938009616,1.1755777479219987
RF,2022,1.359854697,1.3095238497059987
RF,2022,1.087457015,1.1584050245459985
RF,2022,0.756952343,1.2637515240459984
RF,2022,0.963977629,1.3892524898679979
RF,2022,0.59821066,0.9125347717939973
RF,2022,1.244315485,0.7955402847120012
RF,2022,1.316820377,0.8220791213459978
RF,2022,2.914190887,1.4441726613139967
RF,2022,2.21986759,1.447849923866
RF,2022,1.659048152,1.1707074132559983
RF,2022,1.236361932,1.3694785398279994
RF,2022,1.197934961,0.8819835000639981
RF,2022,1.272310268,1.4392802636379975
RF,2022,1.410176515,0.8348073527720002
RF,2022,1.015501395,1.039155314763999
RF,2022,0.98870699,1.2406688022359997
RF,2022,1.204982065,1.3329000924480008
RF,2022,1.338623375,0.8354899751819995
RF,2022,1.623694005,1.4466915137240015
RF,2022,1.306509964,1.3059618312760006
RF,2022,1.2270069,0.735434747138
RF,2022,0.469672077,1.310733720412
RF,2022,0.477947986,1.2972911245440006
RF,2022,0.415657446,1.4077301291839996
RF,2022,0.362401545,0.9746102283420018
RF,2022,0.663074425,0.7364004421900012
RF,2022,0.544120453,0.8264752069099996
RF,2022,1.114533555,1.0034551355360026
RF,2022,1.483595541,1.167060691646
RF,2022,1.10371272,1.3723815209840011
RF,2022,2.877027842,1.518831494498001
RF,2022,2.687791795,1.6327078646540016
RF,2022,1.308399303,1.2944712644620007
RF,2022,1.012562392,0.8921561369180009
RF,2022,1.666427265,1.4024226942759983
RF,2022,1.375911782,0.8451491409920008
RF,2022,1.871435798,1.3284453482519998
RF,2022,2.60499768,1.459568006266
RF,2022,1.68389543,1.6038283527880015
RF,2022,1.846327776,1.5706974563600002
RF,2022,0.59837005,1.3199726601920005
RF,2022,2.729173195,2.187168616746003
RF,2022,0.616828179,2.4849992022699974
RF,2022,2.747300946,3.1706620811559967
RF,2022,4.771245121,2.6814614327739963
RF,2022,5.266074434,3.232467271646004
RF,2022,3.777110426,4.516556036333988
RF,2022,3.402147715,2.943353317844002
RF,2022,3.543933515,4.74537486052599
RF,2022,4.96366427,4.909338576693992
RF,2022,4.49335664,4.3216048870760035
RF,2022,4.0728329,3.688167904011985
RF,2022,3.623087954,3.8049881155219833
RF,2022,3.369498946,3.5494090254379995
RF,2022,4.105840809,3.357802417187981
RF,2022,3.56170691,3.3593345221559874
RF,2022,4.211035955,3.3298791364839904
RF,2022,4.586340625,2.2440536267000013
RF,2022,1.65586868,1.532042316365999
RF,2022,2.544231614,2.736103499249991
RF,2022,2.2735381,1.966060499097997
RF,2022,1.93686507,2.515542762864004
RF,2022,0.820051835,1.6025526094900007
RF,2022,2.70738667,3.296313060005989
RF,2022,3.430873945,3.540882125711995
RF,2022,4.062414435,2.990354478687996
RF,2022,3.8046058,2.7563762573499977
RF,2022,3.31330105,3.125429676083986
RF,2022,4.00086706,3.221162640049994
RF,2022,2.47282458,2.6068286505
RF,2022,2.633827246,3.4998859767399906
RF,2022,3.761568675,3.690677708610002
RF,2022,4.711162815,3.922642147564
RF,2022,4.367816845,4.0406918044920035
RF,2022,5.271958295,4.103544280966005
RF,2022,5.501717105,4.4033214590700105
RF,2022,4.40297537,3.7688649750520007
RF,2022,5.023418525,4.285497609554006
RF,2022,4.34290475,4.793821238299998
RF,2022,4.25230821,4.0123225573760015
RF,2022,5.48918895,5.410644339637987
RF,2022,4.4604695,3.5564678524159934
RF,2022,6.61318635,4.691227726821997
RF,2022,3.4108192,3.628146101343986
RF,2022,3.838142237,3.877283491525998
RF,2022,3.526594625,4.154849783637998
RF,2022,3.893791101,3.386541208313985
RF,2022,3.96868165,2.6376150511979986
RF,2022,3.5693009,2.1751681826619955
RF,2022,3.138403825,1.792285992794
RF,2022,1.736165014,1.5749636107299985
RF,2022,1.737669692,1.4319698952879982
RF,2022,1.963668106,1.8700496276960032
RF,2022,1.43145964,1.5985625837240007
RF,2022,0.862744145,1.4622264592299996
RF,2022,0.95341693,1.2139654940560014
RF,2022,1.033253356,1.6734885262660035
RF,2022,1.32891756,1.0498986165420023
RF,2022,1.301714522,0.9502308433560009
RF,2022,1.065042557,0.8303919135860022
RF,2022,0.626364078,0.8328870618920008
RF,2022,0.72633582,1.3642394908619997
RF,2022,0.57910719,0.7028733325299996
RF,2022,0.447216975,0.7724023844360008
RF,2022,0.20574028,0.7471671747940012
RF,2022,2.489134565,1.350110356518003
RF,2022,0.08407499,2.2907753984400028
RF,2022,3.549374085,3.4799729439619913
RF,2022,1.337647715,2.5258815055259967
RF,2022,0.938318815,2.6699337954960005
RF,2022,1.274655042,2.0283035074680025
RF,2022,1.339909674,2.0834102881140035
RF,2022,0.477379321,2.064692183156002
RF,2022,1.174625627,1.01056355217
RF,2022,1.280082213,0.989554470941999
RF,2022,0.879936881,0.7672872387259999
RF,2022,0.915419651,0.9809506963100001
RF,2022,0.877249296,1.1833015635139996
RF,2022,0.657814945,1.2187063258679982
RF,2022,0.641567255,1.0665379296659994
RF,2022,0.992076955,1.2842480723739989
RF,2022,3.25872421,1.933955974535999
RF,2022,1.615091205,1.8566304812639975
RF,2022,1.634732135,2.341023791607999
RF,2022,1.81846829,1.7698519144200027
RF,2022,1.066751775,1.510947444792002
RF,2022,1.128575175,1.490905186922001
RF,2022,1.09556878,1.8230666646060023
RF,2022,0.964139242,1.5973518569820027
RF,2022,1.092313298,1.5847860143200012
RF,2022,0.873334296,1.5102858135200008
RF,2022,0.959823367,0.5619688204819998
RF,2022,0.682781075,1.2079254642399995
RF,2022,2.13445749,1.1869717193820024
RF,2022,1.182356299,0.8219901812459989
RF,2022,0.492321375,0.6465374396240005
RF,2022,0.77944903,0.7429248378680001
RF,2022,1.125781355,1.2064018404040016
RF,2022,0.93261341,0.6074979070219998
RF,2022,0.613938374,0.5088728806159988
RF,2022,0.501094514,0.667118276006001
RF,2022,0.78711876,0.5698160572100004
RF,2022,0.772612614,0.7717936845819988
RF,2022,0.697236069,0.6227826804399995
RF,2022,0.743245692,0.5103781127319985
RF,2022,0.756957372,0.4289019021839993
RF,2022,0.203611738,0.7764975262300001
RF,2022,0.791489905,0.7449967075899984
RF,2022,0.747730253,1.3697377016640035
RF,2022,0.706169938,0.6009097830660014
RF,2022,0.348130291,0.5043598206440009
RF,2022,0.724557206,0.3503093061440003
RF,2022,1.623759754,1.4299214417420005
RF,2022,1.843019389,0.31972465174599973
RF,2022,0.95738167,0.3184178438639998
RF,2022,0.000238878,0.3006528591699998
RF,2022,0.207047065,0.4968147098159983
RF,2022,0.466772255,0.501766502481999
RF,2022,0.275731038,0.805360629410001
RF,2022,0.873003275,0.8044991212139996
RF,2022,1.805252181,1.639635334841999
RF,2022,1.153302035,1.004309249962001
RF,2022,0.676135072,0.9868998912380014
RF,2022,0.811647756,0.7724179234120013
RF,2022,0.490891541,0.7782390053939998
RF,2022,0.586155636,0.7522460791660005
RF,2022,0.500536552,0.6315207757780011
RF,2022,0.293819758,0.7849687169519994
RF,2022,0.48823095,1.381885601967999
RF,2022,1.46851902,0.6994932839779995
RF,2022,0.74032283,0.8197407427640002
RF,2022,0.82743075,0.7361091056119996
RF,2022,0.713273884,0.8680228109619996
RF,2022,0.515672642,0.8518702667719992
RF,2022,0.325930874,0.4274419109079997
RF,2022,0.3785549,0.9577203326900001
RF,2022,0.384026215,0.7500690753760005
RF,2022,0.408676723,0.6388129386380004
RF,2022,0.463525128,0.6197239044160003
RF,2022,0.291225881,0.5126664322420007
RF,2022,0.283816489,0.5249108102100007
RF,2022,0.297648808,0.3865196421720004
RF,2022,0.179165369,0.3536630667939996
RF,2022,0.335761788,0.46291994330599917
RF,2022,0.203671896,0.33483976749600036
RF,2022,0.058521102,0.35507738382799975
RF,2022,0.223822081,0.3971884083520005
RF,2022,0.293180802,0.3850007511740008
RF,2022,0.230467517,0.3497556533019993
RF,2022,0.225115915,0.3421009409100007
RF,2022,0.997510775,1.0635907118099999
RF,2022,0.881281387,0.5312040242579998
RF,2022,0.319930846,0.5238003405439996
RF,2022,0.172904214,0.366937492316
RF,2022,0.127744856,0.4938685072280005
RF,2022,0.208315992,0.4244736682460002
RF,2022,0.205280249,0.4901920589440004
RF,2022,0.161667208,0.45400477665000094
RF,2022,0.145490548,0.510367132714
RF,2022,0.150555517,0.4687901651160001
RF,2022,0.094909567,0.4566079692239973
RF,2022,0.23396286,0.26958325514799997
RF,2022,0.26808761,0.3765383253880003
RF,2022,0.145151078,0.22474781363799973
RF,2022,0.182787061,0.27055124445599993
RF,2022,0.02628807,0.2579356359140005
RF,2022,0.266222465,0.31261412258799953
RF,2022,0.22321221,0.35103433763399994
RF,2022,0.265510934,0.3567601497440001
RF,2022,0.115667351,0.3227596362679997
RF,2022,0.136164185,0.2925988191480005
RF,2022,0.104136014,0.3286614221739996
RF,2022,0.092056985,0.2592673765880002
RF,2022,0.287832724,0.1806049574380006
RF,2022,0.125920637,0.31944494972800036
RF,2022,0.478374946,0.36709468950200047
RF,2022,0.175844835,0.0853915090960002
RF,2022,0.12564857,0.3555530335200001
RF,2022,0.242280994,0.24597549533800048
RF,2022,0.154494615,0.22660855562400023
RF,2022,0.100843157,0.20966700061000015
RF,2022,0.097452221,0.25755549854199994
RF,2022,0.064373122,0.33667509145999985
RF,2022,0.133591936,0.30095724338199953
RF,2022,0.08356511,0.2556602394960003
RF,2022,0.479071221,0.5005693046100013
RF,2022,0.22964699,0.29934561338600035
RF,2022,0.16433073,0.11685394473000008
RF,2022,0.26962522,0.17938089759800036
RF,2022,1.30232806,0.2484051473520004
RF,2022,0.622316147,0.2667340597840005
RF,2022,0.235990053,0.2965636930860005
RF,2022,0.165442933,0.3024097149340006
RF,2022,0.099348418,0.37783322885199977
RF,2022,0.174731887,0.28398676834800063
RF,2022,0.140235302,0.2918526946719998
RF,2022,0.194824212,0.371266287344001
RF,2022,0.142987488,0.41206334433600017
RF,2022,0.121951415,0.2769555159960008
RF,2022,0.141592477,0.257897449766
RF,2022,0.098357108,0.3633343793199992
RF,2022,0.430104647,0.2511383790139998
RF,2022,0.354429191,0.3627482391960013
RF,2022,0.150839497,0.30290639137800046
RF,2022,0.515104451,0.16710719959000045
RF,2022,0.301773357,0.16695788990800048
RF,2022,0.237061688,0.30445445944
RF,2022,0.246237435,0.16750554922600025
RF,2022,0.257655806,0.14143475394800004
RF,2022,0.346681669,0.08876018302000016
RF,2022,0.046132767,0.06671024688599989
RF,2022,0.097382142,0.11029080300800004
RF,2022,0.213122748,0.14447085340600027
RF,2022,0.342873244,0.2044944287400001
RF,2022,0.311704134,0.26375656843600004
RF,2022,0.270472337,0.2432278248340003
RF,2022,0.294387243,0.6038717350880008
RF,2022,0.199001201,0.3389593646100004
RF,2022,0.13258668,0.25485440658199976
RF,2022,0.237201965,0.3226098867399996
RF,2023,0.069221142,0.40238562862599847
RF,2023,0.071217409,0.4641950721599987
RF,2023,0.03909555,0.3011601119260005
RF,2023,0.002833806,0.5405881921560006
RF,2023,0.002891641,0.4032832079920011
RF,2023,0.027325901,0.5705040583720002
RF,2023,0.007235016,0.8587226038140012
RF,2023,0.142955585,0.4179754099920011
RF,2023,0.081296885,0.5118088315639998
RF,2023,0.100082664,0.40703178525600003
RF,2023,0.139561368,0.6286455037420008
RF,2023,0.008690999,0.3415021941840001
RF,2023,0.230405491,0.4141169954960003
RF,2023,0.148254556,0.49856611081999985
RF,2023,0.214281406,0.44905361420600065
RF,2023,0.116014821,0.44277469374800044
RF,2023,0.165862045,0.575713981024
RF,2023,0.502394294,0.6392322998560012
RF,2023,0.334452989,0.27276561416800044
RF,2023,0.024371979,0.341025998008001
RF,2023,0.073078425,0.39272621394799917
RF,2023,0.005895045,0.4176017040620004
RF,2023,0.004087908,0.4956636438239985
RF,2023,0.01172871,0.409981323848
RF,2023,0.082007918,0.4202286431819998
RF,2023,0.368754455,0.3937857981700002
RF,2023,0.219703315,0.376062183326
RF,2023,0.094937005,0.18804173720200032
RF,2023,0.045274746,0.15010492274200013
RF,2023,0.059521694,0.18209793821400028
RF,2023,0.044371475,0.1875425454460003
RF,2023,0.015443945,0.23434099792800034
RF,2023,0.069033181,0.3380352483680001
RF,2023,0.284574738,0.2752292165260009
RF,2023,0.124155942,0.25152488365399983
RF,2023,0.092392048,0.4517756006940005
RF,2023,0.197951499,0.587487128446001
RF,2023,0.029372596,0.4100599602120008
RF,2023,0.062546135,0.3102783199740004
RF,2023,0.2239212,0.15071415866400026
RF,2023,0.004670836,0.2047517476620003
RF,2023,0.032056966,0.26812512767999996
RF,2023,0.07542078,0.4413437926800009
RF,2023,0.357236785,0.25512746751
RF,2023,1.550160315,0.4206001017899996
RF,2023,0.697368775,0.293505467542
RF,2023,0.004590859,0.21076509696800028
RF,2023,0.08757009,0.20413146629000023
RF,2023,0.244264689,0.2853312524820006
RF,2023,0.042089235,0.24432463599199986
RF,2023,0.218360828,0.23253320161400012
RF,2023,0.162874799,0.4759594107740011
RF,2023,0.38360905,0.17823075373800057
RF,2023,0.03278525,0.13956913434199958
RF,2023,0.02548107,0.1864056638020004
RF,2023,0.087166205,0.2983934270819998
RF,2023,0.309284593,0.24664237832200006
RF,2023,0.49377121,0.455652763218001
RF,2023,0.756513585,0.33625104430200053
RF,2023,0.616817843,0.25238453051199966
RF,2023,0.216506468,0.6534184840720004
RF,2023,0.364684211,0.7945845819860001
RF,2023,0.23629321,0.6115135788240011
RF,2023,1.000807517,0.7156650585199985
RF,2023,0.39766602,0.5316381084560002
RF,2023,0.28985964,0.4351945227899992
RF,2023,0.47071153,0.42883254717999875
RF,2023,0.270599643,0.845165336754001
RF,2023,0.544902721,0.6348328467180001
RF,2023,2.08142344,0.7328491395040008
RF,2023,0.66879505,0.6960003040819994
RF,2023,0.709734915,0.708608126544
RF,2023,1.164263682,0.7608082258940003
RF,2023,1.884206879,0.9766836744080023
RF,2023,1.042922915,0.37744226431200023
RF,2023,0.421032325,0.4138716779580006
RF,2023,0.24602212,0.545389155618
RF,2023,0.609077891,0.4894048989959998
RF,2023,0.847911277,0.5504008613700003
RF,2023,0.677964142,0.5640165509479993
RF,2023,0.327631245,0.4987671617759992
RF,2023,0.596419973,1.0415889964679985
RF,2023,0.494054612,0.5377139154059991
RF,2023,0.627397625,0.46636429063599993
RF,2023,0.618359702,1.2001184069399988
RF,2023,0.505499525,0.557970240564
RF,2023,0.259357605,1.0821152058699994
RF,2023,0.222667435,0.9600314788759993
RF,2023,2.390886405,1.3802626233379989
RF,2023,2.957258325,1.043728393062
RF,2023,2.124273845,1.1546504888740003
RF,2023,1.995304111,0.9585562134420005
RF,2023,1.840286172,0.8173823830820006
RF,2023,0.69042031,0.7186660775199982
RF,2023,0.271838865,0.8524529842260005
RF,2023,0.840805046,0.8920054202080004
RF,2023,0.92678864,0.34767958361199963
RF,2023,0.692137315,0.32757693310199965
RF,2023,0.55768247,0.5008659787019994
RF,2023,0.53032274,0.4566505589460006
RF,2023,0.74933998,0.6184743285319992
RF,2023,0.57385696,0.5633602308119993
RF,2023,0.53028973,0.3670310896980012
RF,2023,0.43403678,0.5272915938480006
RF,2023,0.960684555,0.9557979028819973
RF,2023,0.994548101,0.8333553774239987
RF,2023,0.708727971,0.7714740189379995
RF,2023,0.634718345,0.4658918205339991
RF,2023,1.378385275,1.4516296285679984
RF,2023,2.15900754,0.6588707769640006
RF,2023,0.178754596,0.6171582367360007
RF,2023,0.368652352,0.6277863556980006
RF,2023,0.310900355,0.627270521432001
RF,2023,0.87359649,0.6805195313520006
RF,2023,1.18032704,1.0042765564679983
RF,2023,1.691084308,1.110307730717999
RF,2023,1.69417451,0.5387069814520005
RF,2023,0.944482711,0.6461994580679996
RF,2023,0.443487737,0.7670453203660005
RF,2023,0.482026512,0.7969023007079998
RF,2023,0.428590425,0.7866202442040009
RF,2023,0.352118327,0.8086052804099998
RF,2023,0.634619151,0.8588280771020017
RF,2023,0.609302631,0.8065618150899997
RF,2023,0.40431859,0.9798187700060002
RF,2023,1.549798275,1.5914295530760016
RF,2023,1.603407073,1.3088565826619987
RF,2023,2.600050725,1.3212381090959997
RF,2023,2.174489065,1.1304493054619982
RF,2023,2.460134108,1.51809534557
RF,2023,3.123820957,1.9309582770459968
RF,2023,2.097796101,1.768187683763997
RF,2023,2.493803185,1.7503286224819963
RF,2023,2.101778252,1.7421859034899967
RF,2023,3.439413916,2.5702084917940065
RF,2023,3.562755749,2.0296023016680054
RF,2023,2.21332111,1.9198487200819983
RF,2023,1.95882501,2.685451190976003
RF,2023,2.606957239,2.3105057019700017
RF,2023,2.097487165,2.376335004876004
RF,2023,2.138665405,2.034011426526001
RF,2023,1.539096345,2.2108982755020032
RF,2023,1.14220905,1.765279330333998
RF,2023,1.1429016,1.683673093824001
RF,2023,1.417014865,1.842685406931996
RF,2023,5.02794541,3.061742269142009
RF,2023,4.127320155,3.038445865428006
RF,2023,4.599626425,2.991414594952004
RF,2023,2.034649458,1.4589634049120008
RF,2023,1.697336905,2.8317865930860036
RF,2023,3.39252332,2.0083283098059987
RF,2023,4.002980296,2.8491443039420066
RF,2023,0.91106107,1.6356812177819984
RF,2023,1.826391825,1.8028320679379992
RF,2023,1.94034487,1.5065483313259982
RF,2023,2.26101589,1.3817565384379973
RF,2023,2.2701929,1.685484290312001
RF,2023,1.5901083,1.656929505389999
RF,2023,3.85555177,2.282297886552005
RF,2023,3.02255595,2.6489011249840018
RF,2023,1.59340544,1.7842516151399963
RF,2023,2.81300228,2.737047421208005
RF,2023,5.258734685,2.387155722864006
RF,2023,3.806230019,2.2188643469140046
RF,2023,2.039229295,2.2241321158700056
RF,2023,3.25397188,1.7989614901219935
RF,2023,3.94528497,2.4601518932280046
RF,2023,4.214379925,2.342602708717998
RF,2023,3.993839945,2.2977747147899996
RF,2023,1.879467085,2.290930094544005
RF,2023,1.90340925,2.1081282416059985
RF,2023,1.53074565,1.7940061489020036
RF,2023,1.967746656,2.6443347338000023
RF,2023,4.83967245,2.4068694310960033
RF,2023,2.83748474,1.957918622841997
RF,2023,4.690074148,2.361027912642004
RF,2023,3.532745695,2.250059223360002
RF,2023,2.31855257,1.962169608458
RF,2023,1.98474298,2.4219262685719976
RF,2023,1.03717315,1.5111843523899984
RF,2023,2.124428415,1.7333238030179974
RF,2023,3.393165675,2.1340058453099973
RF,2023,2.063826665,1.7700124211399992
RF,2023,3.61963713,2.3478844130680003
RF,2023,1.44891595,1.863470846687997
RF,2023,1.3979894,1.8961799648919975
RF,2023,2.91211305,2.7881379393720027
RF,2023,1.040043407,2.7582636178219975
RF,2023,1.522724715,1.9273073120400015
RF,2023,0.88021249,1.4718274498359991
RF,2023,1.18837286,1.5891506595679976
RF,2023,1.389424759,1.3554210505579982
RF,2023,1.214003082,0.971492107572001
RF,2023,2.78198865,1.8076145800879997
RF,2023,3.9795538,2.7576059696739974
RF,2023,3.62930901,2.6465542325140072
RF,2023,2.034824,2.4448970343719925
RF,2023,3.49506875,2.2510482447359967
RF,2023,1.77597625,2.4651076302759987
RF,2023,1.779427765,2.5733215382400045
RF,2023,2.238461235,2.6814432290220034
RF,2023,2.714181631,2.5802849873339984
RF,2023,2.621117255,2.684414785310003
RF,2023,1.950487805,2.1580401475220032
RF,2023,1.84830019,2.147978621142004
RF,2023,0.81812182,1.4061040968319982
RF,2023,0.83412518,1.3433262141139992
RF,2023,1.12687126,0.6290583504779997
RF,2023,0.687667282,0.8103774533180013
RF,2023,0.777885405,0.7948590827940014
RF,2023,0.750355226,0.5568094914740017
RF,2023,0.82101218,0.8474854801300005
RF,2023,0.913241795,0.6094467650520015
RF,2023,0.81428844,1.198989970918001
RF,2023,0.56168558,0.6085536161140022
RF,2023,0.554260419,0.7125890658539993
RF,2023,1.042688335,1.1396245318260008
RF,2023,0.7465107,1.8829003559639987
RF,2023,0.9316135,1.3156973507960017
RF,2023,1.0122461,1.075152642932
RF,2023,0.66739103,1.2592692462380002
RF,2023,0.764876615,1.1351722028860003
RF,2023,0.558973015,1.0557122407220003
RF,2023,0.310507524,0.5784358894560001
RF,2023,0.381633713,0.645890417004
RF,2023,0.506697099,0.61416851822
RF,2023,0.365737827,0.48071718969199995
RF,2023,0.183384931,1.54648738456
RF,2023,0.443889916,1.446561678844001
RF,2023,0.250080315,1.5552086452620018
RF,2023,0.823475996,1.7195894100440032
RF,2023,1.66806942,1.0565429610480008
RF,2023,2.871891363,1.5197019243159953
RF,2023,2.047910894,1.108212859154
RF,2023,0.2061593,0.9855314444500027
RF,2023,0.362836007,0.5607001278000007
RF,2023,0.585137405,0.5347824456639996
RF,2023,0.661536319,1.4005678247359994
RF,2023,0.352171561,0.442022996946
RF,2023,0.313641535,0.4418987674500004
RF,2023,0.263856966,0.15391722289800014
RF,2023,0.338484813,0.5141957685379978
RF,2023,0.441524431,0.43754738256199976
RF,2023,0.36508977,0.4071954771879999
RF,2023,0.01443711,0.39516795110600017
RF,2023,1.28403138,0.9423895740300007
RF,2023,0.76711779,1.031198901946
RF,2023,0.73080706,1.302446532582001
RF,2023,0.775340323,1.1429042854299982
RF,2023,0.98679453,1.0981642331559998
RF,2023,0.74076705,1.0777513605519993
RF,2023,0.744650995,1.0978091441319988
RF,2023,0.774072725,1.0836284698859986
RF,2023,0.66257967,1.0422716357139996
RF,2023,0.484198044,1.0133103013419997
RF,2023,0.670262114,0.44851084541600084
RF,2023,0.05901942,0.8007666476420017
RF,2023,0.16556866,0.6537341282899994
RF,2023,0.247125475,0.22053385780399945
RF,2023,0.207834908,0.25679622314400014
RF,2023,0.02552897,0.49979302570999856
RF,2023,0.248247923,0.7463131067700012
RF,2023,1.068371541,0.4865982960800012
RF,2023,1.72289017,0.8740257035860003
RF,2023,1.120407931,0.4519938081840008
RF,2023,0.931823546,0.8369221427319988
RF,2023,1.018055052,0.3913487311260006
RF,2023,0.824095497,0.5033204061100013
RF,2023,0.937609955,0.9687873132459989
RF,2023,0.477193598,0.5344250177220008
RF,2023,0.376544659,0.5266980601500009
RF,2023,0.284543196,0.7639417865040021
RF,2023,0.671834861,0.44321057288800053
RF,2023,0.587196655,0.43384069418000004
RF,2023,0.67810873,0.4914386724859996
RF,2023,0.784541984,0.38403297609199893
RF,2023,0.64741234,0.3437786720979999
RF,2023,0.396559619,0.21249578099600053
RF,2023,0.484877876,0.22178671479200027
RF,2023,0.468141904,0.239786108344
RF,2023,0.520938932,0.25270754200799994
RF,2023,1.778792399,0.2904312691400001
RF,2023,0.569733343,0.2669237758260003
RF,2023,0.679856628,0.2775246368040001
RF,2023,0.205514608,0.12776075164399978
RF,2023,0.274608225,0.20500859930199958
RF,2023,0.147865847,0.23068604176799976
RF,2023,0.00831064,0.34103855368999964
RF,2023,0.066790762,0.46227321285599976
RF,2023,0.28149852,0.4144612462900002
RF,2023,0.498666523,0.40128291968000046
RF,2023,0.098158507,0.4168769639079993
RF,2023,0.148985366,0.45398499635199885
RF,2023,0.212691349,0.451951884849999
RF,2023,0.226865912,0.3823883578059995
RF,2023,0.263397654,0.3930815091579995
RF,2023,0.315097272,0.4535538366319998
RF,2023,0.429919626,0.4282584307159998
RF,2023,0.586244624,0.20512510981800053
RF,2023,0.341776614,0.16852853570600007
RF,2023,0.014474691,0.10874480266200003
RF,2023,0.214748197,0.18023930305400027
RF,2023,0.220122382,0.16065005437400012
RF,2023,0.060710942,0.16622164652800014
RF,2023,0.069208426,0.5210330898160004
RF,2023,0.116743221,0.4126832938379999
RF,2023,1.17676115,0.6098736663320007
RF,2023,0.538400558,0.5440714359140005
RF,2023,0.781455999,0.5069197531380013
RF,2023,0.345078352,0.586253621588
RF,2023,0.555760057,0.4493076512320006
RF,2023,0.347351267,0.4768228864900011
RF,2023,0.447958291,0.49710865555800093
RF,2023,0.31919479,0.5824609665120009
RF,2023,0.456400054,0.4954880687060001
RF,2023,1.60110638,0.5428422895139993
RF,2023,1.15918899,0.17981044248600003
RF,2023,1.2352938,0.22118199127799973
RF,2023,1.406779271,0.1283235477460004
RF,2023,0.068416156,0.20430434149000012
RF,2023,0.12416914,0.18066949361400025
RF,2023,0.098579575,0.1700828772320002
RF,2023,0.095448364,0.1287367965700002
RF,2023,0.083477993,0.412966697945998
RF,2023,0.062179838,0.43977463294799835
RF,2023,0.101411339,0.2884685248920005
RF,2023,0.127199735,0.5410596094820004
RF,2023,0.052780047,0.3980743895140012
RF,2023,0.081152463,0.523149213524001
RF,2023,0.03789026,0.7874111213820005
RF,2023,0.18583169,0.3767956774320008
RF,2023,0.19149725,0.4401026790919998
RF,2023,0.096788254,0.3994005872260004
RF,2023,0.128501275,0.539022593187998
RF,2023,0.050393885,0.31047092979200036
RF,2023,0.287707835,0.40384070816000023
RF,2023,0.173683059,0.5082604738320003
RF,2023,0.15611729,0.4371833174000006
RF,2023,0.17466969,0.4234242017060004
RF,2023,0.082192864,0.5060778356519984
RF,2023,0.1130314,0.511619375103998
RF,2023,0.247530448,0.2481277943780007
RF,2023,0.048618841,0.3148129459700005
RF,2023,0.138687751,0.4457284901399992
RF,2023,0.076109651,0.4212293589980002
RF,2023,0.065241396,0.5388012867719992
RF,2023,0.082537116,0.42061069322399974
RF,2023,0.203312955,0.43704636819999965
RF,2023,0.499638465,0.3890985834040001
RF,2023,0.379289012,0.38101284183199985
RF,2023,0.088314335,0.19984041871600045
RF,2023,0.03965242,0.1543601492760001
RF,2023,0.072042385,0.16953753849400025
RF,2023,0.08204294,0.1800295611460001
RF,2023,0.130623778,0.2302174993840002
RF,2023,0.156712839,0.33557868375999994
RF,2023,0.396962591,0.28211861940000077
RF,2023,0.435300437,0.26692906198599964
RF,2023,0.373386365,0.45803989821599994
RF,2023,0.58008173,0.6127259351880016
RF,2023,0.245582725,0.37659910250000017
RF,2023,0.418701209,0.31804830895200015
RF,2023,0.542159896,0.16277087950800018
RF,2023,0.184300968,0.20095439074199986
RF,2023,0.154695982,0.27281889752800015
RF,2023,0.341028057,0.4207609474400008
RF,2023,0.42395319,0.26048042297600005
RF,2023,2.013245642,0.40367340603599944
RF,2023,0.39177118,0.3006967482219999
RF,2023,0.032288655,0.2161063564460003
RF,2023,0.12017968,0.21217911801000022
RF,2023,0.40731963,0.2792307315460006
RF,2023,0.170837771,0.2419997806559999
RF,2023,0.205654978,0.21837857322400017
RF,2023,0.262740344,0.465850077618001
RF,2023,0.472853345,0.18089400910000056
RF,2023,0.121666579,0.14199414313399963
RF,2023,0.125899073,0.18900724686000048
RF,2023,0.269478067,0.30101864780400006
RF,2023,0.471572832,0.23752543288400005
RF,2023,0.971616919,0.4424949910220007
RF,2023,1.567554336,0.3382615915340007
RF,2023,0.716960244,0.25299186468399965
RF,2023,0.631188677,0.6635586613680003
RF,2023,0.755919755,0.8158586950620004
RF,2023,0.40049655,0.6224822216760014
RF,2023,1.168774805,0.6974049805219988
RF,2023,0.620268315,0.5156066672340003
RF,2023,0.442007605,0.4803986460139994
RF,2023,0.391148656,0.5273383528239997
RF,2023,0.722747319,0.9318579756719999
RF,2023,0.731867571,0.5803342922800001
RF,2023,1.451654754,0.7397430916060008
RF,2023,0.88824345,0.7028900099399993
RF,2023,1.06386154,0.7168186493679995
RF,2023,1.039858215,0.7836638310159997
RF,2023,2.725156568,1.0167507217740015
RF,2023,2.02681599,0.4442941115899999
RF,2023,1.043302337,0.4630141504380002
RF,2023,0.660713452,0.5459707568280003
RF,2023,0.82127958,0.4885186042040006
RF,2023,0.807551639,0.5952678765820002
RF,2023,0.651343913,0.5331537521180002
RF,2023,0.432591069,0.49916623473599914
RF,2023,0.734264217,1.0661118393059985
RF,2023,0.533772675,0.5622247625259996
RF,2023,0.894835083,0.4973060072199999
RF,2023,0.872233336,1.2168899151939987
RF,2023,0.265712846,0.5730303091640001
RF,2023,0.51931149,1.0890026641219999
RF,2023,0.364772929,0.8969811012999991
RF,2023,2.399562501,1.3856270180199999
RF,2023,0.28746464,0.9599376469300004
RF,2023,0.1793931,0.7438162922100005
RF,2023,0.66610799,0.6465765485679983
RF,2023,0.882555465,0.7536992503180011
RF,2023,0.897250751,0.7200281906640015
RF,2023,0.887653541,0.32520669644199984
RF,2023,0.637920427,0.37195294317000066
RF,2023,0.581929946,0.4573386149579997
RF,2023,0.591329279,0.42339898991200087
RF,2023,1.1069304,0.572878738063999
RF,2023,0.640029829,0.48399867254999923
RF,2023,0.771037254,0.36081646257400063
RF,2023,0.467964466,0.4938305915640003
RF,2023,1.5294415,1.036337403105997
RF,2023,0.900309355,0.8602117545639982
RF,2023,0.76388597,0.8093568889599997
RF,2023,0.93450354,0.4550655670819996
RF,2023,1.04646457,1.5471779164799973
RF,2023,2.13083353,0.666560762384001
RF,2023,0.83154705,0.7468306438140003
RF,2023,0.373637967,0.6579922973260003
RF,2023,0.415189498,0.6675816536460001
RF,2023,0.369981475,0.6696774919160001
RF,2023,0.834426715,0.6910437243360009
RF,2023,1.137156075,1.0993799973360006
RF,2023,1.84674599,1.2236356151860006
RF,2023,1.891422175,0.5357572781740003
RF,2023,0.887790104,0.7019143793019997
RF,2023,0.463121556,0.8286890186979994
RF,2023,0.480319666,0.8566155966839986
RF,2023,0.428590425,0.8126897396180007
RF,2023,0.352118327,0.8489091058259979
RF,2023,0.634619151,0.8581443522100021
RF,2023,0.609302631,0.8403522190800001
RF,2023,0.40431859,0.9669346220519984
RF,2023,1.549798275,1.5316379707440015
RF,2023,1.603407073,1.2541179807919978
RF,2023,2.600050725,1.3547705452560004
RF,2023,2.174489065,1.1626318295579992
RF,2023,2.460134108,1.4934829667519993
RF,2023,3.123820957,1.910051236795998
RF,2023,2.097796101,1.7804409583219987
RF,2023,2.493803185,1.7619079100739978
RF,2023,2.101778252,1.7331454660359973
RF,2023,3.439413916,2.5375400217700044
RF,2023,3.562755749,2.134026462886002
RF,2023,2.21332111,1.895493825673998
RF,2023,1.95882501,2.6467324498560028
RF,2023,2.606957239,2.294198357034001
RF,2023,2.097487165,2.173104672350005
RF,2023,2.138665405,1.6973524212419997
RF,2023,1.539096345,2.304560190806001
RF,2023,1.14220905,1.7638749824499982
RF,2023,1.1429016,1.3402058500999996
RF,2023,1.417014865,1.8959207285379953
RF,2023,5.02794541,2.7869163241580024
RF,2023,4.127320155,2.588084064833999
RF,2023,4.599626425,2.6705318509519973
RF,2023,2.034649458,1.6950429181820013
RF,2023,1.697336905,2.518166940251995
RF,2023,2.38926626,1.9889489955039987
RF,2023,3.753417195,2.6608664379980045
RF,2023,1.646913481,1.5554102786179993
RF,2023,2.293438248,1.7561161893579993
RF,2023,3.12225766,2.5168154449500038
RF,2023,2.643278075,1.8358682431880005
RF,2023,1.851084905,1.4272470645879993
RF,2023,1.7105831,1.3739072161759973
RF,2023,1.97238161,1.6482395267800014
RF,2023,1.408862235,2.5909263556980013
RF,2023,2.954322985,2.5718248559920065
RF,2023,3.0985462,2.6096216846780007
RF,2023,1.817331395,1.7036677167740004
RF,2023,3.138898829,2.741420316624006
RF,2023,5.334706245,2.526819594816004
RF,2023,3.561937555,2.283240832088005
RF,2023,2.091928085,2.255834102928003
RF,2023,1.951290084,1.8092330427839942
RF,2023,4.005193555,2.420269961072002
RF,2023,3.993924996,2.1573850017259995
RF,2023,4.709578842,2.1953000277220016
RF,2023,2.052437815,2.3827727916960044
RF,2023,2.036178995,2.3783991122220045
RF,2023,2.32908645,1.984510532082001
RF,2023,1.6011911,2.6534466448720018
RF,2023,4.4272363,2.471837396658004
RF,2023,2.45722335,1.9277856194999987
RF,2023,4.175364113,2.5103848181520063
RF,2023,3.323486583,2.265014290988001
RF,2023,1.033028305,1.9877256261379999
RF,2023,1.518692385,1.5134019401459986
RF,2023,2.134668325,1.7333238030179974
RF,2023,3.290238125,2.133759301569998
RF,2023,2.137436275,1.7717018217899991
RF,2023,3.621291294,2.356096564938
RF,2023,2.961231831,2.5037001259700067
RF,2023,3.1617194,1.8621720690519976
RF,2023,1.85899872,1.8807456089999979
RF,2023,2.23939252,2.538433543596002
RF,2023,1.298148527,2.7783211805719974
RF,2023,1.957163975,1.7463697772980031
RF,2023,1.19773556,1.4042084386780005
RF,2023,1.483542445,1.5822801558219983
RF,2023,1.98747089,1.342246836111998
RF,2023,1.693214795,0.9862378258820013
RF,2023,2.833527265,1.8181859191619996
RF,2023,3.80651972,2.7214066145899993
RF,2023,3.625896051,2.6571856522460053
RF,2023,3.16439059,2.2369991365020017
RF,2023,2.379922443,2.3701639065859985
RF,2023,2.59773884,2.4189642852479922
RF,2023,3.336473915,2.228655559313998
RF,2023,2.288209835,2.472420522921999
RF,2023,1.95068362,2.5716661315060056
RF,2023,1.089818235,2.756341657491999
RF,2023,0.868012204,2.634036377854003
RF,2023,0.98684137,1.978222299833996
RF,2023,4.07831831,2.082095795329996
RF,2023,4.54433065,2.326928430352001
RF,2023,3.046029145,2.4096108839939996
RF,2023,2.58815568,2.2629247087840048
RF,2023,2.20577855,2.631191017718004
RF,2023,2.728093847,1.9266976038160057
RF,2023,2.155795058,2.7485997310800045
RF,2023,1.954307785,2.5684135368060006
RF,2023,2.92482843,2.685619013822005
RF,2023,2.221694699,2.0469702950820037
RF,2023,1.800496845,2.336538668008005
RF,2023,1.157017403,1.0363538578020013
RF,2023,0.984776221,1.0409849689340032
RF,2023,1.010079143,1.3857797101919989
RF,2023,0.923058513,1.3938199331420005
RF,2023,1.494137242,0.7454894691499987
RF,2023,0.618736108,0.9469216149920007
RF,2023,1.126744591,0.8251626324860004
RF,2023,1.143971662,0.5825411517480013
RF,2023,1.18085725,0.8383196392980007
RF,2023,1.692044385,0.6238701007580009
RF,2023,1.491858155,1.2039617406080014
RF,2023,0.798551294,0.6242152006880013
RF,2023,0.658239489,0.7242611943159999
RF,2023,1.686040266,1.1245299008020013
RF,2023,2.98834805,1.4020320814859977
RF,2023,1.561578398,1.3707585413559968
RF,2023,1.438925602,1.863360062409999
RF,2023,0.87405622,1.2793563751360004
RF,2023,1.124749095,1.1067186988280011
RF,2023,0.617472358,1.3083722424040003
RF,2023,0.80258571,1.1735149170440005
RF,2023,0.67961792,1.1306344444400012
RF,2023,0.715917512,1.1651735915880017
RF,2023,0.821485362,1.0804621381479997
RF,2023,0.479455149,0.5731799202240001
RF,2023,0.523213698,0.7055359441080001
RF,2023,0.899653787,0.6310710148440002
RF,2023,0.441962654,0.5375849339179997
RF,2023,0.57878256,0.7110765834580003
RF,2023,0.72413732,1.0855495696459996
RF,2023,0.30079363,1.4148533662399994
RF,2023,0.515162295,1.3245567662080004
RF,2023,0.382631835,1.381967279386002
RF,2023,0.832850727,1.539500961032002
RF,2023,1.85655043,1.3504408828819991
RF,2023,3.06180853,1.5125736071539948
RF,2023,1.692840622,1.1261712747340002
RF,2023,1.317762856,0.9651160355140028
RF,2023,1.057364524,1.0024446415860013
RF,2023,0.767660635,0.9616937284760027
RF,2023,0.639268027,1.4672876507499983
RF,2023,0.50346714,1.7962310663539987
RF,2023,0.966512198,1.7630218609679993
RF,2023,0.642911175,0.8783687839360044
RF,2023,0.511536583,0.8798213629139984
RF,2023,0.280014294,0.5561380819800006
RF,2023,0.37556622,0.6248149121840013
RF,2023,0.524313405,0.5070478319120011
RF,2023,0.365206549,0.4871169792940009
RF,2023,0.723826855,1.1428061191080006
RF,2023,0.412315807,0.5280857911500002
RF,2023,0.693192455,0.5883517061700005
RF,2023,0.606315644,1.253357120226
RF,2023,0.364755176,0.32414826041200046
RF,2023,0.332878997,0.3835703829440003
RF,2023,0.317021176,0.2148257700099994
RF,2023,0.286607272,0.31940442409199965
RF,2023,0.41874259,0.31052972308199944
RF,2023,0.37836941,0.23319911047600048
RF,2023,0.451571263,0.3971161246380008
RF,2023,0.522076423,0.9084646731440019
RF,2023,1.652928648,0.9029533264560005
RF,2023,3.07118026,0.9134073413660001
RF,2023,0.865768833,1.0610554153660017
RF,2023,0.82989472,1.2730728159179985
RF,2023,0.758166311,1.1306986996859998
RF,2023,0.822001761,1.0426394646360004
RF,2023,0.816273523,1.0406399691780004
RF,2023,0.650147655,1.0225963254020007
RF,2023,0.674607053,1.0003286001300005
RF,2023,0.597750271,0.9676535439479997
RF,2023,0.494324596,1.0567996551699996
RF,2023,0.674704982,0.4568658889519999
RF,2023,0.430341215,0.6937276923840016
RF,2023,0.426575838,0.4670962661540003
RF,2023,0.901353,0.5817202257860002
RF,2023,0.780428976,0.6084024118079987
RF,2023,0.2173865,0.3149463253960002
RF,2023,0.506648206,0.2596379606840002
RF,2023,0.33072787,0.41939897914399915
RF,2023,0.926463308,0.5157895659620007
RF,2023,1.194822865,0.40686324615600067
RF,2023,1.231049634,0.4766534089300005
RF,2023,0.812570619,0.37341454896800047
RF,2023,0.763750164,0.4436020290940011
RF,2023,0.763112655,0.3235655863440001
RF,2023,0.689240836,0.43858122725800136
RF,2023,0.728768569,0.5986950851660002
RF,2023,0.458253499,0.49103863677200027
RF,2023,0.518614041,0.49689800425600067
RF,2023,0.450654487,0.6889683307040007
RF,2023,0.594454168,0.43214498956799924
RF,2023,0.527201363,0.4178270277579994
RF,2023,0.547614218,0.4437842502019996
RF,2023,0.57366981,0.3616186141840003
RF,2023,0.53343523,0.339477779276
RF,2023,0.359358764,0.3298124441700005
RF,2023,0.492370666,0.30023880919999973
RF,2023,0.459649177,0.3440287346419995
RF,2023,0.429269688,0.3472811828619994
RF,2023,1.46458978,0.29299031183799973
RF,2023,0.445491291,0.35489767117800014
RF,2023,0.565753165,0.36799497674399895
RF,2023,0.198532746,0.2566943593939995
RF,2023,0.2498168,0.27650061083599975
RF,2023,0.081672855,0.32459340941999937
RF,2023,0.525205514,0.3701408281699996
RF,2023,0.520885128,0.5516849933059986
RF,2023,0.708208996,0.4657725935059994
RF,2023,0.483504615,0.4564276013540001
RF,2023,0.175486383,0.5144859063779987
RF,2023,0.228249644,0.563070811665998
RF,2023,0.323422885,0.550128745717998
RF,2023,0.324921726,0.45175175710400056
RF,2023,0.294248345,0.4828596563499995
RF,2023,0.31286499,0.5258655332339989
RF,2023,0.310710673,0.4892953848439993
RF,2023,0.430786736,0.2939034883260008
RF,2023,0.243658634,0.23371928834399985
RF,2023,0.179881829,0.2607457586539995
RF,2023,0.235970411,0.3271407466940002
RF,2023,0.226417782,0.24257073832999979
RF,2023,0.144408497,0.2814567635779994
RF,2023,0.151447436,0.5757110597620002
RF,2023,0.212542446,0.3982448097799999
RF,2023,1.281652853,0.5975355156740007
RF,2023,0.701493374,0.5247214501640006
RF,2023,0.627411079,0.48252141274000115
RF,2023,0.396948795,0.5691061067100001
RF,2023,0.476223745,0.4186708947380004
RF,2023,0.339084388,0.4480964048500007
RF,2023,0.385891111,0.4684881192620009
RF,2023,0.337442455,0.565590211710001
RF,2023,0.445787296,0.4778044768020001
RF,2023,0.820321083,0.5306426146159995
RF,2023,1.01673257,0.24379136920199995
RF,2023,0.86608095,0.24002333788999894
RF,2023,0.951799821,0.22037047512599964
RF,2023,0.03168833,0.33480911613000064
RF,2023,0.247601362,0.23040006977000022
RF,2023,0.232777952,0.2214094902599992
RF,2024,0.165166952,0.16826070809800017
RF,2024,0.149844994,0.21841044759800043
RF,2024,0.1115639,0.1730200915480003
RF,2024,0.384515792,0.6940980352419994
RF,2024,0.074146503,0.6985888029840001
RF,2024,0.215153726,0.3894753914720008
RF,2024,0.167588719,0.5988221450739993
RF,2024,0.279609513,0.9744901299560025
RF,2024,0.045023002,1.1780475166540014
RF,2024,0.202978345,1.1701149807060023
RF,2024,0.064300039,0.9309203215520004
RF,2024,0.071437253,1.2751222088180036
RF,2024,0.093308975,1.304638532464003
RF,2024,0.076431874,1.7020965971080046
RF,2024,0.084212753,1.791000890642007
RF,2024,0.293343025,1.3251684228240022
RF,2024,0.274460638,0.23762830925599998
RF,2024,0.112574438,0.19811234303000042
RF,2024,0.013603567,0.17903283360800004
RF,2024,0.066251323,0.5791315632420004
RF,2024,0.292675427,0.6247162030480005
RF,2024,0.08699717,0.3298391555320004
RF,2024,0.174461111,0.63514804158
RF,2024,0.182386318,0.5268998950080006
RF,2024,0.187775607,0.4067441318599994
RF,2024,0.213585485,0.40789618290799967
RF,2024,0.16090291,0.4174187096219987
RF,2024,0.232830261,0.5866089518259999
RF,2024,0.169246152,0.5460844733559999
RF,2024,0.354303316,0.5102364966119994
RF,2024,0.025810079,0.7694214087380021
RF,2024,1.69114585,2.5749027503579986
RF,2024,1.799346435,2.705473556373997
RF,2024,2.034431388,2.7524372022479975
RF,2024,2.34820194,3.4738933347399983
RF,2024,1.905930016,3.403822475056
RF,2024,4.03022463,1.473372081766004
RF,2024,4.15711668,2.558085190517993
RF,2024,2.229672047,2.562348378041994
RF,2024,1.90038146,2.6228641209019936
RF,2024,2.046485281,2.929296733802002
RF,2024,2.044712321,2.6855431338839972
RF,2024,2.547292815,3.021731206741998
RF,2024,2.8601986,3.3686819212280015
RF,2024,2.83247077,3.4397063440140054
RF,2024,2.791342681,3.207697233672002
RF,2024,3.63432415,2.736391027853999
RF,2024,3.063009375,2.6000878213419956
RF,2024,0.96238088,1.5013801030780025
RF,2024,0.68896709,1.5797224783780033
RF,2024,0.272314355,1.471385066286002
RF,2024,2.663541215,3.2187551890139927
RF,2024,3.014611085,2.999234782902002
RF,2024,3.12531119,3.011357602939999
RF,2024,3.31046841,3.3242223323139988
RF,2024,3.13551618,2.919477083309999
RF,2024,4.727947315,3.031671785693994
RF,2024,0.934153005,2.762516747603998
RF,2024,2.10806281,3.24872436932799
RF,2024,4.564725977,3.92495243298
RF,2024,6.22489395,3.836292321062005
RF,2024,4.07316809,3.8486118680039954
RF,2024,4.93950618,3.6171425561379986
RF,2024,5.24274876,3.5480294343799965
RF,2024,3.1833815,3.6486243084019985
RF,2024,0.0,3.821637815069995
RF,2024,0.077723455,3.7549854740839996
RF,2024,0.0,3.5358527859520037
RF,2024,0.0,2.909669779455999
RF,2024,0.0,2.697031197373997
RF,2024,0.0,2.7802812599839943
RF,2024,0.0,2.9127614132660025
RF,2024,1.8757136,1.6488213830300036
RF,2024,3.508975,3.139548033383999
RF,2024,4.94517381,3.3088389465560004
RF,2024,4.003012879,3.032376092147999
RF,2024,4.214248204,3.3868298056079986
RF,2024,5.14268157,4.0059396320279985
RF,2024,3.226711975,3.36576410272601
RF,2024,3.969762906,3.108186431124001
RF,2024,3.822497225,3.5423477770479885
RF,2024,4.16700448,3.36985680590999
RF,2024,5.488725255,3.9266880525260013
RF,2024,7.505674108,3.9098324394520017
RF,2024,5.96595545,3.869926225908001
RF,2024,5.122097711,3.7992458175519994
RF,2024,7.155931885,3.882613168484008
RF,2024,4.95505628,3.9430647807840025
RF,2024,4.5028295,3.947439261067999
RF,2024,4.76646119,3.619961139203991
RF,2024,4.79772271,3.982910056524002
RF,2024,3.480909265,3.6044646743199946
RF,2024,6.32573967,3.6016759184499985
RF,2024,5.813925572,3.6107739766420006
RF,2024,6.663346315,3.5359551165700007
RF,2024,6.62303558,3.706100809132005
RF,2024,6.181965963,3.628353026599998
RF,2024,4.758721105,3.578846014550002
RF,2024,4.796405865,3.6497176493280112
RF,2024,2.94342935,3.0491194510439943
RF,2024,2.4111765,2.8289319387979956
RF,2024,5.606081906,3.6633105365999996
RF,2024,5.545769105,4.017009024743992
RF,2024,8.162941255,4.522933557755982
RF,2024,5.4402873,4.827015477765987
RF,2024,3.8777421,3.0336101773139963
RF,2024,4.90848714,4.073490152237995
RF,2024,3.91845236,4.518166218755993
RF,2024,3.819070172,3.808765998410004
RF,2024,2.530728275,3.578494942505991
RF,2024,0.993923773,1.1052929650499965
RF,2024,2.673212215,2.9440526571079997
RF,2024,2.298410794,2.687263826822003
RF,2024,2.250850735,2.6837394237499996
RF,2024,2.040274357,1.7514212444380013
RF,2024,1.540475865,0.7956746793599994
RF,2024,1.42641264,0.694076651007999
RF,2024,0.778013765,2.171172078670005
RF,2024,3.306405455,2.8822164327340043
RF,2024,0.40697455,2.491398707242002
RF,2024,0.41815775,1.8602969695419986
RF,2024,0.965972935,1.769455918359998
RF,2024,1.76108355,1.9001106156879948
RF,2024,2.494400185,2.352968808422
RF,2024,1.339869015,2.023902527383999
RF,2024,1.033779505,2.5950916771540045
RF,2024,0.776706,2.0129027966099957
RF,2024,0.91637374,2.4871846214180042
RF,2024,0.740375415,1.499303939087999
RF,2024,1.00557136,1.8233938555799993
RF,2024,0.642608528,1.7356387823160009
RF,2024,0.395457322,1.7950414133180044
RF,2024,0.653721511,1.5732347372920015
RF,2024,0.460335323,1.002393940907996
RF,2024,0.361279007,0.7486245160199987
RF,2024,0.626390475,1.2008515572139984
RF,2024,0.35416434,0.5683184949960005
RF,2024,0.283155705,0.6468402956139986
RF,2024,1.122832195,1.3406899122479965
RF,2024,1.986406735,1.6878868163860001
RF,2024,1.245590245,1.8870647110059975
RF,2024,2.14359605,1.5360796986339968
RF,2024,1.340396045,1.969988828422001
RF,2024,1.240626837,1.2389967496780008
RF,2024,0.610950093,1.3633274273020024
RF,2024,0.635275189,1.8524982214420036
RF,2024,0.66735134,1.704627029696003
RF,2024,0.369478584,0.922606675486003
RF,2024,3.296159245,2.375271324506009
RF,2024,1.714135075,1.7152623956940063
RF,2024,0.56233689,0.9359209160240006
RF,2024,0.56161564,0.9192830871960007
RF,2024,0.392669765,1.0048078674480025
RF,2024,0.261556196,0.847240245406
RF,2024,0.919880455,1.4150138934300023
RF,2024,1.719864063,1.9695305112920019
RF,2024,1.973440975,1.2039425166720028
RF,2024,1.09311807,1.137221066332
RF,2024,1.348059365,1.0358954026559992
RF,2024,1.03749386,1.1505963772
RF,2024,0.75140985,1.2183591155240017
RF,2024,1.019636075,1.4985221277580008
RF,2024,1.032126556,2.070195322344
RF,2024,1.357975317,1.4325444255380007
RF,2024,0.5079811,1.3724191704719984
RF,2024,1.23769563,2.3446189609220016
RF,2024,3.33424847,1.7567616380359954
RF,2024,2.056219685,1.292302888836003
RF,2024,2.40365686,2.393941067599997
RF,2024,1.601363487,1.7529964705459988
RF,2024,0.872093695,1.775057380685998
RF,2024,1.40989394,1.7701529045259938
RF,2024,2.24510469,2.3153673917360007
RF,2024,1.7844057,1.9493374316159975
RF,2024,1.056294225,2.2348214667839983
RF,2024,2.09905232,2.801361394500004
RF,2024,1.990744645,2.041450810535997
RF,2024,2.07935285,1.7058311597339968
RF,2024,1.046783775,1.9754455493879963
RF,2024,1.278376152,1.902552393303998
RF,2024,2.211891302,2.1505126868899973
RF,2024,1.382114245,1.8715857434079974
RF,2024,1.80819135,1.1776525526579993
RF,2024,1.455605787,1.1823411045720003
RF,2024,1.442419456,1.099625891582001
RF,2024,1.1820481,0.746968320336
RF,2024,0.86200995,0.6387016771980009
RF,2024,0.401843906,0.4701293701620006
RF,2024,0.349354666,0.5239325208960017
RF,2024,0.572821403,0.6531190610359989
RF,2024,0.46848943,0.7089270705520001
RF,2024,0.533080832,0.5669279218580003
RF,2024,0.510541538,0.5915417028200015
RF,2024,0.347902291,0.6652043223160016
RF,2024,1.771187198,1.2044683433640002
RF,2024,2.14716282,0.8212250805319998
RF,2024,0.666346023,0.6796183850620003
RF,2024,0.394010886,0.7214349240239993
RF,2024,0.554257056,0.782172303171999
RF,2024,0.499552345,0.5528971376800015
RF,2024,0.501145815,0.585273788802001
RF,2024,0.395356529,0.7924226511539988
RF,2024,0.35302254,0.6551850027820008
RF,2024,0.333825387,0.591563713728001
RF,2024,0.620293475,1.6194087105119959
RF,2024,1.491011694,1.6573185429539932
RF,2024,1.40417766,1.657654527833999
RF,2024,0.839234681,1.0286659682140016
RF,2024,0.87483912,1.193720905308001
RF,2024,0.84609671,1.0170705805640003
RF,2024,0.647710798,0.9926114849659997
RF,2024,0.836023015,1.0543020708320012
RF,2024,0.95993075,1.0206523283559996
RF,2024,0.617689991,0.9974551979040032
RF,2024,0.739891584,0.9946603802680022
RF,2024,0.535885655,0.8574361824719999
RF,2024,0.489388949,0.43520991771999945
RF,2024,0.515887778,0.5231261051660007
RF,2024,0.575941056,0.5416786674039995
RF,2024,0.441934016,0.46191364787600037
RF,2024,0.381992129,0.4233710006119999
RF,2024,0.406150251,0.4732125663359997
RF,2024,0.378041125,0.4772548822639995
RF,2024,0.340785467,0.5986251501400004
RF,2024,0.234252363,0.40411573935599887
RF,2024,0.324602792,0.4987922538580001
RF,2024,0.286396445,0.4375904225100002
RF,2024,0.226302679,0.47162804839600025
RF,2024,0.261227907,0.47851740538199994
RF,2024,0.305543125,0.43974652133200076
RF,2024,0.28644973,0.4493057633259988
RF,2024,1.396897331,0.9644826868100014
RF,2024,0.868533475,0.5399888221559994
RF,2024,0.024030435,0.7148634506360001
RF,2024,0.343840358,0.7453559718300018
RF,2024,0.410111576,1.0478033771500004
RF,2024,0.51006273,0.7145426332720008
RF,2024,0.38231617,0.5884613374700012
RF,2024,0.334844765,0.5121076531899995
RF,2024,0.451570305,0.5140727482999988
RF,2024,0.398380528,0.5151286227419986
RF,2024,0.25579783,0.5555835534220005
RF,2024,0.559699926,0.5252675354760009
RF,2024,1.00320008,0.7693727987140018
RF,2024,0.318067503,0.6858367843700008
RF,2024,0.303393484,0.7348994681340015
RF,2024,0.385149779,0.4804951050860001
RF,2024,0.295747604,0.6070303817579998
RF,2024,0.307838805,0.636365282167999
RF,2024,0.25824059,0.46996389310999953
RF,2024,0.314745175,0.7742489883440007
RF,2024,0.017532875,1.0204876013099946
RF,2024,1.202471875,1.177869375462001
RF,2024,0.362740872,1.3068842298959975
RF,2024,0.27280071,1.2422881309280003
RF,2024,0.649651325,1.1600170833799996
RF,2024,1.4273491,1.2794453979020008
RF,2024,0.36389314,1.195073803148
RF,2024,0.569623866,1.1480839757739996
RF,2024,0.429647724,1.155183245456
RF,2024,0.374850217,0.975640644494
RF,2024,0.750266835,0.9030192334700002
RF,2024,0.544980575,0.5497362536919991
RF,2024,0.247419452,0.49179430439400007
RF,2024,0.111019499,0.6876903717319994
RF,2024,0.035012153,0.6279509164019988
RF,2024,0.033120812,0.33427994794800026
RF,2024,0.16148084,0.5044363891319995
RF,2024,0.303399635,0.8928448382279981
RF,2024,0.646305935,1.1755556601620012
RF,2024,0.083730821,0.47661506834999956
RF,2024,0.242388139,0.4017657768679997
RF,2024,0.1989452,0.5056523094699997
RF,2024,0.181979107,0.45932871525400015
RF,2024,0.151763236,0.43386150244599986
RF,2024,0.245011954,0.6321886484260003
RF,2024,0.223813949,0.5352375511119998
RF,2024,0.109434813,0.5522905029999996
RF,2024,0.157575067,0.594982239956
RF,2024,0.233459302,0.48557303485599973
RF,2024,0.417797283,0.2152819961220007
RF,2024,0.29615187,0.21433423029599996
RF,2024,0.271807804,0.27333699773599995
RF,2024,0.120204197,0.15634196435400052
RF,2024,0.105887516,0.21735462580799997
RF,2024,0.087689577,0.3059465138239998
RF,2024,0.249385995,0.21323791375599974
RF,2024,0.348595323,0.2662930978300009
RF,2024,0.214798266,0.18038215207400018
RF,2024,0.213887015,0.26954629110800027
RF,2024,0.147089351,0.23002109934799989
RF,2024,0.25956231,0.12694442147000037
RF,2024,0.109757595,0.2817827529059999
RF,2024,0.228224379,0.22048643321599987
RF,2024,0.260349954,0.3369377035540008
RF,2024,0.151558979,0.26694090499800094
RF,2024,0.167117455,0.3664874231439997
RF,2024,0.121062155,0.37059259016399987
RF,2024,0.156311821,0.19905576683999981
RF,2024,0.206290427,0.3229685955199999
RF,2024,0.427493047,0.6494115495380003
RF,2024,0.669731265,0.35618674242199916
RF,2024,0.318488713,0.35674458571800016
RF,2024,0.159771163,0.2856061993099993
RF,2024,0.282619749,0.2799295873680002
RF,2024,0.21705464,0.35989287435800094
RF,2024,0.233752774,0.26858608430600067
RF,2024,0.058183608,0.6023160669780002
RF,2024,0.30793159,0.4846733095179994
RF,2024,0.457585499,0.33504619613400105
RF,2024,0.139575575,0.3298945198840002
RF,2024,0.222875136,0.49490619044199885
RF,2024,0.021134138,0.16608143715400042
RF,2024,0.331577089,0.22878655164799955
RF,2024,0.23869725,0.22598721444400052
RF,2024,0.112588244,0.1387068110500001
RF,2024,0.130533974,0.15717562157000006
RF,2024,0.084594239,0.15780784799000006
RF,2024,0.082569405,0.14070179247600015
RF,2024,0.008638274,0.17405761521800023
RF,2024,0.299850978,0.3584784886700006
RF,2024,0.630958094,0.20585671981600048
RF,2024,0.22563563,0.17845487369399995
RF,2024,0.222917447,0.3153284103080007
RF,2024,0.227147409,0.27362548107800017
RF,2024,0.138381826,0.4847386675799997
RF,2024,0.249662687,0.42041242270999996
RF,2024,0.16661527,0.38150164981800044
RF,2024,0.244073491,0.6064816507559995
RF,2024,0.234848209,0.4472355522580003
RF,2024,0.32348178,0.43299905484400036
RF,2024,0.298699579,0.41818498746600086
RF,2024,0.239217346,0.33640080733400135
RF,2024,0.314776516,0.5524765962360003
RF,2024,0.350608014,0.5706308772660006
RF,2024,0.377777136,0.3999317707000004
RF,2024,0.197297453,0.5477855701119995
RF,2024,0.475580935,1.2298229126100007
RF,2024,0.766289635,1.3051999516280013
RF,2024,1.207903272,1.0684429645460003
RF,2024,0.570801575,1.102157725330001
RF,2024,0.926138032,1.4598325023199985
RF,2024,0.870658562,1.4461920387200011
RF,2024,0.37744559,1.4075134895000012
RF,2024,1.27815403,1.4765175454320016
RF,2024,1.171387176,1.5887290135760013
RF,2024,1.066188608,1.5928305102620017
RF,2024,1.056239658,1.229895916668
RF,2024,0.79533649,1.2177527826159988
RF,2024,0.328102625,1.1811576941139992
RF,2024,0.320588385,0.7799967231839984
RF,2024,1.080701335,0.4665309199440007
RF,2024,1.135285859,0.9711703606840018
RF,2024,0.828071195,0.9826674059200007
RF,2024,0.931246845,0.8833605076540018
RF,2024,0.655398135,0.7263460656820022
RF,2024,0.698021014,0.7728362237520019
RF,2024,0.731259301,0.67020988988
RF,2024,0.803437165,0.9409368934200016
RF,2024,0.857268115,0.9599111094960016
RF,2024,0.510983938,0.30062917758799956
RF,2024,0.680408969,0.523051214022001
RF,2024,0.716023387,0.953574485398001
RF,2024,0.885918615,1.0284617799500009
RF,2024,1.009114413,1.025518495536
RF,2024,0.80357265,1.0518065368040006
RF,2024,0.671657885,0.9518320719920019
RF,2024,0.495476363,0.6214391299959998
RF,2024,0.88319613,1.0144631807139988
RF,2024,0.128079743,0.534092424128
RF,2024,0.17259662,0.9089465499819995
RF,2024,0.178467077,1.450847741515997
RF,2024,0.432577155,1.501892328107996
RF,2024,1.650188374,1.159625867164
RF,2024,2.315021235,1.1268458610780003
RF,2024,0.94111544,0.8299126806919987
RF,2024,0.82061727,0.8683537576460005
RF,2024,1.050773466,1.1065383016379995
RF,2024,2.016475486,1.635196253044002
RF,2024,1.164879685,1.1136454509759979
RF,2024,1.421762964,1.9917856231739963
RF,2024,1.531948111,1.1808878286779987
RF,2024,1.306866243,1.6136439778899978
RF,2024,1.853007532,2.4318370497659965
RF,2024,1.574693648,2.455164114023997
RF,2024,1.420010357,2.4749088328260003
RF,2024,0.574793496,1.3260244300220025
RF,2024,1.012611274,1.914683821819998
RF,2024,1.027579285,2.5637558646199965
RF,2024,0.026842795,2.6346273033799985
RF,2024,1.217497269,2.7564963581759985
RF,2024,1.610213021,2.6047990059559982
RF,2024,1.608430493,2.6986432662499977
RF,2024,2.079770353,2.7512900256859973
RF,2024,2.854534012,3.44955945957
RF,2024,2.344945589,3.379299799356006
RF,2024,2.222337755,1.4659740110740043
RF,2024,3.277970681,2.581711310639993
RF,2024,1.931933528,2.5593009976779935
RF,2024,2.513514105,2.6213315957419936
RF,2024,2.099554275,2.929296733802002
RF,2024,2.332568413,2.6855431338839972
RF,2024,3.142947913,3.021731206741998
RF,2024,2.777870685,3.3686819212280015
RF,2024,3.51069838,3.4397063440140054
RF,2024,4.031417687,3.207697233672002
RF,2024,3.620449395,2.736391027853999
RF,2024,3.346055079,2.6000878213419956
RF,2024,1.1537543,1.5013801030780025
RF,2024,0.738011893,1.5797224783780033
RF,2024,0.41993327,1.471385066286002
RF,2024,3.140760118,3.2187551890139927
RF,2024,3.162918368,2.999234782902002
RF,2024,3.523922965,3.011357602939999
RF,2024,4.186992745,3.3242223323139988
RF,2024,3.31701179,2.919477083309999
RF,2024,4.881395135,3.031671785693994
RF,2024,2.344412516,2.762516747603998
RF,2024,3.564643408,3.24872436932799
RF,2024,4.818951075,3.92495243298
RF,2024,5.90189766,3.836292321062005
RF,2024,4.780154158,3.8486118680039954
RF,2024,4.7624445,3.6171425561379986
RF,2024,5.38151635,3.5480294343799965
RF,2024,4.546663413,3.6486243084019985
RF,2024,5.45469042,3.821637815069995
RF,2024,5.274593555,3.7549854740839996
RF,2024,5.45394542,3.5358527859520037
RF,2024,4.429813845,2.909669779455999
RF,2024,2.638139695,2.697031197373997
RF,2024,2.715028999,2.7802812599839943
RF,2024,4.068461958,2.9127614132660025
RF,2024,1.535774338,1.6488213830300036
RF,2024,4.29159902,3.139548033383999
RF,2024,4.835781145,3.3088389465560004
RF,2024,4.059299482,3.032376092147999
RF,2024,4.681146561,3.3868298056079986
RF,2024,5.57469287,4.0059396320279985
RF,2024,3.719147265,3.36576410272601
RF,2024,4.411702455,3.108186431124001
RF,2024,5.1787683,3.5423477770479885
RF,2024,4.111398845,3.36985680590999
RF,2024,5.794922265,3.9266880525260013
RF,2024,7.99164645,3.9098324394520017
RF,2024,6.13419845,3.869926225908001
RF,2024,5.435116225,3.7992458175519994
RF,2024,6.960790255,3.882613168484008
RF,2024,5.144084987,3.9430647807840025
RF,2024,5.02586572,3.947439261067999
RF,2024,5.135289808,3.619961139203991
RF,2024,4.889634195,3.982910056524002
RF,2024,3.714662752,3.6044646743199946
RF,2024,6.49888555,3.6016759184499985
RF,2024,5.166314082,3.6107739766420006
RF,2024,6.17205969,3.5359551165700007
RF,2024,5.870667565,3.706100809132005
RF,2024,5.49538452,3.628353026599998
RF,2024,4.91802873,3.578846014550002
RF,2024,4.900934395,3.851143165670007
RF,2024,3.470683373,3.2342103227579924
RF,2024,2.57431736,2.8677391634359926
RF,2024,5.51229507,3.408959857509998
RF,2024,0.03388125,3.802721992279995
RF,2024,1.851959825,3.7073590823119855
RF,2024,1.22785898,1.505814794197999
RF,2024,2.9732303,3.5186180202679935
RF,2024,2.45569578,3.0721300478740043
RF,2024,2.585697152,2.666361467100003
RF,2024,2.200981013,2.3801997894599998
RF,2024,2.116986705,1.7656603820120005
RF,2024,1.730309347,0.7331452271739985
RF,2024,1.39124233,2.135922961742006
RF,2024,3.73626245,3.064819268258007
RF,2024,1.842726125,2.4984703976240015
RF,2024,1.2180058,1.8573966017099985
RF,2024,1.10968825,1.7552638119799981
RF,2024,0.28805474,1.9008578719739957
RF,2024,2.20317398,2.3788464856079994
RF,2024,1.404901865,2.142031545373998
RF,2024,1.098338823,2.545318096096003
RF,2024,0.81480169,2.062683972925998
RF,2024,0.997234217,2.192241617988005
RF,2024,1.14030625,1.5140730666419986
RF,2024,0.939267458,1.8168849468339994
RF,2024,0.820533389,1.7965432451500016
RF,2024,0.603344443,1.8775972489940052
RF,2024,1.167660803,1.649198141108001
RF,2024,0.7366104,0.9618677423039965
RF,2024,0.456409902,0.726714552769999
RF,2024,0.738420908,1.198822890637998
RF,2024,0.52024905,0.5617895248939997
RF,2024,0.373290071,0.641398502633999
RF,2024,0.562952334,1.336817372101997
RF,2024,2.412249615,1.7937936142579998
RF,2024,2.10159728,1.795196711987997
RF,2024,1.836889762,1.5128325498179966
RF,2024,1.246137795,1.9218584519200022
RF,2024,1.51236523,1.5924195773999983
RF,2024,0.7331657,1.9101894531740005
RF,2024,0.89097909,2.149614228954001
RF,2024,0.92802853,2.1678099757100036
RF,2024,0.550921638,1.730144710466002
RF,2024,1.671514741,2.7190813629440065
RF,2024,2.4209571,1.6815713787840034
RF,2024,0.854370325,1.069232995952001
RF,2024,1.055002765,0.8819971556459998
RF,2024,0.803367445,0.9948475073300018
RF,2024,0.424140477,0.8882134291039997
RF,2024,1.255386054,1.4432025800860013
RF,2024,1.805668899,2.3671812850159957
RF,2024,1.91375778,2.0212771405059993
RF,2024,1.31386105,1.7108682298259972
RF,2024,1.187712365,1.742837705979997
RF,2024,0.808487415,1.5647262595540006
RF,2024,0.613153743,1.6227708155419969
RF,2024,0.794022524,1.6755119834059975
RF,2024,0.98395797,2.1341911321539997
RF,2024,1.36061118,1.7865337284339984
RF,2024,0.378951589,1.6204544494740014
RF,2024,0.721967027,2.334937424472001
RF,2024,3.454692925,1.9676288455399988
RF,2024,1.97192811,1.2636973796960034
RF,2024,2.319108895,2.4050766271179995
RF,2024,1.94949574,1.8201281618840004
RF,2024,0.851726493,1.7457634752359983
RF,2024,1.318884755,1.7848144098499927
RF,2024,2.52381182,2.3595084117780005
RF,2024,1.564141925,1.9975849701219979
RF,2024,1.21140299,2.309516197079998
RF,2024,1.9869622,2.857465016786006
RF,2024,2.122808635,2.044470135261997
RF,2024,1.908430875,1.743464138075997
RF,2024,1.058515081,1.982135779589996
RF,2024,1.139474837,1.8920763524499975
RF,2024,1.88982097,2.1197781527899964
RF,2024,1.175816005,2.005080959702
RF,2024,1.48675524,1.2018288944239985
RF,2024,1.162294695,1.1906934153059996
RF,2024,1.36587062,1.0945022700180012
RF,2024,1.58822609,0.7271596542040004
RF,2024,1.248003435,0.6084215308280011
RF,2024,0.750180751,0.4366647280960013
RF,2024,0.486859641,0.4914393403080011
RF,2024,0.67759434,0.6085507951420001
RF,2024,0.6124148,0.5872600159900001
RF,2024,0.710040951,0.5439302915020007
RF,2024,0.875721812,0.5589887234280004
RF,2024,0.586516628,0.6398408751120007
RF,2024,1.560968375,1.2090674845260008
RF,2024,2.46637732,0.7632933223260004
RF,2024,0.90377639,0.6459002027220005
RF,2024,0.411244097,0.6750305088119998
RF,2024,0.559473321,0.7523000119719991
RF,2024,0.58472275,0.5384850424060015
RF,2024,0.733963536,0.5723371450240017
RF,2024,0.524765925,0.7362135209479991
RF,2024,0.544621005,0.5711552120940009
RF,2024,0.399023289,0.5490784220460008
RF,2024,0.560466225,1.3984258763819986
RF,2024,1.522747155,1.6747841370319934
RF,2024,1.566176103,1.6834524362019994
RF,2024,1.077929446,1.0477202660760017
RF,2024,0.078373645,1.189853067158001
RF,2024,0.7380193,1.02178265672
RF,2024,0.655079425,1.0242194890440035
RF,2024,0.770879099,1.0319227768920023
RF,2024,0.596946855,0.8897211509400001
RF,2024,0.481792681,0.39526991976999976
RF,2024,0.5663198,0.3945455532600003
RF,2024,0.628019029,0.4153674588659995
RF,2024,0.497431281,0.2763565308259997
RF,2024,0.450372448,0.2978332581619999
RF,2024,0.466657946,0.349263570899999
RF,2024,0.41963192,0.39136779755199963
RF,2024,0.372404863,0.4493329220699994
RF,2024,0.270375955,0.3792616352379989
RF,2024,0.362999779,0.36573017107799977
RF,2024,0.29919034,0.26684810100399964
RF,2024,0.277974051,0.2825544039580002
RF,2024,0.299048655,0.32326339336199866
RF,2024,0.389264781,0.2740548555379998
RF,2024,0.375828892,0.3843870936499987
RF,2024,0.604053989,0.9187914435000015
RF,2024,0.75571132,0.5124093642160001
RF,2024,1.045659057,0.7500406417639998
RF,2024,0.70495089,0.5203314900999998
RF,2024,0.624830785,0.7333919320500016
RF,2024,0.415016196,1.1495682620739993
RF,2024,0.596354351,0.7139090933520011
RF,2024,0.407427144,0.609430096754001
RF,2024,0.340758135,0.5218971770619995
RF,2024,0.457843365,0.5138909867699987
RF,2024,0.388620458,0.4296657500999995
RF,2024,0.31553867,0.39132250607400004
RF,2024,0.503283342,0.44827121648400114
RF,2024,0.930316153,0.6390146440360025
RF,2024,0.29113376,0.4768951228799993
RF,2024,0.276240676,0.5614088071320003
RF,2024,0.316672219,0.27068962942000063
RF,2024,0.247185143,0.40004224495200036
RF,2024,0.402509548,0.5058607392399982
RF,2024,0.791064807,0.43956235281399975
RF,2024,0.230336621,0.5915095474780013
RF,2024,0.34197097,1.0902849803999963
RF,2024,0.17384028,1.245116787788001
RF,2024,0.385487125,1.3031010674339976
RF,2024,0.339322584,1.1841341129759997
RF,2024,0.814541956,1.0983361796240005
RF,2024,2.275549369,1.3067825702739995
RF,2024,0.477029264,1.2901033530219999
RF,2024,0.684015334,1.2442235673140003
RF,2024,0.44274929,1.2594294417100005
RF,2024,0.49702025,1.0574580858740006
RF,2024,0.81133404,0.9441801744040005
RF,2024,0.795723293,0.5275740202479988
RF,2024,0.375039799,0.4185534100820006
RF,2024,0.303130125,0.5630781576940003
RF,2024,0.351845056,0.4299541224319991
RF,2024,0.280167075,0.37767696914400045
RF,2024,0.32299006,0.22813008514200003
RF,2024,0.315608686,0.37167463259199995
RF,2024,0.306985355,0.819202612855999
RF,2024,1.135527138,1.134630682870003
RF,2024,0.481975515,0.41652784628600154
RF,2024,0.396580609,0.40162739330200115
RF,2024,0.347666386,0.40301701172599963
RF,2024,0.28236014,0.39687567118000106
RF,2024,0.242341379,0.4058969061140015
RF,2024,0.334391685,0.46472073773799955
RF,2024,0.311758244,0.3776978029159991
RF,2024,0.234063687,0.4355153969039998
RF,2024,0.334790954,0.42453702840599894
RF,2024,0.315053096,0.3433928910839993
RF,2024,0.376482726,0.1857633375320003
RF,2024,0.315132344,0.3034888419720003
RF,2024,0.386991801,0.31520067490200054
RF,2024,0.196962172,0.21006678180999971
RF,2024,0.237806796,0.23404011037399966
RF,2024,0.171164321,0.36992738635000055
RF,2024,0.343662985,0.15181551297999973
RF,2024,0.306877356,0.1884967337160001
RF,2024,0.245090402,0.23499867004199956
RF,2024,0.188992576,0.32960303414200093
RF,2024,0.305653718,0.29894778513800013
RF,2024,0.238148878,0.16974897337399947
RF,2024,0.188338428,0.2828131194520001
RF,2024,0.237514258,0.15406149254599966
RF,2024,0.22106636,0.27847674345600054
RF,2024,0.118822316,0.17744670994800044
RF,2024,0.183371672,0.23982758953599978
RF,2024,0.261714953,0.33072071980400003
RF,2024,0.285046865,0.25519289044599924
RF,2024,0.01847852,0.25374391695199955
RF,2024,0.087551465,0.6092697667460001
RF,2024,0.785739025,0.309260936954
RF,2024,0.390055325,0.323150602144
RF,2024,0.250110315,0.3391893437360005
RF,2025,0.08224861,0.37925117356199955
RF,2025,0.048223179,0.3558778118200009
RF,2025,0.028953981,0.36641532007000044
RF,2025,0.058691635,0.3236947022260005
RF,2025,0.030942189,0.2084958287600004
RF,2025,0.054348178,0.1677507905780001
RF,2025,0.41144399,0.22042708167999997
RF,2025,0.291723651,0.21929014954800014
RF,2025,0.461749174,0.31336374326999966
RF,2025,0.663533475,0.34859893468799974
RF,2025,0.343829637,0.3037267982279996
RF,2025,0.366702309,0.37037775751
RF,2025,0.32412587,0.2612644653659996
RF,2025,0.345962769,0.44978641296800015
RF,2025,0.354846587,0.5164326505819992
RF,2025,0.338975547,0.4202274036120009
RF,2025,0.194469034,0.18421265580400015
RF,2025,0.139966177,0.11534932799799993
RF,2025,0.185047415,0.08104070260399988
RF,2025,0.24745964,0.12815810773399977
RF,2025,0.433443165,0.2037390477480002
RF,2025,0.397870386,0.18062311879
RF,2025,0.334408625,0.30398947655400077
RF,2025,0.303213732,0.28455723128200094
RF,2025,0.093616913,0.3545682424380004
RF,2025,0.433037166,0.2854098025260006
RF,2025,0.259016626,0.2363809579240008
RF,2025,0.200489747,0.2854231712559998
RF,2025,0.564672773,0.6871260296139996
RF,2025,0.5029736,0.5933045167460006
RF,2025,0.352487869,0.537477801227999
RF,2025,0.348394524,0.6279773326360006
RF,2025,0.23067949,0.3642894346119999
RF,2025,0.279494445,0.29666768482200034
RF,2025,0.199272633,0.458593865650001
RF,2025,0.217174898,0.6887775200040004
RF,2025,0.14180612,0.5851058721659997
RF,2025,0.2601675,0.6117590067719999
RF,2025,0.181156202,0.590828544272
RF,2025,0.105828445,0.13250095421799976
RF,2025,0.113169255,0.1771597840380002
RF,2025,0.027111199,0.11946431253600003
RF,2025,0.45183291,0.37279963124600074
RF,2025,0.302369986,0.4674048932320003
RF,2025,0.33821476,0.29144290715399973
RF,2025,0.532793627,0.32672755975199996
RF,2025,0.139156341,0.3474454236940004
RF,2025,0.140553965,0.24756666272400016
RF,2025,0.165352132,0.4669646915180005
RF,2025,0.115826361,0.28211951429200055
RF,2025,0.49248534,0.532583133344
RF,2025,0.708603418,0.7842033043720008
RF,2025,0.870740695,0.791775963532002
RF,2025,1.172908367,0.5943597880019998
RF,2025,0.872049248,0.5923133810139987
RF,2025,0.361986618,0.6319048495280011
RF,2025,0.437885815,0.45808403547599946
RF,2025,0.578866624,0.4246673992580002
RF,2025,0.293622353,0.4980308167800001
RF,2025,0.320602978,0.5598510197620002
RF,2025,0.47849503,0.4940732082019994
RF,2025,1.95945332,0.483849225402
RF,2025,0.333949519,0.6653864410600003
RF,2025,0.51483884,0.5737052165859998
RF,2025,0.242908042,0.264408618004
RF,2025,0.340599578,0.9378286575359974
RF,2025,0.569412693,0.568358825708001
RF,2025,0.8539885,0.5761223569360004
RF,2025,0.630920595,0.6154709620060002
RF,2025,0.687311143,0.5537455418819999
RF,2025,0.622117985,0.5350322548559995
RF,2025,1.50578959,1.102573261233999
RF,2025,0.691716644,0.6479464674380013
RF,2025,0.803773197,1.0754698356040011
RF,2025,0.804657665,0.8073903130320026
RF,2025,1.027503275,1.0820287819180006
RF,2025,1.765376019,0.9472722053240005
RF,2025,0.791510298,0.7129295824980022
RF,2025,1.018271244,0.7772527367520021
RF,2025,0.821133185,0.8295178557460031
RF,2025,0.81923559,1.049480233278
RF,2025,0.677729055,0.7498203452760012
RF,2025,0.648767513,0.6365221873800004
RF,2025,0.713846975,0.49194246622200116
RF,2025,0.826679739,0.5102270561520004
RF,2025,0.912268215,0.4139058771879999
RF,2025,1.50899725,1.002305737274001
RF,2025,1.151214358,1.240185784773998
RF,2025,1.645119487,1.103823232696001
RF,2025,0.918879188,1.040463102916001
RF,2025,1.45505258,0.9438495089700005
RF,2025,0.152921644,0.8848646026999999
RF,2025,1.003724905,0.7915745567119987
RF,2025,0.52312625,1.5827161525579991
RF,2025,1.024302746,1.540987386870001
RF,2025,0.817870424,1.586431980144002
RF,2025,1.20890644,1.4525484679580014
RF,2025,1.516338995,1.5948648360879993
RF,2025,0.844015111,1.1499697031280007
RF,2025,1.023882895,0.9108299564000013
RF,2025,1.022733795,0.8035753399340011
RF,2025,2.24615095,1.04474095897
RF,2025,1.40705572,1.4686915460999992
RF,2025,0.87692385,0.4466994482979998
RF,2025,0.959393105,0.5190701887220001
RF,2025,0.781290829,0.5707615511220004
RF,2025,0.54368178,0.3632169474659993
RF,2025,0.320191445,0.5670341442719999
RF,2025,0.839112996,0.781937381224001
RF,2025,0.756697193,0.5237380053439996
RF,2025,0.748498375,0.5488593530480003
RF,2025,0.296513007,0.6424455259899999
RF,2025,0.388609675,0.45719460743999957
RF,2025,0.880665695,0.6306583871580014
RF,2025,1.69744658,0.8250454001540005
RF,2025,1.21088347,0.7832344513139988
RF,2025,0.93954823,0.905211700689999
RF,2025,0.645459633,1.0257179277379975
RF,2025,1.050662134,1.5228916017939957
RF,2025,1.768450278,1.4517975231979967
RF,2025,1.036563389,0.8197299644719975
RF,2025,0.718091525,0.618411768149999
RF,2025,0.668380788,0.8608281593439973
RF,2025,0.47195189,0.7175102866140004
RF,2025,0.856912229,0.9217047995500028
RF,2025,1.617146246,1.4406886766660005
RF,2025,0.871765948,1.9630408847259984
RF,2025,0.808727258,1.1269805930760037
RF,2025,0.809222785,0.9768555274680043
RF,2025,0.99225085,0.7269896715580012
RF,2025,0.772050945,0.7432903412200013
RF,2025,0.885825196,0.6730414476520004
RF,2025,1.14680652,1.5738568927859946
RF,2025,2.428444839,1.2432759133459999
RF,2025,1.064470914,1.3892496894419981
RF,2025,0.820501657,0.6396190209220003
RF,2025,0.747641034,0.5944685310380006
RF,2025,0.77714841,0.8360475208780003
RF,2025,0.779269375,0.5955209388860006
RF,2025,0.626774299,0.557669056288001
RF,2025,0.389058713,0.5963063224020001
RF,2025,0.524699619,1.4844520284379974
RF,2025,1.244058552,1.1636664629659994
RF,2025,1.350873465,1.5516026445579965
RF,2025,2.055918156,1.2705749416919998
RF,2025,1.706495615,1.6397932857140005
RF,2025,1.50126843,1.2690264951259984
RF,2025,1.459676835,1.9253663673159978
RF,2025,1.98991859,1.8059184668900004
RF,2025,1.289592716,1.7854093354980032
RF,2025,1.548870785,1.7786835203920006
RF,2025,1.38174534,2.2517501571300005
RF,2025,2.259677124,1.6396900682480022
RF,2025,1.775214445,1.3824540309139983
RF,2025,1.692614995,1.7384630807220025
RF,2025,1.224558135,1.5019579011620021
RF,2025,3.044168979,1.9307514158059986
RF,2025,1.291003769,1.7774791594079968
RF,2025,1.990303511,1.5685624279879964
RF,2025,1.944002128,1.5727794355959968
RF,2025,2.0261328,1.3690958018579975
RF,2025,1.706274577,2.210056627765999
RF,2025,3.30724575,2.6135165687739916
RF,2025,2.98906105,1.1033134556640025
RF,2025,2.698089712,1.777448260946001
RF,2025,1.938683445,1.648064780007996
RF,2025,2.317540195,1.6776846787140043
RF,2025,2.705741765,3.0918760382220074
RF,2025,2.90036435,2.4675764044199977
RF,2025,3.60561555,2.497052059229998
RF,2025,2.9538933,2.493239676045998
RF,2025,2.491064115,2.441521261343999
RF,2025,1.048741255,2.8765741167020074
RF,2025,1.329055604,2.0655166219259953
RF,2025,1.9691823,2.252109902618001
RF,2025,2.91312736,3.2575404044459977
RF,2025,2.943710378,2.2024098549399946
RF,2025,2.8081742,1.347831941516
RF,2025,1.705800807,1.6567546531920003
RF,2025,1.49008689,1.7452196861139972
RF,2025,2.52334187,2.2777673186560015
RF,2025,3.201167895,3.1050365449860027
RF,2025,2.243513395,2.1341387332120023
RF,2025,2.055822247,2.069794420603997
RF,2025,2.4553595,2.27514607961
RF,2025,3.923582375,2.1695484330859953
RF,2025,3.94503226,2.9839748616959954
RF,2025,4.314890245,2.751883634773999
RF,2025,4.4122035,3.088861504606011
RF,2025,5.311933,2.181080508424
RF,2025,2.79148785,3.0579284018860093
RF,2025,4.35940534,1.9624809774639995
RF,2025,4.817382865,3.039258026759996
RF,2025,2.103087975,2.579954480580003
RF,2025,2.66109861,3.0337984836799996
RF,2025,4.3767251,4.244909156068001
RF,2025,4.079312905,3.961735076701995
RF,2025,5.3224253,4.224524851801996
RF,2025,4.964544085,4.400491589538003
RF,2025,5.29458435,3.449683715884009
RF,2025,2.677136386,2.8731593705600034
RF,2025,4.1321928,4.760216365477996
RF,2025,4.478253745,4.979187127331998
RF,2025,5.294924463,5.027885310721999
RF,2025,5.222444544,4.409923339425998
RF,2025,4.48999396,3.123743148910004
RF,2025,3.065168296,2.54995500995001
RF,2025,3.29459867,2.5213091635339975
RF,2025,3.59844339,3.368939387308003
RF,2025,3.37349979,3.0704163867360044
RF,2025,4.06409982,3.1596793484860015
RF,2025,5.388632556,4.640951494474
RF,2025,5.075302765,3.719866587807992
RF,2025,4.07004953,4.620867264837995
RF,2025,4.35688851,3.8029176537299922
RF,2025,4.497320643,3.9486247378439865
RF,2025,3.835319505,2.7198207670920116
RF,2025,3.174289345,2.509631040770002
RF,2025,2.708149421,3.186723471707999
RF,2025,3.905583788,4.860259946523995
RF,2025,3.990555395,5.120737296075999
RF,2025,5.64021625,4.8533067582679985
RF,2025,5.44659696,3.524585379834005
RF,2025,4.664333465,2.7653837963500156
RF,2025,4.042566445,3.311562357740009
RF,2025,5.90965443,3.8393248203840087
RF,2025,4.788890185,3.0601495601360136
RF,2025,4.95217305,3.6938112680720145
RF,2025,5.183355695,3.962548209406003
RF,2025,5.4970692,3.1424356247320038
RF,2025,2.81341297,2.076288361210002
RF,2025,2.09724414,2.107397115282001
RF,2025,1.03598787,2.043421186126005
RF,2025,1.31331041,1.8585385924640048
RF,2025,2.744267131,2.3512743060820016
RF,2025,2.745083765,2.3581754308600007
RF,2025,2.86350672,2.7384269450640026
RF,2025,3.934465115,2.745517698540001
RF,2025,2.57719792,2.7330351590059974
RF,2025,4.184556039,3.5314253330759993
RF,2025,0.0,3.584228454909993
RF,2025,0.320812397,0.39498770046599946
RF,2025,0.110695141,0.35808321475200033
RF,2025,0.267303375,0.34535704756000046
RF,2025,0.026741,0.3560862246420001
RF,2025,0.291978537,0.2184380645300006
RF,2025,0.18960101,0.17597590829000023
RF,2025,0.06689323,0.18625978290600018
RF,2025,0.392571069,0.17203794301800032
RF,2025,0.367805277,0.27945656792400003
RF,2025,0.731517887,0.2819651827479992
RF,2025,0.436136604,0.2911010057820001
RF,2025,0.451920754,0.3114430332920002
RF,2025,0.520307965,0.19553752034399965
RF,2025,0.54926001,0.42255669216799996
RF,2025,0.507743205,0.4902046728999993
RF,2025,0.457675339,0.37235441539600095
RF,2025,0.148808238,0.17287537282600038
RF,2025,0.075448965,0.08011771367399978
RF,2025,0.131295801,0.1504603027560002
RF,2025,0.093216003,0.14892515583600024
RF,2025,0.590513775,0.1813182284800001
RF,2025,0.18525277,0.19265663936600014
RF,2025,0.337109054,0.3556139295500005
RF,2025,0.317447835,0.2996885184360003
RF,2025,0.47530729,0.31266572405
RF,2025,0.717497176,0.35645994777599993
RF,2025,0.520571075,0.4532143479580007
RF,2025,0.344247296,0.4512410671899994
RF,2025,0.521305344,0.6915507970159991
RF,2025,0.673135063,0.5902762189840005
RF,2025,0.379611086,0.4237185283960004
RF,2025,0.314654904,0.572211018978001
RF,2025,0.225121929,0.3558261300560002
RF,2025,0.225812065,0.2659567259839998
RF,2025,0.35775442,0.40510388415200077
RF,2025,0.399941615,0.6535087542080003
RF,2025,0.23085371,0.5649063798919999
RF,2025,0.33587806,0.5839245737039999
RF,2025,0.252976224,0.541698065002
RF,2025,0.272835726,0.14390660955400014
RF,2025,0.151649875,0.1805140911700002
RF,2025,0.162695021,0.11956356092400001
RF,2025,0.384086904,0.38100296624000046
RF,2025,0.533199954,0.4626183728960008
RF,2025,0.262624395,0.1963002947280001
RF,2025,0.488464419,0.37205764129
RF,2025,0.312487064,0.2792972507060002
RF,2025,0.13339059,0.1355910648559997
RF,2025,0.160763006,0.39418002587800033
RF,2025,0.019018781,0.18497401579999992
RF,2025,0.613475018,0.4510207450620008
RF,2025,0.927826449,0.6924270453340028
RF,2025,1.065203587,0.7325613573100036
RF,2025,1.081506251,0.59392756064
RF,2025,0.820437822,0.5897337855759983
RF,2025,0.457281512,0.5871049086120004
RF,2025,0.559782562,0.4623382049259996
RF,2025,0.06719971,0.4579784480519998
RF,2025,0.57951465,0.4572381276960011
RF,2025,0.867953672,0.4679497840060001
RF,2025,0.726898445,0.31372809071400026
RF,2025,0.87577232,1.0033650007260007
RF,2025,1.052059415,1.2427413771619986
RF,2025,1.389903944,1.065231524866002
RF,2025,0.796422668,1.094854326258
RF,2025,1.422194961,0.8856731352520029
RF,2025,0.520115266,0.8876434882459999
RF,2025,0.933899848,0.899571405695998
RF,2025,0.980213053,1.6603682709079977
RF,2025,1.015394129,1.5448223995739996
RF,2025,0.904045976,1.475042410426001
RF,2025,1.167172255,1.3287294250399995
RF,2025,1.420729155,1.4226532310939983
RF,2025,0.864971665,1.0966582104279994
RF,2025,1.199584714,0.991661286956001
RF,2025,1.142588175,0.7746305289439995
RF,2025,0.9131797,1.0552229951660006
RF,2025,1.334276757,1.4783839457299985
RF,2025,0.904227543,0.6951185634640012
RF,2025,0.938501045,0.6626784540160011
RF,2025,0.648616415,0.7812705302520009
RF,2025,0.476859285,0.35910163302199954
RF,2025,0.600342458,0.6648245570800008
RF,2025,0.71424929,0.8637046794519999
RF,2025,0.78836491,0.5880687837500009
RF,2025,0.664305621,0.5458433662680006
RF,2025,0.2888001,0.768449886872
RF,2025,0.38489962,0.39442295975800057
RF,2025,0.682762795,0.6074782369220005
RF,2025,1.160810015,0.7918623611960002
RF,2025,1.35603972,0.7338110674379998
RF,2025,0.751782926,0.820096844530001
RF,2025,0.677837584,0.9384436938239991
RF,2025,0.742115061,1.4868794738679962
RF,2025,1.392965751,1.4206610748079975
RF,2025,0.784206339,0.7734642837579989
RF,2025,0.586090599,0.5493616475760001
RF,2025,0.468804827,0.886185616505998
RF,2025,0.44618729,0.6768296976079998
RF,2025,0.779014665,0.9221226200320031
RF,2025,1.723548957,1.448800805944
RF,2025,1.142969993,1.9576124937819994
RF,2025,0.784774494,1.2034989081759995
RF,2025,0.932721615,0.8640915017820019
RF,2025,0.96800179,0.6574680858820009
RF,2025,0.637710303,0.7038469733980012
RF,2025,0.706104649,0.6490606013140003
RF,2025,1.071435271,1.5697179245059945
RF,2025,1.848391218,1.2743157409699994
RF,2025,0.914201394,1.431670470553998
RF,2025,0.762112749,0.6593818173220001
RF,2025,0.627183499,0.5864979014560007
RF,2025,0.593357117,0.8279514555559998
RF,2025,0.714394146,0.5765047783300001
RF,2025,0.593946596,0.5713234777140002
RF,2025,0.406024465,0.6106637504279997
RF,2025,0.51990924,1.4913884132799977
RF,2025,0.63686087,1.1386188255119989
RF,2025,1.00682722,1.5420875899539968
RF,2025,1.48644481,1.281359286386
RF,2025,1.187520679,1.6189520643080004
RF,2025,1.18796587,1.0696101439459997
RF,2025,0.702555898,1.9309788644359975
RF,2025,1.54251927,1.8043966531179987
RF,2025,1.049049884,1.7794861922079992
RF,2025,1.544915255,1.7742473245220005
RF,2025,1.08089005,2.2964603968240005
RF,2025,1.773628545,1.6738112102980036
RF,2025,1.429427685,1.6822528325360007
RF,2025,1.527963477,1.9033654268740012
RF,2025,1.171376335,1.7091781949760005
RF,2025,3.25679314,1.955233687245999
RF,2025,1.332994357,1.7577700525719988
RF,2025,1.707227258,1.5711924146059972
RF,2025,1.784677597,1.3705001372199983
RF,2025,2.1170461,1.061058144452002
RF,2025,1.84272124,2.2509211629820007
RF,2025,2.49663905,2.663549936751994
RF,2025,1.9700781,1.0016262591140022
RF,2025,1.872439835,1.7946588603180014
RF,2025,1.27326784,1.6395338781699969
RF,2025,2.025534581,1.6174172855740045
RF,2025,2.912338085,2.607274302258001
RF,2025,2.83537793,2.383940516301999
RF,2025,3.247653085,2.466406102637997
RF,2025,2.459352955,2.3776094039499975
RF,2025,1.70993285,2.439583412051998
RF,2025,0.835658305,2.6672152346160045
RF,2025,0.920672915,1.9967586750539965
RF,2025,1.97995345,2.1178061602980005
RF,2025,2.915735555,2.8698760692519993
RF,2025,2.70794507,2.1168580219960003
RF,2025,2.12669175,1.3281089009600007
RF,2025,1.45179606,1.4889465676060025
RF,2025,1.087796685,1.0533668602899984
RF,2025,1.935607522,2.2004808130740012
RF,2025,1.768931715,2.87607963222
RF,2025,1.106132769,1.3607146161080044
RF,2025,1.676027199,2.0992608889580007
RF,2025,1.57018925,1.387024597097999
RF,2025,3.01917654,1.3825261048200006
RF,2025,3.727316015,2.4677267106379954
RF,2025,3.22805132,2.362783151163999
RF,2025,2.54902195,1.720458603994002
RF,2025,3.088608353,1.9266391878460005
RF,2025,3.04536455,2.87683426846201
RF,2025,2.9011572,2.630894420848004
RF,2025,2.278046423,2.8691579934940026
RF,2025,2.952246615,1.8252413438280033
RF,2025,2.295931315,3.0122455033020015
RF,2025,1.840461865,2.5076334746260076
RF,2025,2.79913722,2.3336723529440015
RF,2025,2.64349418,2.8772636297640086
RF,2025,2.200843225,3.152355385936002
RF,2025,2.45988674,2.2008726247020016
RF,2025,2.515615845,2.389995900788004
RF,2025,2.766211925,2.225085216031998
RF,2025,2.11414521,2.0935766537900022
RF,2025,2.502143175,2.9360609816360035
RF,2025,3.008795575,2.9819413973260067
RF,2025,2.458842585,2.7725116382760038
RF,2025,1.89444426,1.4253913630359956
RF,2025,1.56655062,0.8864069651200019
RF,2025,1.93951816,1.470410173212
RF,2025,1.913853985,1.1892595330859996
RF,2025,2.54887401,1.8972851608959975
RF,2025,3.02235222,1.5713496346559994
RF,2025,2.360189535,2.1076723744639962
RF,2025,2.637825335,1.6257608349680024
RF,2025,3.2132113,1.5029696180960024
RF,2025,1.928050634,1.7084531285959992
RF,2025,1.678668465,1.4763550750079977
RF,2025,1.833228175,1.2671956391079964
RF,2025,1.404355265,1.1393088029679979
RF,2025,2.2838879,1.0736363148080013
RF,2025,2.774341717,1.1814630926740002
RF,2025,2.36573201,1.1999659676519996
RF,2025,2.294323135,1.8900480439599971
RF,2025,2.526148024,2.1382892766599997
RF,2025,2.509740375,2.4747809371239993
RF,2025,2.98068464,2.1039767755860037
RF,2025,2.638131994,2.0287828068540033
RF,2025,2.311098201,0.986449841572
RF,2025,1.17849211,1.4177963881579998
RF,2025,1.149754035,1.1898893084780007
RF,2025,0.808196245,1.1205254134759983
RF,2025,1.211217831,1.2284616098999988
RF,2025,1.900168445,1.269184737256001
RF,2025,1.329274672,1.5808684092460012
RF,2025,1.53397135,2.0004897684399996
RF,2025,2.816986365,2.177031267581999
RF,2025,2.356849671,1.763295649913998
RF,2025,2.335323838,2.1060690031739964
RF,2025,0.00113735,1.5880755862379978
SVR,2019,0.028450207,0.1349395274050904
SVR,2019,0.162056676,0.1519732922931305
SVR,2019,0.358391929,0.22392194100257512
SVR,2019,0.179241709,0.2655016343798652
SVR,2019,0.12588182,0.25561566307283856
SVR,2019,0.239876024,0.2452233760861462
SVR,2019,0.349053944,0.24215183691797282
SVR,2019,0.125565439,0.2971656530233219
SVR,2019,0.103726047,0.22817666013926086
SVR,2019,0.091854404,0.21328110770202569
SVR,2019,0.241144362,0.6003284198000746
SVR,2019,0.557647706,0.3059259744333722
SVR,2019,0.336203173,0.3492718736431033
SVR,2019,0.486515033,0.38516800619177216
SVR,2019,0.280739779,0.3046021160218013
SVR,2019,0.168110405,0.2771762661379944
SVR,2019,0.236636593,0.328106911938992
SVR,2019,0.148245974,0.24365506668630488
SVR,2019,0.243362068,0.3087241890390343
SVR,2019,0.11430324,0.47643087263962913
SVR,2019,0.261869129,0.46731877854584114
SVR,2019,0.462204627,0.37721285391644177
SVR,2019,0.356471248,0.6864386730013383
SVR,2019,0.152491515,0.5245476761408376
SVR,2019,0.318906221,0.4865249757140483
SVR,2019,0.60955369,0.3094903265153708
SVR,2019,0.920301448,0.34064808069807184
SVR,2019,0.14448254,0.21591046704326688
SVR,2019,0.17930718,0.31105001488431516
SVR,2019,0.273653912,0.2821508962755511
SVR,2019,0.200606252,0.32368024106727267
SVR,2019,0.179633148,0.26417485404147834
SVR,2019,0.070130779,0.26350816774025154
SVR,2019,0.09294249,1.0715719131531478
SVR,2019,0.283597489,0.9756070568591352
SVR,2019,0.8707458,0.928426372719669
SVR,2019,0.5746293,0.7010400009440847
SVR,2019,1.058284286,0.9576898431199307
SVR,2019,1.345363832,0.8378426584246085
SVR,2019,0.655631769,0.6152489685733419
SVR,2019,0.366057382,0.5123817296298224
SVR,2019,0.367168673,0.5857791755662201
SVR,2019,0.0,0.8016758579489224
SVR,2019,0.918271089,1.5153014834146483
SVR,2019,1.334376701,1.3850903372664423
SVR,2019,0.713831994,1.0763867195101327
SVR,2019,0.22388732,0.8346023377426857
SVR,2019,0.64155501,0.5388654801822214
SVR,2019,0.607761454,0.7354642771289901
SVR,2019,1.943743308,0.8962926895931886
SVR,2019,1.487295529,0.7702770436253552
SVR,2019,0.956346776,0.7082626110201369
SVR,2019,0.963186367,0.6710710148287817
SVR,2019,0.782497702,0.586779011331919
SVR,2019,0.32496216,0.43674865057351075
SVR,2019,0.697466272,0.920988485465407
SVR,2019,0.627904326,0.5791609726016197
SVR,2019,1.140244963,0.9163535409212333
SVR,2019,0.891893881,1.0039665376038536
SVR,2019,1.287558533,0.6671674998628191
SVR,2019,1.298756298,0.5336331710457873
SVR,2019,0.47216002,0.5107143361970641
SVR,2019,0.152177929,0.36238927349930206
SVR,2019,2.583311297,2.112087455164059
SVR,2019,2.25966235,1.4824731753500768
SVR,2019,1.326636715,1.6612529328755652
SVR,2019,1.80876941,2.06271627747593
SVR,2019,3.553218652,2.665022934423881
SVR,2019,2.799945308,2.6789995908258892
SVR,2019,2.623281542,2.1475382719697467
SVR,2019,2.698705275,2.275048456884535
SVR,2019,1.704095875,1.7549688109734287
SVR,2019,1.488248795,1.9139382229621422
SVR,2019,2.776444385,1.9203443495268235
SVR,2019,3.185417105,2.5136053983162268
SVR,2019,1.928312855,1.4568788898572376
SVR,2019,1.61788194,2.11607521699052
SVR,2019,3.451086185,1.8960491233954104
SVR,2019,1.51089276,1.8451537788480188
SVR,2019,1.617193436,1.73799880704708
SVR,2019,1.270865515,1.7378815656715894
SVR,2019,1.132592846,1.5375083033252113
SVR,2019,1.51431375,0.9310766340600478
SVR,2019,1.097857805,0.8999805013788298
SVR,2019,0.835368935,0.8813498795727652
SVR,2019,0.751455895,0.7676730954613862
SVR,2019,0.79938068,0.8580371777039835
SVR,2019,3.035299945,1.1864462609698996
SVR,2019,1.94708784,0.7149291827620772
SVR,2019,1.33447899,1.0581736748053838
SVR,2019,1.423830735,1.0030543033754022
SVR,2019,0.902914185,1.0016341471296333
SVR,2019,1.38558141,1.3482965180599074
SVR,2019,1.487508107,1.3024685618505945
SVR,2019,1.31709652,1.0115931932762643
SVR,2019,0.84116592,1.864870753719785
SVR,2019,2.47442931,1.6050933635521611
SVR,2019,2.015553085,1.5563893487934748
SVR,2019,1.6898738,0.9032861586905194
SVR,2019,0.997393077,0.9435585385610059
SVR,2019,1.316339545,1.1793693838086103
SVR,2019,1.32254935,1.083725130517357
SVR,2019,0.549513925,0.9127308697044179
SVR,2019,1.732002192,1.1102567487235673
SVR,2019,0.443045759,1.230903276982923
SVR,2019,2.028748118,1.3527408407806318
SVR,2019,1.098125993,0.7182777194456831
SVR,2019,0.98396188,0.7420601523509032
SVR,2019,0.681482173,0.6816639409816362
SVR,2019,0.512945214,0.6674397435243675
SVR,2019,0.564309567,0.6100022051492797
SVR,2019,0.546419189,0.5682252178118574
SVR,2019,0.425444663,0.5911168267745618
SVR,2019,0.38448063,0.5522715634858071
SVR,2019,0.441907847,0.6023344046277437
SVR,2019,0.38040517,0.5305690893101765
SVR,2019,0.467756315,0.49948308498995286
SVR,2019,0.447760635,0.7037839392346187
SVR,2019,0.905755274,0.6148883854390145
SVR,2019,0.377460139,0.4214819366774776
SVR,2019,0.410029024,0.44315839397207646
SVR,2019,0.219808073,0.46422960831079585
SVR,2019,0.190999554,0.4411988873174447
SVR,2019,0.31114184,0.4591984121548297
SVR,2019,0.056261123,0.5146451633562747
SVR,2019,0.385628576,0.5259938240346457
SVR,2019,0.27225662,0.5720725015662066
SVR,2019,0.594840455,0.5639059697261898
SVR,2019,1.105239245,0.4967759263205753
SVR,2019,0.592626359,0.575957860931988
SVR,2019,0.399945702,0.4456994287203053
SVR,2019,0.393393131,0.48101276683638494
SVR,2019,0.27737299,0.4561805668627057
SVR,2019,0.237838989,0.47604463674562325
SVR,2019,0.267747239,0.38087817539685387
SVR,2019,0.538326811,0.551862912952263
SVR,2019,1.21091775,0.1883325174421927
SVR,2019,0.075319323,0.2524045028317675
SVR,2019,0.28133288,0.2740748152027209
SVR,2019,0.213383183,0.3848506489915292
SVR,2019,0.220393841,0.23142511685817335
SVR,2019,0.160044557,0.3332859303916338
SVR,2019,0.148972276,0.39626661222773263
SVR,2019,0.188217506,0.25145828291061223
SVR,2019,0.151701583,0.3973862286829034
SVR,2019,0.130027014,0.3728279732429973
SVR,2019,0.178159879,0.37801198506664435
SVR,2019,0.297545355,0.22645020509322844
SVR,2019,0.215153798,0.20892537422624757
SVR,2019,0.397373045,0.19652255614708125
SVR,2019,0.090933855,0.2269014447658788
SVR,2019,0.066854878,0.25862722355007894
SVR,2019,0.798296294,0.43216534416341146
SVR,2019,0.52226429,0.39495211791459983
SVR,2019,1.1301361,0.4023695926354045
SVR,2019,0.3545626,0.3963092907687331
SVR,2019,0.688760978,0.4469868114583423
SVR,2019,0.625228325,0.294865899791511
SVR,2019,0.839309151,0.45167229404645615
SVR,2019,0.90748344,0.36186064706314447
SVR,2019,0.510749146,0.29021800961954913
SVR,2019,0.337311729,0.35298516817391223
SVR,2019,0.028951645,0.16765424293842934
SVR,2019,0.970199415,0.22398551589436133
SVR,2019,0.743184553,0.3104742522441415
SVR,2019,0.770754096,0.5397306924675106
SVR,2019,0.497732326,0.30072281145930135
SVR,2019,0.51035606,0.32442351517598333
SVR,2019,0.422576255,0.3276909020052554
SVR,2019,0.338005708,0.31576837009005043
SVR,2019,0.280110453,0.31480579395516006
SVR,2019,0.240428937,0.33722945326185405
SVR,2019,0.363141945,0.36485661618294596
SVR,2019,0.53516536,0.30915968924349735
SVR,2019,0.806608626,0.36978204983145535
SVR,2019,0.467332832,0.3149323881659025
SVR,2019,0.320972668,0.25543544016540687
SVR,2019,0.167590059,0.18445127167500497
SVR,2019,0.031397285,0.15786374566304473
SVR,2019,0.357092917,0.27380403261768327
SVR,2019,0.66729507,0.3161517308112729
SVR,2019,1.234322866,0.28135970970498925
SVR,2019,0.528794628,0.26325888649853646
SVR,2019,0.461675464,0.2333917449105718
SVR,2019,0.448956388,0.27238658868700705
SVR,2019,0.420608432,0.25482028239939836
SVR,2019,0.297813855,0.33578146625363714
SVR,2019,0.271362195,0.271422169596662
SVR,2019,0.448587907,0.22789896803095666
SVR,2019,0.231930695,0.23137153986920433
SVR,2019,0.597877238,0.2334439250254987
SVR,2019,0.331909348,0.24359441775980772
SVR,2019,0.567282853,0.2378739541781747
SVR,2019,0.35010694,0.24679576691197858
SVR,2019,0.353832428,0.21611077631948072
SVR,2019,0.446446351,0.19840800378537826
SVR,2019,0.359668833,0.19052639712161923
SVR,2019,0.292279184,0.2050387092496634
SVR,2019,0.30310209,0.2197334852646543
SVR,2019,0.202669113,0.22240874378355024
SVR,2019,0.265752828,0.20042209809644074
SVR,2019,0.267578709,0.2286563669048418
SVR,2019,0.243707023,0.21765084130581247
SVR,2019,0.167337215,0.22677956298988355
SVR,2019,0.186282957,0.23772558914632347
SVR,2019,0.132198882,0.24208812692274784
SVR,2019,0.185357775,0.25703400496351825
SVR,2019,0.016739528,0.32061250983443
SVR,2019,1.231421115,0.23642404014994012
SVR,2019,0.992732183,0.18518195973813179
SVR,2019,0.305250951,0.21111398948400428
SVR,2020,0.189073619,0.2823804913560898
SVR,2020,0.263751789,0.26913731841486965
SVR,2020,0.209733416,0.2559031486601
SVR,2020,0.231694387,0.2612330307851739
SVR,2020,0.171170434,0.2279702274889669
SVR,2020,0.194928216,0.23444530775198802
SVR,2020,0.164450475,0.20185575817841883
SVR,2020,0.106888301,0.2639943172100404
SVR,2020,0.200875974,0.22311209606097415
SVR,2020,0.503132673,0.14835822336839222
SVR,2020,0.397138405,0.12982344413406088
SVR,2020,0.174463358,0.23764427496477236
SVR,2020,0.145144686,0.20232898005511468
SVR,2020,0.162837712,0.21465855544382584
SVR,2020,0.117364234,0.2309434551212194
SVR,2020,0.126259762,0.2618830758530969
SVR,2020,0.244215594,0.3068386822425655
SVR,2020,0.110849752,0.22594869229791759
SVR,2020,0.104816448,0.21696102787770943
SVR,2020,0.124956939,0.2347531714740082
SVR,2020,0.072763447,0.28328008807767047
SVR,2020,0.21559372,0.2364797557788768
SVR,2020,0.143160408,0.26903977100467547
SVR,2020,0.104476778,0.23466738946467092
SVR,2020,0.097652448,0.2586634186272103
SVR,2020,0.121166842,0.2679543890199344
SVR,2020,0.058352877,0.3196504161267355
SVR,2020,1.09713097,0.6030097219921696
SVR,2020,0.48106847,0.26801225685574104
SVR,2020,0.436603675,0.3252203358600947
SVR,2020,0.366341731,0.3183669851958377
SVR,2020,0.363099197,0.34191721907514094
SVR,2020,0.395092065,0.46799877062950723
SVR,2020,0.372772635,0.23520682840819884
SVR,2020,0.103465219,0.11485688420312612
SVR,2020,0.150482175,0.09255158268497499
SVR,2020,0.635306301,0.21863135717388893
SVR,2020,0.558033166,0.29788054650528495
SVR,2020,0.334722375,0.349168442299124
SVR,2020,0.169734535,0.24109664535108222
SVR,2020,0.201144312,0.21294559329661067
SVR,2020,0.152096615,0.2403817093498477
SVR,2020,0.30184736,0.22822830453084275
SVR,2020,0.431816255,0.19264325368339952
SVR,2020,0.579699788,0.335411009927189
SVR,2020,0.253231782,0.3034332359907962
SVR,2020,0.162525308,0.23486107343560658
SVR,2020,0.476662926,0.4759032937981662
SVR,2020,0.654695041,0.3720965197788614
SVR,2020,0.133760902,0.20026993563991558
SVR,2020,0.59601641,0.14874616921127948
SVR,2020,0.49759604,0.3355294055469513
SVR,2020,0.35608565,0.310197779450195
SVR,2020,0.162127093,0.236350707902499
SVR,2020,0.654062822,0.2534501074687825
SVR,2020,0.715290495,0.1366800722625625
SVR,2020,0.660242838,0.15492228350042847
SVR,2020,0.417339032,0.38210095860566007
SVR,2020,0.303781447,0.4720540964044907
SVR,2020,0.275681535,0.2940894621014277
SVR,2020,0.174603632,0.4740881855203547
SVR,2020,0.663642645,0.5077694277536412
SVR,2020,0.280847954,0.5173081287953981
SVR,2020,0.311439145,0.6300553009420617
SVR,2020,0.237769422,0.4989363523968179
SVR,2020,0.258855859,0.4372224704596097
SVR,2020,0.287987121,0.3925582677561985
SVR,2020,0.3046208,0.3863490179065333
SVR,2020,1.06991758,0.7220490524840879
SVR,2020,0.440809488,0.4784156762985726
SVR,2020,0.296973641,0.48366045234247557
SVR,2020,0.100401238,0.3247294474591076
SVR,2020,0.34977977,0.3263321330336634
SVR,2020,0.16979188,0.31805036286010735
SVR,2020,0.82709496,0.36256455729829895
SVR,2020,0.385515444,0.3705673729266511
SVR,2020,1.027965202,0.411318803544233
SVR,2020,0.609815037,0.6991587470720537
SVR,2020,0.94944645,0.27150280618541534
SVR,2020,1.00366335,0.3412922993224894
SVR,2020,1.451761267,0.6729031916803273
SVR,2020,0.792569781,0.7815855125176607
SVR,2020,0.710869889,0.6008890533671495
SVR,2020,0.73327002,0.8045736372807092
SVR,2020,0.534376286,0.6725576716679759
SVR,2020,0.358617597,0.7105430385154979
SVR,2020,0.516416465,0.8989952443900744
SVR,2020,1.961515437,1.0401791718085942
SVR,2020,2.17230026,0.8610397063577383
SVR,2020,1.322179497,0.7476405445918389
SVR,2020,2.149105217,1.0103674803915852
SVR,2020,1.061532863,0.7776385733913995
SVR,2020,1.19332323,0.2540666436482042
SVR,2020,1.310749035,0.6767258417109455
SVR,2020,0.79242595,0.7069196967519189
SVR,2020,0.68563572,1.018290128394789
SVR,2020,0.846222066,1.2450771198305983
SVR,2020,0.787464365,0.6288251883054663
SVR,2020,0.646506828,0.6024521062839749
SVR,2020,0.49832079,0.6957078981891784
SVR,2020,0.614464079,0.5890266743568802
SVR,2020,0.75587796,0.6905464937268324
SVR,2020,1.13885234,0.34270973557775464
SVR,2020,1.136566135,0.7587228654229952
SVR,2020,0.511374954,0.7706289686868676
SVR,2020,0.36589463,0.24710741600356279
SVR,2020,1.847067687,0.9097321072430726
SVR,2020,1.077083317,0.6263427600592807
SVR,2020,1.095667662,0.8010312035757857
SVR,2020,0.68318512,0.8868125749569332
SVR,2020,0.601526097,0.5466335759263107
SVR,2020,0.860259367,0.9413961922411123
SVR,2020,0.858390293,0.7194335473820779
SVR,2020,2.084660206,0.8070631996630472
SVR,2020,1.46192982,0.9265413972223194
SVR,2020,1.00254178,0.747830359754286
SVR,2020,0.83682959,0.9662373687336633
SVR,2020,1.116226245,0.9451010776817905
SVR,2020,0.889348663,1.005051949186053
SVR,2020,1.27202511,0.7120398732379993
SVR,2020,1.633998978,1.6558023001743742
SVR,2020,1.418301985,1.0082694447113223
SVR,2020,3.558517745,1.8053360043730071
SVR,2020,4.499289017,3.1433706714846403
SVR,2020,3.885170705,3.2565076799867296
SVR,2020,0.603057935,2.8376721994085705
SVR,2020,4.970738962,4.447678878003067
SVR,2020,2.393442532,2.0276841340126737
SVR,2020,3.456242495,3.9653989121039532
SVR,2020,4.0486568,3.835610598296709
SVR,2020,4.65667315,3.5201903081395742
SVR,2020,4.58250405,2.4250121925388637
SVR,2020,5.00601025,4.168616152464781
SVR,2020,2.654895305,4.34127390655973
SVR,2020,5.0160081,2.024464032624736
SVR,2020,4.94810754,4.41496296663586
SVR,2020,4.68959035,4.814155874881232
SVR,2020,4.497102342,4.790812539833425
SVR,2020,3.97381857,4.553080464419736
SVR,2020,4.1807501,3.5042947094156593
SVR,2020,3.31927005,3.7661043238494347
SVR,2020,3.80580535,2.8271603580109277
SVR,2020,2.72051586,3.2104299196174253
SVR,2020,1.535729035,2.6952198618252274
SVR,2020,1.40413788,2.3115419820551466
SVR,2020,1.91670776,2.348388988364163
SVR,2020,1.687244518,1.9073908683731093
SVR,2020,2.198956571,2.3572725571316777
SVR,2020,1.175960279,2.0413508419522577
SVR,2020,1.19485332,1.7674452497605633
SVR,2020,1.6867317,1.8371110125666088
SVR,2020,1.0609939,2.079588689470534
SVR,2020,2.838032515,1.9890590302622329
SVR,2020,2.02443201,1.372889813575203
SVR,2020,1.292370805,1.3890161790206785
SVR,2020,0.805526924,1.3024273409318827
SVR,2020,0.506955029,1.4296546613458716
SVR,2020,0.693062417,1.231340049365314
SVR,2020,0.716686751,1.1845991932783664
SVR,2020,0.347703975,1.265637071419386
SVR,2020,0.294389564,1.4849915433117187
SVR,2020,0.27212566,1.3415388378286388
SVR,2020,0.620990905,0.8527807028035624
SVR,2020,0.534239486,1.1081112810218587
SVR,2020,0.110067995,0.9083544956108022
SVR,2020,0.798887565,1.4715537393991087
SVR,2020,0.21882235,0.9654047433099409
SVR,2020,0.483405905,1.0132835874793544
SVR,2020,0.287947457,0.9524269450822803
SVR,2020,0.053402161,0.5917717929546534
SVR,2020,0.17266983,0.6091970979500364
SVR,2020,0.361100729,1.040808791236672
SVR,2020,0.299413694,1.0828205267038493
SVR,2020,0.324373534,0.761418296408199
SVR,2020,0.350833605,0.9116008693501788
SVR,2020,0.46326458,1.0647421693395192
SVR,2020,0.265176325,0.9907426176251668
SVR,2020,0.982927595,1.3295962995910984
SVR,2020,1.223073335,1.0128462421821243
SVR,2020,1.155156712,1.3204173060883648
SVR,2020,1.846153729,1.7064077622203457
SVR,2020,1.290685579,1.0307767765472842
SVR,2020,0.68647979,1.1465607856189308
SVR,2020,0.503286496,1.7727358994218783
SVR,2020,2.3756958,1.31075135022977
SVR,2020,1.079731695,1.0082406591053144
SVR,2020,0.022680803,1.6355973110658892
SVR,2020,0.687146846,1.1458762139338892
SVR,2020,0.334397918,1.4485946481375929
SVR,2020,0.369156239,1.1426780347029768
SVR,2020,0.299351763,1.0957374211478985
SVR,2020,0.57079899,1.9275749888097407
SVR,2020,3.047958985,1.7925441033828347
SVR,2020,2.63880754,2.5329633883384624
SVR,2020,1.8071335,1.32067555487175
SVR,2020,1.452492945,1.5028849155012278
SVR,2020,0.579082844,1.748536074789198
SVR,2020,1.09914375,1.735932549122435
SVR,2020,0.887791915,1.7015933186761691
SVR,2020,1.026061265,2.024852231668214
SVR,2020,0.67961908,1.3293804652154348
SVR,2020,0.52997025,1.4512230412972273
SVR,2020,2.036916165,0.8375932604297479
SVR,2020,1.012648913,0.6418583280748724
SVR,2020,0.825836681,0.6918106712828157
SVR,2020,1.34373464,0.838027763168675
SVR,2020,1.137834724,0.5509310733710898
SVR,2020,0.486173516,0.574056200262453
SVR,2020,0.382566281,0.5804036961278607
SVR,2020,0.273518791,0.49982269396077994
SVR,2020,0.354035686,0.47022963354599756
SVR,2020,0.326701427,0.5891196144537605
SVR,2020,0.273194355,0.588984772732679
SVR,2020,0.252968688,0.5429464595465754
SVR,2020,0.278200124,0.45275913313606997
SVR,2020,1.075885345,1.2486471245749944
SVR,2020,2.50179686,0.9732010742914639
SVR,2020,1.022619735,0.6237988815938957
SVR,2020,0.647381593,0.9189627685550865
SVR,2020,0.520236933,0.6392054090253577
SVR,2020,0.410553513,0.6382331639604389
SVR,2020,0.273231206,0.6284770390096801
SVR,2020,0.408579398,0.6003372330563854
SVR,2020,0.342610709,0.6431270833070287
SVR,2020,0.2025881,1.15989071954509
SVR,2020,2.029051236,0.6337543263209235
SVR,2020,0.922679214,0.8285022695095756
SVR,2020,1.289160461,1.10094274373302
SVR,2020,1.54847277,1.6632644083654466
SVR,2020,2.365472328,1.8498780899564156
SVR,2020,1.654010915,1.2854785850954977
SVR,2020,1.82920305,1.1709505021454538
SVR,2020,1.124903615,1.1424780173333224
SVR,2020,0.727754633,1.1330156033664947
SVR,2020,1.024544155,1.367261685204403
SVR,2020,0.743845838,1.3320750831069514
SVR,2020,0.782941065,0.7241442097009125
SVR,2020,1.439439262,0.6422202209225546
SVR,2020,0.73741978,0.37713285255304685
SVR,2020,0.679126282,0.48086043633781295
SVR,2020,0.627104505,0.47510351508309734
SVR,2020,0.610088275,0.413254313282976
SVR,2020,0.457758999,0.38723503357256783
SVR,2020,0.4252275,0.5960331202753749
SVR,2020,1.539727037,0.4238181599961137
SVR,2020,0.396963857,0.4795831177399408
SVR,2020,0.37983677,0.4206123285485003
SVR,2020,0.316883121,0.445207940705983
SVR,2020,0.27652237,0.4728545541115423
SVR,2020,0.266208673,0.4421991421530086
SVR,2020,0.245614269,0.42477226263376744
SVR,2020,0.264907939,0.4123163341163699
SVR,2020,0.350827923,0.41680199436912746
SVR,2020,0.295724384,0.42879922553183925
SVR,2020,0.243652245,0.4054350396239499
SVR,2020,0.226999126,0.3916707642367795
SVR,2020,0.282611233,0.4036533585319234
SVR,2020,0.216380474,0.33335866049038
SVR,2020,0.33909861,0.2697953276474937
SVR,2020,0.214307021,0.4052364951040257
SVR,2020,0.181593411,0.4079989377037776
SVR,2020,0.138003637,0.31520311309160576
SVR,2020,0.167257839,0.29429102932910056
SVR,2020,0.168823216,0.45801187816305133
SVR,2020,0.22231493,0.3718848854673592
SVR,2020,0.133495258,0.3627335098391046
SVR,2020,0.10814979,0.34090713506844794
SVR,2020,0.160662589,0.35258236595031245
SVR,2020,0.103766027,0.4338035312496995
SVR,2020,2.043391735,0.3237417275188026
SVR,2020,0.19557151,0.26012661293136596
SVR,2020,0.135435015,0.26543741134689003
SVR,2020,0.56073276,0.1896479862310072
SVR,2020,0.101961572,0.12835832985045093
SVR,2020,0.192566205,0.12385944330965382
SVR,2020,1.116624239,0.3692483672584723
SVR,2020,0.751483711,0.4093016506306063
SVR,2020,0.82365608,0.40988240448543733
SVR,2020,0.590844079,0.3540844654592915
SVR,2020,0.388596866,0.34483730956062775
SVR,2020,0.446447746,0.3193798883093193
SVR,2020,0.383193622,0.3000413767316491
SVR,2020,0.382646377,0.3456498766421615
SVR,2020,0.264206447,0.3120708780719782
SVR,2020,0.309357783,0.31045991501353387
SVR,2020,0.27863815,0.4551194194196566
SVR,2020,0.387866318,0.2864910524329849
SVR,2020,0.141233095,0.3478430936911834
SVR,2020,0.477125519,0.3462173945181276
SVR,2020,0.822342875,0.3797036255865762
SVR,2020,0.628892083,0.32715641694354547
SVR,2020,0.497120475,0.32350764169331625
SVR,2020,0.42305204,0.2662332756362601
SVR,2020,0.298056759,0.2702074168090105
SVR,2020,0.193762315,0.3352269583623313
SVR,2020,0.28636172,0.31811912542391163
SVR,2020,0.27672901,0.3021979005619848
SVR,2020,0.205229715,0.33776425713549296
SVR,2020,0.017330677,0.3026418995783168
SVR,2020,0.08106754,0.32736596713122157
SVR,2020,0.445104135,0.32661324198410924
SVR,2020,0.823027303,0.2879470353209117
SVR,2020,0.446196801,0.2912336278889651
SVR,2020,0.442676784,0.26644663820295367
SVR,2020,0.508538078,0.2911181002668789
SVR,2020,0.387116051,0.2449966619384566
SVR,2020,0.326240226,0.2584024581286647
SVR,2020,0.321901695,0.19872562457588872
SVR,2020,0.287332577,0.2905519287157765
SVR,2020,0.356349857,0.20589093219666488
SVR,2020,0.23727222,0.2248089237080092
SVR,2020,0.164435598,0.2127133211225437
SVR,2020,0.205842184,0.22153977791727797
SVR,2020,0.226789917,0.20466752526093135
SVR,2020,0.242162042,0.20863250328870164
SVR,2020,0.235843623,0.2105561364242987
SVR,2020,0.150565208,0.3300715673162147
SVR,2020,0.16433713,0.1747884928792811
SVR,2020,0.133487103,0.18514610072333615
SVR,2020,0.046516057,0.18456399436939552
SVR,2020,0.097365322,0.13098974199553148
SVR,2020,0.082269815,0.11873061666268248
SVR,2020,0.162684809,0.24039677210074029
SVR,2020,0.217266748,0.24644097769641504
SVR,2020,0.15151416,0.28668140245349305
SVR,2020,0.390701615,0.3213616429974844
SVR,2020,1.0159862,0.30129634123255544
SVR,2020,0.49577105,0.19835447655327443
SVR,2020,0.04422851,0.22641675353320723
SVR,2020,0.172915365,0.37492102164186303
SVR,2020,0.319454865,0.19057826961867164
SVR,2020,0.254872587,0.18555402518994724
SVR,2020,0.007574052,0.2422824705057921
SVR,2021,0.246341098,0.2386076838437503
SVR,2021,0.09402294,0.23843118408264408
SVR,2021,0.40305186,0.25747391128881936
SVR,2021,0.986454925,0.4324928573731641
SVR,2021,0.953202944,0.26776855629096197
SVR,2021,0.481612123,0.27073067933934614
SVR,2021,0.375025888,0.30153782338619406
SVR,2021,0.268182695,0.26146604151199615
SVR,2021,0.418903714,0.2987572828869418
SVR,2021,0.544109629,0.3207414893601608
SVR,2021,0.672419436,0.2543585369486099
SVR,2021,0.593397245,0.2578927491753322
SVR,2021,0.99791995,0.30528118869112486
SVR,2021,0.52873974,0.2601017564470284
SVR,2021,0.575973807,0.3190029268639679
SVR,2021,0.279876271,0.2208103287782095
SVR,2021,0.381623329,0.24687529583992585
SVR,2021,0.304267033,0.2586423087192311
SVR,2021,0.271570571,0.2688617006192894
SVR,2021,0.24173304,0.2052361216079427
SVR,2021,0.010379313,0.21107671260338012
SVR,2021,0.004706255,0.23768672162631055
SVR,2021,0.090151925,0.17619145382632262
SVR,2021,0.068667605,0.19739154071474063
SVR,2021,0.127538642,0.2990258374031388
SVR,2021,1.443804685,0.31656911712828195
SVR,2021,0.80607112,0.3731103059006472
SVR,2021,0.399892438,0.31533636807130216
SVR,2021,0.723584875,0.3597690291319625
SVR,2021,0.849421919,0.48014721953756523
SVR,2021,0.9703558,0.35624117160533264
SVR,2021,0.202088025,0.3241213352846881
SVR,2021,0.01560405,0.21082690094288636
SVR,2021,0.353825487,0.2212293787757562
SVR,2021,0.302797329,0.20826773403637566
SVR,2021,0.005103639,0.22836532954012845
SVR,2021,0.032827503,0.20345311702935476
SVR,2021,0.066968125,0.1750493643322939
SVR,2021,0.061480324,0.15519129527647713
SVR,2021,0.020584883,0.18546154579445095
SVR,2021,0.059276265,0.25066718319349
SVR,2021,0.060744605,0.23537485657751345
SVR,2021,0.10893456,0.32901458660653615
SVR,2021,0.038677852,0.27275916633501984
SVR,2021,0.275379157,0.19614634856977686
SVR,2021,1.3890346,0.5721756886295889
SVR,2021,1.55430484,0.8568597333785208
SVR,2021,1.650797145,0.5064751814941616
SVR,2021,1.233766543,0.5219399977104026
SVR,2021,0.795803691,0.5015077115702826
SVR,2021,0.68618056,0.4371831425162951
SVR,2021,0.952348596,0.5844919533651224
SVR,2021,0.820565636,0.426531190692532
SVR,2021,0.651068145,0.49606908104388203
SVR,2021,0.599273758,0.3981773104005589
SVR,2021,0.199736677,0.4134538458869459
SVR,2021,0.594748013,0.4351466314291149
SVR,2021,0.59225439,0.7811130892688211
SVR,2021,0.055638927,0.7429877844139092
SVR,2021,0.346796351,0.2942219976267836
SVR,2021,0.369882028,0.350729115370055
SVR,2021,0.47108737,0.5615562431194098
SVR,2021,0.51426279,0.6351224497285292
SVR,2021,0.305293993,0.5489720880456268
SVR,2021,0.73051852,1.2159848849719395
SVR,2021,0.342148565,1.8022544016510884
SVR,2021,0.288230726,1.8985570986104354
SVR,2021,0.288709037,1.9149450565048327
SVR,2021,0.677066814,1.2876410593323226
SVR,2021,1.151582635,1.459529163047296
SVR,2021,1.663888861,1.7888865626508652
SVR,2021,1.713556307,1.4717313487103152
SVR,2021,1.260857465,1.0975220306660078
SVR,2021,0.774580492,1.6048043427813719
SVR,2021,1.696986603,2.1245784894090916
SVR,2021,1.16301596,1.7071031762904265
SVR,2021,1.347608687,0.8363300546522096
SVR,2021,1.263383903,0.6299177176264503
SVR,2021,1.83278402,0.9601853379809389
SVR,2021,1.38377147,0.6858545556112063
SVR,2021,1.88290826,0.6019703479500337
SVR,2021,0.632158393,0.5237092367450711
SVR,2021,0.752413517,0.860016031836708
SVR,2021,0.819231145,0.5405616431707428
SVR,2021,0.900277572,0.5547083676998977
SVR,2021,0.717593457,0.5926732349153843
SVR,2021,0.741177375,0.4724393303108946
SVR,2021,0.64049361,0.34796213427900147
SVR,2021,0.600939525,0.6173118333910754
SVR,2021,1.100797856,0.5819340114326846
SVR,2021,0.232041164,0.5717952063651092
SVR,2021,0.057844665,0.4622884566511164
SVR,2021,0.159403515,0.4275398818776577
SVR,2021,0.342631725,0.4119496456765285
SVR,2021,0.301048182,0.3528442809487885
SVR,2021,0.648702195,0.38807318758096554
SVR,2021,0.32483295,1.3423184657153695
SVR,2021,1.801256077,1.0239352402571418
SVR,2021,0.013671853,0.8967830277325848
SVR,2021,0.624886221,0.3061354645853228
SVR,2021,1.605746809,0.8440427561898768
SVR,2021,1.01572724,0.6617769531067097
SVR,2021,1.771869495,1.1139661410468147
SVR,2021,1.355452361,0.9853844592773044
SVR,2021,1.589766536,0.9059036081708909
SVR,2021,1.80947472,0.9423192329163784
SVR,2021,1.552761495,0.6676604718397232
SVR,2021,1.394993404,2.085152277726211
SVR,2021,3.005385072,2.253148104118603
SVR,2021,2.244254576,2.739836771160061
SVR,2021,3.075309529,2.319025948419067
SVR,2021,0.4037155,2.362413464321707
SVR,2021,1.76311136,1.7093162276453664
SVR,2021,2.511647399,3.1754487588035145
SVR,2021,2.353877295,2.766323425432308
SVR,2021,2.212077081,3.1867988888995535
SVR,2021,1.964797222,3.1457285633919447
SVR,2021,2.06133355,1.5206523477690908
SVR,2021,1.86449305,0.8846830016628702
SVR,2021,2.4922631,0.9718654844046429
SVR,2021,1.4610104,0.9487351827566937
SVR,2021,2.858446557,1.9668853369165733
SVR,2021,3.13131598,2.133494347577139
SVR,2021,2.092194775,2.011342034133572
SVR,2021,1.366757345,1.2226385702696267
SVR,2021,1.492902365,1.6805223478276314
SVR,2021,1.038015761,1.207478268515919
SVR,2021,3.106994564,1.534411890528141
SVR,2021,0.864369715,1.5428187601998395
SVR,2021,0.19749485,1.564111678675252
SVR,2021,0.8546874,0.9089556075074816
SVR,2021,3.234250408,0.552077104973305
SVR,2021,3.810667727,0.5695356810199758
SVR,2021,3.37109554,1.0986254296911602
SVR,2021,3.839756082,1.593494293567637
SVR,2021,2.648865685,0.9772921801297221
SVR,2021,2.578618315,1.6022326535189582
SVR,2021,2.3321467,1.505372791081873
SVR,2021,0.77955524,1.0862988305500343
SVR,2021,1.08925278,2.1096439896529304
SVR,2021,3.050409706,3.0705650223506145
SVR,2021,2.58566825,3.2500392576817934
SVR,2021,2.535335525,3.373811556104089
SVR,2021,2.578267685,3.1928224205035214
SVR,2021,2.47389725,2.837355523179057
SVR,2021,2.44591525,2.9312032017563743
SVR,2021,2.3115882,2.5315029624120795
SVR,2021,1.51336833,2.9996670574318465
SVR,2021,1.33467486,3.230544784177593
SVR,2021,0.890627866,2.9576518913367114
SVR,2021,1.277969271,1.0703848491532402
SVR,2021,1.269682042,0.6578981014164299
SVR,2021,0.7670823,0.5453079148780992
SVR,2021,0.926749195,0.8145993903792371
SVR,2021,0.953458298,0.7026212751077876
SVR,2021,1.00125382,0.6869190814424908
SVR,2021,1.056781835,0.7296671122639394
SVR,2021,1.077759344,0.8905983121361838
SVR,2021,2.012775565,1.2857538800249297
SVR,2021,1.765419471,1.5046189109367334
SVR,2021,1.88606544,1.3666997359383726
SVR,2021,2.222534031,1.507370337906393
SVR,2021,1.530083368,1.4772139712130938
SVR,2021,1.879122337,1.6677501549642457
SVR,2021,3.25807556,2.057022664617183
SVR,2021,3.58094255,2.1856787746492405
SVR,2021,3.35972938,1.9458548614626956
SVR,2021,2.536926835,2.005926405483727
SVR,2021,2.672961695,1.67982236181244
SVR,2021,2.657611033,1.6291844250570713
SVR,2021,1.443786332,1.358457702330436
SVR,2021,2.227425506,1.9120470813364836
SVR,2021,3.579722505,2.8630729681927143
SVR,2021,4.7057836,2.910571293152148
SVR,2021,4.192679526,2.6710657721773847
SVR,2021,3.63309978,2.536203065299229
SVR,2021,0.46788893,2.2323100580211284
SVR,2021,3.32582605,2.5789229291810862
SVR,2021,3.78984166,2.253665140197569
SVR,2021,3.13246199,2.2717538919475446
SVR,2021,2.552775052,1.9312845227098436
SVR,2021,2.108205057,1.6487078299049074
SVR,2021,3.475547118,2.5622567720391727
SVR,2021,3.141928503,2.5391323330904063
SVR,2021,4.146114889,2.8883921707921587
SVR,2021,3.840022127,2.7951080448403847
SVR,2021,3.371954005,2.9011817746024544
SVR,2021,0.977428677,0.9679444746564327
SVR,2021,2.463065485,2.436909270038602
SVR,2021,3.199795154,3.0054415891606405
SVR,2021,2.780587707,2.8086432562757744
SVR,2021,1.966444683,1.5034205304465067
SVR,2021,2.738539148,2.340695321420774
SVR,2021,2.700781045,2.8061406286953923
SVR,2021,2.039927046,2.160850312255398
SVR,2021,2.29722817,2.7134439787904845
SVR,2021,2.24294831,2.494157856600109
SVR,2021,2.14988649,2.4941485064036266
SVR,2021,2.002141245,2.6361605952989535
SVR,2021,1.261118975,2.516492797730195
SVR,2021,1.187705333,1.374229535888106
SVR,2021,2.557849165,2.0451164527920715
SVR,2021,1.836820115,1.8680219331133163
SVR,2021,1.55685647,2.2902731395554285
SVR,2021,1.939367538,2.5967852879359428
SVR,2021,1.674386789,2.2126643913669763
SVR,2021,1.571777115,1.7956061680981878
SVR,2021,2.986070124,2.991993023091437
SVR,2021,2.19183522,2.7525452326424125
SVR,2021,1.427366136,2.6856368162736013
SVR,2021,1.653461736,2.372690050455428
SVR,2021,1.439411902,1.9504756890358994
SVR,2021,0.781963739,1.5393313744894876
SVR,2021,1.215420467,1.7132666190664239
SVR,2021,1.216612905,1.8165972059074171
SVR,2021,0.81503138,0.833322275581542
SVR,2021,1.15687533,1.2411554058036511
SVR,2021,1.93989139,0.9451397810075061
SVR,2021,1.85201653,1.6587741809657794
SVR,2021,1.269157907,1.3911642455658275
SVR,2021,1.017953899,1.5070545914995943
SVR,2021,1.132559452,1.6068786883207204
SVR,2021,1.236743145,1.1749956835571922
SVR,2021,0.950774615,1.1882308725875481
SVR,2021,0.054216115,1.0976823208311213
SVR,2021,0.605969969,1.2730117631295257
SVR,2021,1.328959113,0.7574299130913389
SVR,2021,0.00039324,0.7141283676529422
SVR,2021,0.906767033,0.5909481984920787
SVR,2021,0.130635471,0.49055870070305285
SVR,2021,0.436181574,0.7600468849597604
SVR,2021,0.423994461,0.6805922754514455
SVR,2021,0.030234455,0.5633325662728572
SVR,2021,0.217628042,0.442304461231092
SVR,2021,0.003010638,0.5357064586420406
SVR,2021,0.009110043,0.41775057356816914
SVR,2021,0.28394592,0.5342001809538087
SVR,2021,0.714489,0.822156053192565
SVR,2021,0.37578862,0.535083147476596
SVR,2021,0.061169572,0.8733705554198128
SVR,2021,0.02239843,0.6481545194888324
SVR,2021,0.164977814,0.7226590382189813
SVR,2021,0.28381184,0.5533331736455184
SVR,2021,0.188769563,0.508215338687683
SVR,2021,0.100492957,0.46526813514888243
SVR,2021,0.335865177,0.5673264559657358
SVR,2021,0.131276966,0.36804616841538007
SVR,2021,0.877477735,0.7915673218064894
SVR,2021,2.0151177,0.7347848029100791
SVR,2021,0.593845832,0.5128946641934706
SVR,2021,0.231164286,0.5152004047309581
SVR,2021,0.23491276,0.5640933324507237
SVR,2021,0.158970633,0.35659243367249827
SVR,2021,0.312216019,0.4552128515881746
SVR,2021,0.660534255,0.3763675538122725
SVR,2021,0.566941703,0.6103213694417042
SVR,2021,0.336680413,0.5062732530894527
SVR,2021,0.814282744,0.4910734607541327
SVR,2021,0.813458063,0.3784423943238209
SVR,2021,0.742023191,0.24632669725944467
SVR,2021,0.103911328,0.43992218105992487
SVR,2021,0.070281975,0.3880957110717723
SVR,2021,0.157759441,0.3948141805906621
SVR,2021,0.212785126,0.371745230017147
SVR,2021,0.07363805,0.2799988523073519
SVR,2021,0.197829815,0.3097475732635415
SVR,2021,0.13879907,0.33619921521667784
SVR,2021,0.202513272,0.3185908031999346
SVR,2021,0.190219405,0.3715038087522058
SVR,2021,0.066308569,0.19763896182250063
SVR,2021,0.013384134,0.23866670565853976
SVR,2021,0.105451612,0.36929830195951663
SVR,2021,0.104006804,0.30679192676655653
SVR,2021,0.051120214,0.3460308352711994
SVR,2021,0.127944904,0.2511179185685072
SVR,2021,0.008023856,0.282390466722239
SVR,2021,1.7614509,2.7119312325527476
SVR,2021,2.997800855,2.759071042073332
SVR,2021,2.07815125,2.375550747681694
SVR,2021,2.60459143,2.8735932834084412
SVR,2021,2.500724527,3.1208712233093423
SVR,2021,1.064993737,2.849782349173333
SVR,2021,2.36790855,1.0473475186270225
SVR,2021,1.355167363,0.6090662697913656
SVR,2021,1.81107468,0.5131292343635271
SVR,2021,2.028209218,0.7818575125797618
SVR,2021,1.919775041,0.6623313351671322
SVR,2021,1.803049427,0.6368009679621162
SVR,2021,1.385907047,0.641281961448816
SVR,2021,1.00336557,0.5919751819340112
SVR,2021,0.638829159,0.5024870178621161
SVR,2021,1.14876414,1.1034527216922942
SVR,2021,3.01328645,2.0760998023446033
SVR,2021,3.136252195,1.8380322109820222
SVR,2021,2.76361253,1.3413024735144519
SVR,2021,1.98965826,1.1559580948605075
SVR,2021,1.200159335,1.0010971847372365
SVR,2021,1.116612541,1.3588329241074426
SVR,2021,1.559459872,1.399421586827259
SVR,2021,0.799827699,1.2544570342926484
SVR,2021,0.748274199,1.5457825322710146
SVR,2021,0.712779455,1.453628086539777
SVR,2021,0.797208332,0.7886020927789346
SVR,2021,0.530766139,0.870383297779995
SVR,2021,1.650498353,0.8995733894796312
SVR,2021,1.3247183,1.0532589052130377
SVR,2021,0.90681151,0.6590983968158213
SVR,2021,0.768214136,0.7194016657781963
SVR,2021,0.668524715,0.8130067107248216
SVR,2021,0.54176098,0.9706368401936427
SVR,2021,1.92690339,1.023129278507298
SVR,2021,2.321395125,1.556113921579262
SVR,2021,2.626125305,1.176003367225418
SVR,2021,0.881618738,1.1569776137920877
SVR,2021,0.705337765,0.847142250385352
SVR,2021,0.78983477,0.7373999788320946
SVR,2021,0.446514665,0.7377644133671916
SVR,2021,0.437133432,1.0359100949305737
SVR,2021,1.027994598,1.3426085654542654
SVR,2021,2.181326849,1.2474590693220682
SVR,2021,1.537653535,0.9829102210050161
SVR,2021,0.761827573,0.89588064718011
SVR,2021,0.526112173,0.9537246283635314
SVR,2021,0.539398995,0.641939190673387
SVR,2021,0.606567835,0.7803667499899953
SVR,2021,0.585014385,0.5629514009729263
SVR,2021,0.63270044,0.6050127089555016
SVR,2021,0.454654635,0.7138991376883679
SVR,2021,0.632925086,0.999866594219561
SVR,2021,3.511705858,0.7090479846917388
SVR,2021,4.682698527,0.5729552142735752
SVR,2021,0.813116872,0.6686421201088794
SVR,2021,0.470965505,0.5140181818026012
SVR,2021,0.93390352,0.6393329605183196
SVR,2021,0.704733667,0.7017912512616423
SVR,2021,0.63851291,0.5656845681874866
SVR,2021,0.480795435,0.544862332178357
SVR,2021,1.31994471,0.7105909652447796
SVR,2021,0.587763113,0.727015520153893
SVR,2021,0.816134505,0.7139055979786334
SVR,2021,1.095176824,0.621662364313635
SVR,2021,0.875130283,0.6832919927570283
SVR,2021,0.711444518,0.7379056345798374
SVR,2021,0.639804179,0.5834456481596059
SVR,2021,0.476220641,0.7607309763437828
SVR,2021,0.359623693,0.5986744384116974
SVR,2021,0.15313093,0.5044914637093895
SVR,2021,0.884354765,0.8591054302578276
SVR,2021,0.588972418,0.6109029984387877
SVR,2021,0.444726949,0.5207484785682521
SVR,2021,0.38870126,0.6075305291599342
SVR,2021,0.308232327,0.5631089763258464
SVR,2021,0.563244662,1.0623141379714685
SVR,2021,3.883041365,1.5916462646263083
SVR,2021,1.27410674,1.1798012148322616
SVR,2021,1.045332186,1.3345800556742915
SVR,2021,1.02372206,1.3467078850084457
SVR,2021,0.84593107,0.862600227596958
SVR,2021,0.323064619,1.0697802424314677
SVR,2021,0.67351483,1.142907793399573
SVR,2021,0.680584448,0.8574331318497024
SVR,2021,0.376902126,0.8882575224521122
SVR,2021,0.17934059,0.9858572220006483
SVR,2021,0.663418232,0.8034374391947134
SVR,2021,0.002760244,0.5974437556629022
SVR,2021,2.256439155,0.8102263741642666
SVR,2021,2.04991743,1.5467372123702536
SVR,2021,3.016443162,1.5750358500902006
SVR,2021,1.813495185,1.6046104460426285
SVR,2021,1.281076165,1.0465573347599317
SVR,2021,0.759322523,1.0044452637455779
SVR,2021,1.088375512,1.1150714179627177
SVR,2021,0.869346008,1.1868279284071774
SVR,2021,0.836947888,0.9086035866249562
SVR,2021,0.807693695,0.926319232999481
SVR,2021,0.428265779,0.8514236257060337
SVR,2021,0.680307985,1.13065705684604
SVR,2021,1.217765801,0.7702961181928649
SVR,2021,1.260417381,0.6769386223625544
SVR,2021,0.81861316,0.532160140036538
SVR,2021,0.215578845,0.4451832438340211
SVR,2021,0.606148445,0.6977046768898316
SVR,2021,0.393097519,0.560892800031998
SVR,2021,0.457187437,0.4911906772548408
SVR,2021,0.485374045,0.5956571618847014
SVR,2021,0.342597859,0.47241328149028927
SVR,2021,0.536557856,0.3839225616775225
SVR,2021,0.17178872,0.47514388950612774
SVR,2021,0.392320503,0.45771490832449147
SVR,2021,0.559476999,0.4782303584986578
SVR,2021,0.312620051,0.38509521709583816
SVR,2021,0.350625429,0.47810286717095063
SVR,2021,0.28178108,0.41885405371643736
SVR,2021,0.301924128,0.4032358774243442
SVR,2021,0.239672299,0.3969198112085365
SVR,2021,0.392869371,0.4424548281965922
SVR,2021,0.335978335,0.42813367677611425
SVR,2021,0.344146233,0.31202408631897116
SVR,2021,0.268945015,0.41306322349360824
SVR,2021,0.01093894,0.43784745546642223
SVR,2021,0.816097194,0.8287064596382322
SVR,2021,0.726020963,0.5875485481167114
SVR,2021,0.68967022,0.5124860072001338
SVR,2021,0.546171161,0.5564244500650207
SVR,2021,0.329346395,0.5957643972761988
SVR,2021,0.22427508,0.6670551996458134
SVR,2021,0.415475323,0.49176716516951335
SVR,2021,0.540522854,0.4424737429999035
SVR,2021,0.243370392,0.4613675011545003
SVR,2021,0.579436151,0.560796505485643
SVR,2021,0.26101875,0.3554324780203578
SVR,2021,0.885692026,0.798029173178884
SVR,2021,0.3954691,0.7277800741213929
SVR,2021,0.355302628,0.5095160206695083
SVR,2021,0.586792836,0.5312017337052607
SVR,2021,0.4695094,0.5819749144850568
SVR,2021,0.188946356,0.3652347771229719
SVR,2021,0.378580324,0.45752616944235114
SVR,2021,0.568122755,0.38852083162398665
SVR,2021,0.689928687,0.6280349111278355
SVR,2021,0.522743365,0.5764975314394886
SVR,2021,0.028573335,0.5760505378869091
SVR,2021,0.297110725,0.4620584016374236
SVR,2021,0.235753887,0.40356160316267553
SVR,2021,0.45528532,0.4102775387030556
SVR,2021,0.468394753,0.3928575333044625
SVR,2021,0.376086888,0.3476845552739969
SVR,2021,0.450705814,0.3510827196754821
SVR,2021,0.391160922,0.35740849873043157
SVR,2021,0.491235351,0.3974398105451321
SVR,2021,0.401077778,0.4072648699369176
SVR,2021,0.312383305,0.2072230719136603
SVR,2021,0.213724516,0.25718406581295084
SVR,2021,0.297485885,0.4158472486451673
SVR,2021,0.314150409,0.3271087736970921
SVR,2021,0.436072554,0.3709885895130991
SVR,2021,0.428944036,0.34537775125423964
SVR,2021,0.357075937,0.3738812690284449
SVR,2021,0.266777844,0.23067549869940052
SVR,2021,0.361113057,0.25767313489829924
SVR,2021,0.355508948,0.39116760894742586
SVR,2021,0.325649568,0.3502892960847267
SVR,2021,0.317312044,0.3702658437424997
SVR,2021,0.458997948,0.5109549051601706
SVR,2021,0.303196603,0.4226108730836968
SVR,2021,0.387159973,0.3752617176400934
SVR,2021,0.433601071,0.4796101450566139
SVR,2021,0.355918694,0.3940457442034915
SVR,2021,0.335840756,0.38804544161279053
SVR,2021,0.371840455,0.23930383770895347
SVR,2021,0.061353334,0.15502838300600286
SVR,2021,0.146660969,0.2574555843108002
SVR,2021,0.168706106,0.25582425204892234
SVR,2021,0.16113355,0.3168298429928773
SVR,2021,0.55663074,0.20938191773218562
SVR,2021,0.235286376,0.15448763496488804
SVR,2021,0.220423661,0.30263043179701365
SVR,2021,0.215157325,0.34565149673509266
SVR,2021,0.166037452,0.45187064237212327
SVR,2021,0.377051402,0.22793707421792453
SVR,2021,0.166807258,0.17678225014781046
SVR,2021,0.145387342,0.17706172568280387
SVR,2021,0.079873333,0.1463030588840002
SVR,2021,0.182003078,0.3939116391040999
SVR,2021,0.099969202,0.28712059369879983
SVR,2021,0.223988095,0.2778805448832976
SVR,2021,0.195046711,0.4283020962155121
SVR,2021,0.159285521,0.3393897512644133
SVR,2021,0.298283025,0.4198714469570689
SVR,2021,0.604759408,0.35827074958264304
SVR,2021,0.426461845,0.3031290876903763
SVR,2021,0.163912465,0.20946617376393872
SVR,2021,0.155014674,0.30469427419197426
SVR,2021,0.034172903,0.16015191596122103
SVR,2021,0.164820426,0.20265399759567715
SVR,2021,0.093836379,0.15768162502846317
SVR,2022,0.041963071,0.24902244061009693
SVR,2022,0.107126726,0.3047578030608986
SVR,2022,0.046744134,0.4236594210079325
SVR,2022,0.461299797,0.41169108825428335
SVR,2022,0.680135593,0.4611420174089662
SVR,2022,0.62550849,0.36178659616856945
SVR,2022,0.207912548,0.23466538192662667
SVR,2022,0.11537314,0.07406632290537374
SVR,2022,0.061197049,0.08989921530876255
SVR,2022,0.066656085,0.19649517956387685
SVR,2022,0.009728362,0.17543026041835963
SVR,2022,0.139222101,0.38270548328361476
SVR,2022,0.140846716,0.4022466153774731
SVR,2022,0.335987105,0.3675865435793735
SVR,2022,0.245879869,0.4368623381354467
SVR,2022,0.247703078,0.44494254861502813
SVR,2022,0.192047118,0.5607652809251156
SVR,2022,0.511876498,0.40957549417713335
SVR,2022,0.78885819,0.250554219432948
SVR,2022,0.169290465,0.19941533879443907
SVR,2022,0.036795142,0.43028411409405787
SVR,2022,0.0,0.5350822595908256
SVR,2022,0.439032195,0.6563984170520435
SVR,2022,0.326494516,1.1092936428724804
SVR,2022,0.202118991,0.9303773616959556
SVR,2022,1.41537786,1.162818666731788
SVR,2022,2.209250715,0.9431973479388679
SVR,2022,0.01947535,0.6125138377034567
SVR,2022,1.39337795,0.8898697057107252
SVR,2022,1.243559939,0.952991753907573
SVR,2022,0.72875032,0.8599415755604845
SVR,2022,0.495338919,1.0177329622989257
SVR,2022,0.581870939,1.168170278998961
SVR,2022,0.420547035,0.7532925440138383
SVR,2022,0.701521656,0.7076751086315073
SVR,2022,2.325402396,0.7144944099002096
SVR,2022,3.082000845,1.215589888093555
SVR,2022,1.767593714,1.157234155658871
SVR,2022,1.168993565,0.9601857712648139
SVR,2022,0.002984779,1.1174266772357893
SVR,2022,0.560723325,1.2247698382996919
SVR,2022,0.80910345,0.771524415452762
SVR,2022,0.554182658,0.7157727505772999
SVR,2022,0.412350831,0.8085538407740867
SVR,2022,0.422503727,0.8127578440503304
SVR,2022,0.473287535,0.3325735139264794
SVR,2022,1.372972024,0.7929784814529994
SVR,2022,0.425794214,0.6840346084043366
SVR,2022,0.410039172,0.45811713489072536
SVR,2022,0.168421342,0.5444027499998715
SVR,2022,0.271783151,0.6181229587363237
SVR,2022,0.137843859,0.6867441869966279
SVR,2022,0.101881955,0.6733435067139872
SVR,2022,0.328944023,0.578976684433074
SVR,2022,0.185286709,0.7147907739335326
SVR,2022,0.270505055,0.6575486220699309
SVR,2022,0.34441556,0.5907127383023708
SVR,2022,0.147639199,0.7134216053058346
SVR,2022,0.57046163,0.7510523248446852
SVR,2022,1.672985942,0.8012227146480062
SVR,2022,0.263208204,0.7255157128767412
SVR,2022,0.198229423,0.618499851434654
SVR,2022,0.21724745,0.6518532409706368
SVR,2022,0.240843969,0.41900236758458875
SVR,2022,0.216330532,0.6725407289078207
SVR,2022,1.462668765,0.6966689785611369
SVR,2022,0.464726292,0.7057072841597338
SVR,2022,0.738135044,0.8853879128605082
SVR,2022,1.20402185,1.7408589600916295
SVR,2022,2.44320585,1.7281873435612087
SVR,2022,1.51667574,0.9939800005902875
SVR,2022,2.81273566,2.1066356193090776
SVR,2022,2.612436152,1.9462730517190354
SVR,2022,1.54337316,1.3524268743988503
SVR,2022,1.498266928,1.8995268548946131
SVR,2022,0.91699546,1.1274499328770597
SVR,2022,0.97427977,1.333361212747281
SVR,2022,0.73793613,1.754103764584489
SVR,2022,0.862399078,2.2681648227099815
SVR,2022,0.578386663,0.7580077993066869
SVR,2022,0.546428716,0.7413520272002161
SVR,2022,0.560864526,0.7114688237626472
SVR,2022,0.421751071,0.5339692103227588
SVR,2022,0.424526165,0.5278049513441886
SVR,2022,0.41594795,0.5612848703480758
SVR,2022,0.305597755,0.4891274752336582
SVR,2022,0.09024175,0.42258498548069845
SVR,2022,0.485336825,0.9000538296130585
SVR,2022,0.393437012,0.734098576749288
SVR,2022,0.476434439,0.5967437271419953
SVR,2022,0.396914905,0.5132136583836474
SVR,2022,0.557795934,0.5277027471085354
SVR,2022,2.1421052,1.201891977595868
SVR,2022,1.013096665,1.1670998630372451
SVR,2022,2.4487323,1.8050436965261498
SVR,2022,3.70944881,2.259963087886438
SVR,2022,3.181197458,2.6290535190961637
SVR,2022,3.742303495,2.1670303486250955
SVR,2022,2.830107965,2.2549409739547843
SVR,2022,2.7771717,2.922575918517337
SVR,2022,3.130349581,2.7252442754493993
SVR,2022,2.699800585,3.062704264946091
SVR,2022,1.2886323,2.241539045837605
SVR,2022,1.057500049,2.4518013468194644
SVR,2022,1.260686175,2.290487532997294
SVR,2022,1.25503973,0.8361615167610381
SVR,2022,1.4058549,1.4201283642391165
SVR,2022,0.966722215,0.748009789597843
SVR,2022,1.17154764,0.9781457499497946
SVR,2022,0.524145604,0.8148178551398075
SVR,2022,0.95801886,1.0428812894833044
SVR,2022,0.672197145,1.0112263587220158
SVR,2022,0.564434831,0.8274327884647924
SVR,2022,0.550355657,0.6616736730671435
SVR,2022,0.413263818,0.5039894961944169
SVR,2022,0.31982862,0.43976457100641353
SVR,2022,0.592019135,1.0503841487904129
SVR,2022,0.44599786,0.6002295753456465
SVR,2022,0.530084778,0.4450117682292746
SVR,2022,0.300596202,0.4946769392248018
SVR,2022,0.249463909,0.7540172482130529
SVR,2022,0.583418522,0.6820774484791244
SVR,2022,0.821687031,0.60593288706082
SVR,2022,0.807332406,0.46774468054393314
SVR,2022,0.418606784,0.5907652453972049
SVR,2022,0.570989062,1.1741354321518895
SVR,2022,0.545523916,0.7432127277786826
SVR,2022,0.726919135,0.8756643835318043
SVR,2022,0.55705609,0.6914955210471002
SVR,2022,3.6621348,1.4174932644783371
SVR,2022,4.458306105,2.396041183531049
SVR,2022,4.96025518,2.0638855472883706
SVR,2022,4.05222316,2.1089313780612464
SVR,2022,2.5761837,2.8043218181680656
SVR,2022,2.6699641,2.6117803800160075
SVR,2022,2.6747828,2.607044637527326
SVR,2022,2.2025582,2.7332180654816516
SVR,2022,2.04027464,2.6943050994685653
SVR,2022,2.52711405,3.4685903147846133
SVR,2022,4.202483175,3.5686173988874854
SVR,2022,3.501304365,3.1119717321807614
SVR,2022,2.6492888,2.608613995661317
SVR,2022,2.284225752,2.395202852781196
SVR,2022,2.395750264,2.3758358368751615
SVR,2022,2.347239805,2.2062545245759084
SVR,2022,1.923152341,2.386564249594385
SVR,2022,1.98945604,2.72625618419854
SVR,2022,1.659447425,2.756378895908994
SVR,2022,4.234023495,4.0772336518613095
SVR,2022,2.857902425,4.503297001240831
SVR,2022,3.850147985,2.7136287572735305
SVR,2022,4.080302195,6.298297973134746
SVR,2022,3.65960872,5.93196399027501
SVR,2022,3.30926045,5.8232900935474365
SVR,2022,2.87295164,5.4562016234716495
SVR,2022,3.0800583,5.698380450036025
SVR,2022,1.413719695,4.857498946634239
SVR,2022,1.155060881,1.4453046693672693
SVR,2022,2.148770955,3.5711868714195494
SVR,2022,1.88396471,4.201982825000238
SVR,2022,2.024887545,4.164010640420125
SVR,2022,1.607481265,3.8516442802369006
SVR,2022,1.42897534,3.768334524551834
SVR,2022,1.258159603,4.31834407226228
SVR,2022,1.34598782,2.8314246311955804
SVR,2022,4.281451926,4.144465597508889
SVR,2022,2.433211,2.235041340338225
SVR,2022,3.20892789,3.3497558614195393
SVR,2022,3.4841843,4.244628575502394
SVR,2022,2.210331497,3.7209793403423266
SVR,2022,2.287348045,3.494806110137179
SVR,2022,1.782011799,3.825656547180839
SVR,2022,1.68047289,3.9554747925720486
SVR,2022,1.526156491,4.5513996820970135
SVR,2022,1.291069166,4.168334045628082
SVR,2022,1.11582397,3.376141965095795
SVR,2022,0.7888478,1.7064143856876084
SVR,2022,2.00503341,2.500674623290064
SVR,2022,1.0448622,2.4125191817376743
SVR,2022,0.36698346,2.183145700994274
SVR,2022,0.620751341,1.941637664463688
SVR,2022,0.974391645,1.6494937979384083
SVR,2022,1.554102665,1.5057704319473837
SVR,2022,0.39950026,0.9365742684871047
SVR,2022,0.432423153,0.8379200921234058
SVR,2022,0.093404465,0.848894520023042
SVR,2022,0.097904062,0.5511118341837429
SVR,2022,0.862175244,0.5022821936901224
SVR,2022,0.219819891,0.9205883359351719
SVR,2022,0.131514445,0.6839518751442873
SVR,2022,0.3805354,0.6880571804613931
SVR,2022,0.637728286,0.8886781295230068
SVR,2022,0.55604485,0.8259817367496852
SVR,2022,0.66435083,0.7039260526188633
SVR,2022,0.444754033,0.6290949825669722
SVR,2022,0.020277678,0.22818014775081297
SVR,2022,0.26275719,0.33182212708958625
SVR,2022,0.03497921,0.3728447885040581
SVR,2022,0.041769618,0.27444983681243473
SVR,2022,0.081067778,0.3051898467123664
SVR,2022,0.022951124,0.21340672699684338
SVR,2022,0.003515336,0.24398779466689613
SVR,2022,0.023648774,0.19860881292913957
SVR,2022,0.01982171,0.20175636482877812
SVR,2022,0.075513255,0.21489618331142812
SVR,2022,0.037280385,0.23635476811382283
SVR,2022,0.229816779,0.22316729939680047
SVR,2022,0.045934702,0.17974823990586508
SVR,2022,0.02710241,0.22168722835290056
SVR,2022,0.081923688,0.2523020425411324
SVR,2022,0.04225843,0.2608635845122508
SVR,2022,0.069414543,0.2551701703149055
SVR,2022,0.075550672,0.25387326966968304
SVR,2022,0.016944951,0.24371667391218033
SVR,2022,0.038735319,0.27197086971226536
SVR,2022,0.07483416,0.2648815512042275
SVR,2022,0.175126877,0.35811865507250473
SVR,2022,0.13111754,0.2746087858972872
SVR,2022,0.02951842,0.18706796294516392
SVR,2022,0.035572627,0.15946687271005167
SVR,2022,0.754731575,0.21475573329013598
SVR,2022,0.579580753,0.21669296046088637
SVR,2022,0.094682328,0.2373678894519764
SVR,2022,0.097127685,0.23395168071742212
SVR,2022,0.074852459,0.2556484498773287
SVR,2022,0.056181445,0.25970000915931735
SVR,2022,0.069757451,0.24118709098205215
SVR,2022,0.036574441,0.21634697637275735
SVR,2022,0.029870711,0.20836048860490242
SVR,2022,0.027314916,0.2193211332156504
SVR,2022,0.09863885,0.2200830234780633
SVR,2022,0.078689313,0.33228980110876605
SVR,2022,0.368181292,0.23319986677565663
SVR,2022,0.34833926,0.2281656278256875
SVR,2022,0.19207127,0.20880572540868203
SVR,2022,0.294454191,0.1458476084751159
SVR,2022,0.015530102,0.14683816831817764
SVR,2022,0.008819214,0.18452304740498104
SVR,2022,0.00207407,0.159681141090124
SVR,2022,0.127439305,0.22604028339396287
SVR,2022,0.099712972,0.25904205853124573
SVR,2022,0.04891557,0.17444142833163967
SVR,2022,0.021914294,0.1921007081278171
SVR,2022,0.116697235,0.1766712781375579
SVR,2022,0.249521916,0.2754115592544192
SVR,2022,0.35709378,0.2718561799159105
SVR,2022,0.53823736,0.2724363291705343
SVR,2022,0.400556042,0.7176666541503331
SVR,2022,0.140660408,0.22143867326746425
SVR,2022,0.180348005,0.3181692291271976
SVR,2022,0.201237619,0.39418279900155806
SVR,2022,0.03604325,0.20986491523206485
SVR,2022,0.165535946,0.1287616400638505
SVR,2022,0.718852543,0.3144928545425756
SVR,2022,0.80853184,0.2273989765513933
SVR,2022,0.229663761,0.34258811550050305
SVR,2022,0.086954035,0.19889866464527395
SVR,2022,0.13488208,0.19128891402859272
SVR,2022,0.486868508,0.2839393482319924
SVR,2022,0.631035315,0.23473331314274493
SVR,2022,0.717475918,0.26425194708777977
SVR,2022,0.57792675,0.3464716224847849
SVR,2022,0.282167973,0.30213831475089625
SVR,2022,0.333087768,0.3579366957378882
SVR,2022,0.369649662,0.26331983061290254
SVR,2022,0.169044485,0.23101063984505643
SVR,2022,0.226081166,0.293725393914793
SVR,2022,0.303518974,0.34244649326015986
SVR,2022,0.246986749,0.2991902313683683
SVR,2022,0.112993947,0.2948323031862605
SVR,2022,0.104076445,0.19231709826711962
SVR,2022,0.086284292,0.23054432684901716
SVR,2022,0.302686185,0.2729933636259434
SVR,2022,0.240941737,0.34966624124932144
SVR,2022,0.208223324,0.33571612148617647
SVR,2022,0.156597828,0.12658786766522545
SVR,2022,0.127753076,0.2860665174573085
SVR,2022,0.275879302,0.23686264712426508
SVR,2022,0.32828031,0.3395647202449449
SVR,2022,0.498641574,0.45355112094464756
SVR,2022,0.584655,0.4504222918702192
SVR,2022,0.813120413,0.3163544881108734
SVR,2022,0.515052737,0.274496500847789
SVR,2022,0.071531978,0.1953999950431783
SVR,2022,0.062181678,0.14622072349847204
SVR,2022,0.249743875,0.26306646001867273
SVR,2022,0.877093312,0.38302919103271293
SVR,2022,0.825278249,0.4431081847065569
SVR,2022,1.196113195,0.4097797415490424
SVR,2022,1.230319725,0.3461176671717996
SVR,2022,0.770487368,0.34373622010500393
SVR,2022,0.71271004,0.36296966377143003
SVR,2022,0.64222577,0.266041501541056
SVR,2022,0.556085253,0.3892703412945959
SVR,2022,0.459880169,0.39733453150883735
SVR,2022,0.412054097,0.35993751229989024
SVR,2022,0.366526991,0.21982454609386548
SVR,2022,0.133570273,0.3058020202863807
SVR,2022,0.382427389,0.4471608500097657
SVR,2022,1.107925779,0.3949747662282056
SVR,2022,0.873263737,0.45808582168639655
SVR,2022,0.66617144,0.3527045989048211
SVR,2022,0.252966698,0.22363363559817584
SVR,2022,0.217765913,0.11486070657366976
SVR,2022,0.241366089,0.14110200664928962
SVR,2022,0.234816242,0.25712747201243125
SVR,2022,0.405090618,0.24107492912945416
SVR,2022,0.348296804,0.4414706984628477
SVR,2022,0.36971675,0.46756985294059994
SVR,2022,0.379899458,0.4409348544609538
SVR,2022,0.361939739,0.5198623846210012
SVR,2022,0.478989064,0.5235368838683162
SVR,2022,0.301280355,0.5715836174935927
SVR,2022,0.476764304,0.40521151487981144
SVR,2022,0.715383925,0.24317763132272818
SVR,2022,0.384819306,0.20218527618002957
SVR,2022,0.728899611,0.48128422005376525
SVR,2022,0.895539695,0.5628649096205561
SVR,2022,0.275163283,0.1921107613547789
SVR,2022,0.154362195,0.266955146940551
SVR,2022,0.816468455,0.40975348496516084
SVR,2022,1.624056108,0.5951131239114993
SVR,2022,1.243122007,0.6716336294402141
SVR,2022,0.78708375,0.6476330690130843
SVR,2022,0.732875634,0.6967047030679209
SVR,2022,0.435079479,1.039885555829857
SVR,2022,0.384859499,0.8592674463299812
SVR,2022,2.190344822,1.2426058990326525
SVR,2022,2.611229967,1.007726944545961
SVR,2022,1.45085095,0.7057869566151302
SVR,2022,1.107980275,0.5940946594509176
SVR,2022,1.938009616,0.9927737709681189
SVR,2022,1.359854697,1.0665485327516622
SVR,2022,1.087457015,0.9839045592320681
SVR,2022,0.756952343,1.1525205188494723
SVR,2022,0.963977629,1.3127419448071753
SVR,2022,0.59821066,0.8844230129830376
SVR,2022,1.244315485,0.758672434444144
SVR,2022,1.316820377,0.6207042510786858
SVR,2022,2.914190887,1.3601057541655257
SVR,2022,2.21986759,1.3220386281641874
SVR,2022,1.659048152,1.138767591195028
SVR,2022,1.236361932,1.2956796923563272
SVR,2022,1.197934961,0.9420179304150983
SVR,2022,1.272310268,1.4171881422440027
SVR,2022,1.410176515,0.9772648755777591
SVR,2022,1.015501395,0.9261811576264916
SVR,2022,0.98870699,1.0050799482774597
SVR,2022,1.204982065,1.0527509730667972
SVR,2022,1.338623375,0.680283689335329
SVR,2022,1.623694005,0.9642802605719079
SVR,2022,1.306509964,1.0623444434977085
SVR,2022,1.2270069,0.8242583879864948
SVR,2022,0.469672077,0.9143668598639817
SVR,2022,0.477947986,0.9609666269606393
SVR,2022,0.415657446,1.015406838177747
SVR,2022,0.362401545,0.9295087601548366
SVR,2022,0.663074425,0.7707503520576249
SVR,2022,0.544120453,0.878931609856106
SVR,2022,1.114533555,0.8808215700274429
SVR,2022,1.483595541,1.0143315303941862
SVR,2022,1.10371272,1.1198172834432083
SVR,2022,2.877027842,1.2795864617210195
SVR,2022,2.687791795,1.209952848700681
SVR,2022,1.308399303,1.1400238829364893
SVR,2022,1.012562392,0.9366811600748846
SVR,2022,1.666427265,1.1805685234839196
SVR,2022,1.375911782,0.9962006214490264
SVR,2022,1.871435798,1.2958701708993337
SVR,2022,2.60499768,1.001496831826991
SVR,2022,1.68389543,1.4650926158017468
SVR,2022,1.846327776,1.573984420949868
SVR,2022,0.59837005,2.3517501011979256
SVR,2022,2.729173195,2.4497094099919146
SVR,2022,0.616828179,1.3141026583261186
SVR,2022,2.747300946,2.8986083070584066
SVR,2022,4.771245121,3.3898252937494777
SVR,2022,5.266074434,3.000161314427401
SVR,2022,3.777110426,3.6654232468144072
SVR,2022,3.402147715,2.377031176230103
SVR,2022,3.543933515,3.0584827079759442
SVR,2022,4.96366427,4.51533739135715
SVR,2022,4.49335664,4.20085471119984
SVR,2022,4.0728329,2.8479174149187836
SVR,2022,3.623087954,3.2731867357239675
SVR,2022,3.369498946,4.058908586817141
SVR,2022,4.105840809,3.2284190763296507
SVR,2022,3.56170691,3.2391606992353017
SVR,2022,4.211035955,2.658198616784607
SVR,2022,4.586340625,1.8919184243488676
SVR,2022,1.65586868,0.5854257802992306
SVR,2022,2.544231614,2.162390237074634
SVR,2022,2.2735381,1.9757010448478434
SVR,2022,1.93686507,1.5646642937016568
SVR,2022,0.820051835,0.7107852297216242
SVR,2022,2.70738667,2.515232186880615
SVR,2022,3.430873945,2.6059557492652927
SVR,2022,4.062414435,2.7037809301643043
SVR,2022,3.8046058,2.5839281347780223
SVR,2022,3.31330105,3.174172884493858
SVR,2022,4.00086706,2.8000806843197883
SVR,2022,2.47282458,2.145271448084889
SVR,2022,2.633827246,3.0114662875604723
SVR,2022,3.761568675,3.649798408076295
SVR,2022,4.711162815,4.023793366730272
SVR,2022,4.367816845,4.197234455234215
SVR,2022,5.271958295,4.464388583052498
SVR,2022,5.501717105,4.764561975048659
SVR,2022,4.40297537,4.028995499123041
SVR,2022,5.023418525,4.756418394107834
SVR,2022,4.34290475,4.813007153900947
SVR,2022,4.25230821,4.4747930125426425
SVR,2022,5.48918895,5.445819262193719
SVR,2022,4.4604695,3.9668801524839816
SVR,2022,6.61318635,3.944937811109955
SVR,2022,3.4108192,3.411950743842282
SVR,2022,3.838142237,3.5766836343943633
SVR,2022,3.526594625,3.3888444416148586
SVR,2022,3.893791101,3.1420159018415035
SVR,2022,3.96868165,2.654105478798062
SVR,2022,3.5693009,2.670780479539708
SVR,2022,3.138403825,2.3018199777926274
SVR,2022,1.736165014,1.539436508102443
SVR,2022,1.737669692,1.3535441442885052
SVR,2022,1.963668106,1.9298302923414958
SVR,2022,1.43145964,1.2488031359608038
SVR,2022,0.862744145,0.9649111040538805
SVR,2022,0.95341693,0.9535008451502642
SVR,2022,1.033253356,1.307229929589134
SVR,2022,1.32891756,1.1967699340370526
SVR,2022,1.301714522,1.0453608398324115
SVR,2022,1.065042557,0.7931352251029367
SVR,2022,0.626364078,0.9041627904980543
SVR,2022,0.72633582,1.561985499994591
SVR,2022,0.57910719,1.0392565326533179
SVR,2022,0.447216975,1.1136919158399223
SVR,2022,0.20574028,0.8679353616437551
SVR,2022,2.489134565,1.4815892680405887
SVR,2022,0.08407499,2.4933596661671
SVR,2022,3.549374085,3.744113410569822
SVR,2022,1.337647715,2.786876428870909
SVR,2022,0.938318815,2.4353803071978026
SVR,2022,1.274655042,1.896758287150925
SVR,2022,1.339909674,1.7888791204191365
SVR,2022,0.477379321,1.549739097928434
SVR,2022,1.174625627,1.009436760707694
SVR,2022,1.280082213,0.9479747269752351
SVR,2022,0.879936881,0.6267052818180369
SVR,2022,0.915419651,0.8608319659260127
SVR,2022,0.877249296,0.8431612115579759
SVR,2022,0.657814945,0.8163203997506665
SVR,2022,0.641567255,0.7087349306567191
SVR,2022,0.992076955,1.2767542871522923
SVR,2022,3.25872421,2.200737641323314
SVR,2022,1.615091205,1.4132961900649568
SVR,2022,1.634732135,1.847487465918452
SVR,2022,1.81846829,1.957344850679557
SVR,2022,1.066751775,1.3808904898030592
SVR,2022,1.128575175,1.3290326904245113
SVR,2022,1.09556878,1.7067911123373174
SVR,2022,0.964139242,1.495958618558217
SVR,2022,1.092313298,1.5050754931677848
SVR,2022,0.873334296,1.2585863814080873
SVR,2022,0.959823367,0.6544146556832076
SVR,2022,0.682781075,0.98931922158659
SVR,2022,2.13445749,0.763406209486905
SVR,2022,1.182356299,0.6927949853109687
SVR,2022,0.492321375,0.5270998580500892
SVR,2022,0.77944903,0.5315615429709326
SVR,2022,1.125781355,0.8172992150888434
SVR,2022,0.93261341,0.5670132361683544
SVR,2022,0.613938374,0.5957902240183024
SVR,2022,0.501094514,0.5405069742751082
SVR,2022,0.78711876,0.5423530089988251
SVR,2022,0.772612614,0.6498145884478095
SVR,2022,0.697236069,0.6389284666531824
SVR,2022,0.743245692,0.5409141299838179
SVR,2022,0.756957372,0.5368383056894089
SVR,2022,0.203611738,0.5412984626555628
SVR,2022,0.791489905,0.5254880104319054
SVR,2022,0.747730253,0.8639430889951886
SVR,2022,0.706169938,0.49200357692938057
SVR,2022,0.348130291,0.5825594578063757
SVR,2022,0.207047065,0.48861265228335415
SVR,2022,0.466772255,0.5159045853595554
SVR,2022,0.275731038,1.0540837735477964
SVR,2022,0.873003275,0.835653987332537
SVR,2022,1.805252181,1.0545966599713987
SVR,2022,1.153302035,0.698085169886768
SVR,2022,0.676135072,0.7108265083023974
SVR,2022,0.811647756,0.6458132530369463
SVR,2022,0.490891541,0.5477769064056719
SVR,2022,0.586155636,0.5537329870641292
SVR,2022,0.500536552,0.5139790989721579
SVR,2022,0.293819758,0.606131758889985
SVR,2022,0.48823095,1.3899919074925786
SVR,2022,1.46851902,0.6788087476307404
SVR,2022,0.74032283,0.6588527283723856
SVR,2022,0.82743075,0.7598215006768563
SVR,2022,0.713273884,0.6969295984325221
SVR,2022,0.515672642,0.6824854345672622
SVR,2022,0.325930874,0.40019457773707834
SVR,2022,0.3785549,0.721834237636314
SVR,2022,0.384026215,0.5599565589391
SVR,2022,0.408676723,0.5086163129157456
SVR,2022,0.463525128,0.4644023817574464
SVR,2022,0.291225881,0.5114358545855132
SVR,2022,0.283816489,0.4523435937746343
SVR,2022,0.297648808,0.38301253764129284
SVR,2022,0.179165369,0.30992291731629273
SVR,2022,0.335761788,0.432650024988932
SVR,2022,0.203671896,0.3987220860029518
SVR,2022,0.058521102,0.38239839395218556
SVR,2022,0.223822081,0.3408083003960589
SVR,2022,0.293180802,0.3018546260836943
SVR,2022,0.230467517,0.3835767684596938
SVR,2022,0.225115915,0.2546073208793944
SVR,2022,0.997510775,0.5824738999414992
SVR,2022,0.881281387,0.49536397742712635
SVR,2022,0.319930846,0.2801256981254088
SVR,2022,0.172904214,0.3140737262649641
SVR,2022,0.127744856,0.2939930893114452
SVR,2022,0.208315992,0.4338678751588364
SVR,2022,0.205280249,0.4157884008047682
SVR,2022,0.161667208,0.31025737559202093
SVR,2022,0.145490548,0.3204748404830444
SVR,2022,0.150555517,0.3121317970049371
SVR,2022,0.094909567,0.21893335956053428
SVR,2022,0.23396286,0.36557922372465357
SVR,2022,0.26808761,0.387984956863333
SVR,2022,0.145151078,0.22644725375977937
SVR,2022,0.182787061,0.30450732333421426
SVR,2022,0.02628807,0.2496799374511125
SVR,2022,0.266222465,0.2839242771633038
SVR,2022,0.22321221,0.2922770757729587
SVR,2022,0.265510934,0.3087008924616942
SVR,2022,0.115667351,0.20029520621685537
SVR,2022,0.136164185,0.22808367757466796
SVR,2022,0.104136014,0.1882337772447924
SVR,2022,0.092056985,0.19146152311074793
SVR,2022,0.287832724,0.2075953530866237
SVR,2022,0.125920637,0.24259390233212264
SVR,2022,0.478374946,0.22171452522214596
SVR,2022,0.175844835,0.16099709737676338
SVR,2022,0.12564857,0.20823798855444453
SVR,2022,0.242280994,0.22393158013309056
SVR,2022,0.154494615,0.24071755900484015
SVR,2022,0.100843157,0.22160042595986607
SVR,2022,0.097452221,0.23831032657035456
SVR,2022,0.064373122,0.23600327956650957
SVR,2022,0.133591936,0.2551676563842906
SVR,2022,0.08356511,0.23041669533188658
SVR,2022,0.479071221,0.3894330041746258
SVR,2022,0.22964699,0.25923654495153814
SVR,2022,0.16433073,0.17681749142026382
SVR,2022,0.26962522,0.144657542106303
SVR,2022,1.30232806,0.2077578813723423
SVR,2022,0.622316147,0.21165890280824717
SVR,2022,0.235990053,0.24261008227194403
SVR,2022,0.165442933,0.21711295079330872
SVR,2022,0.099348418,0.2515176415588144
SVR,2022,0.174731887,0.2565303268850736
SVR,2022,0.140235302,0.228181343907225
SVR,2022,0.194824212,0.21841313722166755
SVR,2022,0.142987488,0.20815996589842045
SVR,2022,0.121951415,0.20852468590222484
SVR,2022,0.141592477,0.21783522295585234
SVR,2022,0.098357108,0.33173953446775406
SVR,2022,0.430104647,0.2304848914702019
SVR,2022,0.354429191,0.22830772295579949
SVR,2022,0.150839497,0.2097942665885404
SVR,2022,0.515104451,0.15182206729190417
SVR,2022,0.301773357,0.15562386945232332
SVR,2022,0.237061688,0.18206555296584637
SVR,2022,0.246237435,0.16229006681739122
SVR,2022,0.257655806,0.22804213413258212
SVR,2022,0.346681669,0.25600568536456103
SVR,2022,0.046132767,0.1701969546399209
SVR,2022,0.097382142,0.18498920879051817
SVR,2022,0.213122748,0.17779132039673373
SVR,2022,0.342873244,0.2762088199427246
SVR,2022,0.311704134,0.27465843644996957
SVR,2022,0.270472337,0.2778333772750978
SVR,2022,0.294387243,0.7001340694854473
SVR,2022,0.199001201,0.22248809667245562
SVR,2022,0.13258668,0.3274061117814634
SVR,2022,0.237201965,0.40454779070047064
SVR,2023,0.069221142,0.38398690713197947
SVR,2023,0.071217409,0.3860009752275957
SVR,2023,0.03909555,0.36703998940173377
SVR,2023,0.002833806,0.35426922448458975
SVR,2023,0.002891641,0.29792013042880194
SVR,2023,0.027325901,0.3670870017203154
SVR,2023,0.007235016,0.5368315773656281
SVR,2023,0.142955585,0.38103895218813955
SVR,2023,0.081296885,0.3561443440119445
SVR,2023,0.100082664,0.3490308583980325
SVR,2023,0.139561368,0.34850248204547885
SVR,2023,0.008690999,0.3522764359741375
SVR,2023,0.230405491,0.36876537072583915
SVR,2023,0.148254556,0.31106999840559624
SVR,2023,0.214281406,0.39090718910607747
SVR,2023,0.165862045,0.30096545670032915
SVR,2023,0.502394294,0.31566287372239454
SVR,2023,0.334452989,0.26451613440738975
SVR,2023,0.024371979,0.24520431756361838
SVR,2023,0.073078425,0.3263586565311095
SVR,2023,0.005895045,0.28278359821615817
SVR,2023,0.004087908,0.2403690993863763
SVR,2023,0.01172871,0.2586666395592262
SVR,2023,0.082007918,0.28531564951657074
SVR,2023,0.368754455,0.24270246100848814
SVR,2023,0.219703315,0.28047662281611896
SVR,2023,0.094937005,0.13942059370867388
SVR,2023,0.045274746,0.14012058764040125
SVR,2023,0.059521694,0.08590009414242061
SVR,2023,0.044371475,0.11587278356101516
SVR,2023,0.015443945,0.16947978439307532
SVR,2023,0.069033181,0.27554248841363205
SVR,2023,0.284574738,0.2718773150769904
SVR,2023,0.124155942,0.28564509505897373
SVR,2023,0.092392048,0.2972379551530525
SVR,2023,0.197951499,0.33419772664134784
SVR,2023,0.029372596,0.35548282713046764
SVR,2023,0.062546135,0.2825162574350455
SVR,2023,0.2239212,0.15052153783588285
SVR,2023,0.004670836,0.18682813728685477
SVR,2023,0.032056966,0.3016481678192172
SVR,2023,0.07542078,0.3520378416458487
SVR,2023,0.357236785,0.33044289108900216
SVR,2023,1.550160315,0.3521066693830076
SVR,2023,0.697368775,0.19982436783629387
SVR,2023,0.004590859,0.21665094790946426
SVR,2023,0.08757009,0.17101201118316933
SVR,2023,0.244264689,0.2814221519976573
SVR,2023,0.042089235,0.27344704152174637
SVR,2023,0.218360828,0.2672362923296232
SVR,2023,0.162874799,0.6122031470188799
SVR,2023,0.38360905,0.1080523916381233
SVR,2023,0.03278525,0.10943275237913008
SVR,2023,0.02548107,0.20930585693641246
SVR,2023,0.087166205,0.30435918726979627
SVR,2023,0.309284593,0.34325910648330016
SVR,2023,0.49377121,0.4724123926921995
SVR,2023,0.756513585,0.5348266279442143
SVR,2023,0.616817843,0.23516947453509085
SVR,2023,0.216506468,0.5556264523248206
SVR,2023,0.364684211,0.5755376061962316
SVR,2023,0.23629321,0.3702683892091245
SVR,2023,1.000807517,0.786736496476874
SVR,2023,0.39766602,0.5976608176559132
SVR,2023,0.28985964,0.3992571542085036
SVR,2023,0.47071153,0.40109620778066746
SVR,2023,0.270599643,0.9515074225530264
SVR,2023,0.544902721,0.587716633063171
SVR,2023,2.08142344,0.7794294856412967
SVR,2023,0.66879505,0.6229155811144976
SVR,2023,0.709734915,0.6369735208147386
SVR,2023,1.164263682,0.8228992895578381
SVR,2023,1.884206879,0.6856247499117836
SVR,2023,1.042922915,0.38229698271368173
SVR,2023,0.421032325,0.45895314585748526
SVR,2023,0.24602212,0.3584085332631739
SVR,2023,0.609077891,0.39718632350495786
SVR,2023,0.847911277,0.4718992745593269
SVR,2023,0.677964142,0.37306390089548636
SVR,2023,0.327631245,0.5263001195803522
SVR,2023,0.596419973,0.8495369285637047
SVR,2023,0.494054612,0.7170336329982185
SVR,2023,0.627397625,0.5462683384376382
SVR,2023,0.618359702,0.8200754497182812
SVR,2023,0.505499525,0.32766726867939144
SVR,2023,0.259357605,0.7217988365025326
SVR,2023,0.222667435,0.8216432093216812
SVR,2023,2.390886405,1.116989926176747
SVR,2023,2.957258325,0.7764774275198602
SVR,2023,2.124273845,1.0736078369491642
SVR,2023,1.995304111,0.7582883445626459
SVR,2023,1.840286172,0.9046506885470749
SVR,2023,0.69042031,0.4313796768563194
SVR,2023,0.271838865,0.7278460123345538
SVR,2023,0.840805046,0.8550641409322342
SVR,2023,0.92678864,0.452382841367031
SVR,2023,0.692137315,0.3853118748431189
SVR,2023,0.55768247,0.4861943913730885
SVR,2023,0.53032274,0.5325734570536269
SVR,2023,0.74933998,0.5840505827792714
SVR,2023,0.57385696,0.4146526331649443
SVR,2023,0.53028973,0.32275814271759984
SVR,2023,0.43403678,0.37292374685550844
SVR,2023,0.960684555,0.6991924482810381
SVR,2023,0.994548101,0.8116009059675906
SVR,2023,0.708727971,0.6838738983202369
SVR,2023,0.634718345,0.3993479655327715
SVR,2023,1.378385275,1.1119694299589644
SVR,2023,2.15900754,0.7868193451838538
SVR,2023,0.178754596,0.7677333727245194
SVR,2023,0.368652352,0.7854799944701076
SVR,2023,0.310900355,0.7703368711139107
SVR,2023,0.87359649,0.6206121083991
SVR,2023,1.18032704,0.7785734001826146
SVR,2023,1.691084308,1.0902676630505628
SVR,2023,1.69417451,0.8059716983263445
SVR,2023,0.944482711,0.7149510675362774
SVR,2023,0.443487737,0.6752122369214545
SVR,2023,0.482026512,0.686193883206762
SVR,2023,0.428590425,0.6885181017862355
SVR,2023,0.352118327,0.6987232213305086
SVR,2023,0.634619151,0.9088135594975619
SVR,2023,0.609302631,0.8557287536843438
SVR,2023,0.40431859,1.1431490945070757
SVR,2023,1.549798275,1.1689643146637672
SVR,2023,1.603407073,0.9494086756388405
SVR,2023,2.600050725,1.073218016872252
SVR,2023,2.174489065,1.7079103788714405
SVR,2023,2.460134108,1.7967210315872402
SVR,2023,3.123820957,2.0378759066369687
SVR,2023,2.097796101,1.7838924038854684
SVR,2023,2.493803185,1.9025371785704237
SVR,2023,2.101778252,1.8731050109784304
SVR,2023,3.439413916,2.847092466319517
SVR,2023,3.562755749,2.646472293005126
SVR,2023,2.21332111,2.081635617258594
SVR,2023,1.95882501,2.603056341730284
SVR,2023,2.606957239,2.4369368896253794
SVR,2023,2.097487165,3.0056780106295133
SVR,2023,2.138665405,1.9166875459413188
SVR,2023,1.539096345,1.9783221442513235
SVR,2023,1.14220905,1.3801176410820608
SVR,2023,1.1429016,1.4972583168582352
SVR,2023,1.417014865,2.163671299031697
SVR,2023,5.02794541,3.3468849980801147
SVR,2023,4.127320155,2.9167335095433735
SVR,2023,4.599626425,2.544909563230746
SVR,2023,2.034649458,1.8954718368228036
SVR,2023,1.697336905,2.7040798001809017
SVR,2023,3.39252332,1.9428459450577573
SVR,2023,4.002980296,2.971799718651899
SVR,2023,0.91106107,1.9126728660094017
SVR,2023,1.826391825,2.226902376068929
SVR,2023,1.94034487,1.842762872252921
SVR,2023,2.26101589,1.5639182106718363
SVR,2023,2.2701929,1.607659664275043
SVR,2023,1.5901083,2.050041634360199
SVR,2023,3.85555177,2.56306661251217
SVR,2023,3.02255595,2.2901882681634897
SVR,2023,1.59340544,1.7041527263868037
SVR,2023,2.81300228,3.164320016060575
SVR,2023,5.258734685,2.7375734327282135
SVR,2023,3.806230019,2.78808293623816
SVR,2023,2.039229295,2.5989748053693136
SVR,2023,3.25397188,1.7226623236639869
SVR,2023,3.94528497,2.311477547196109
SVR,2023,4.214379925,2.2322060311572614
SVR,2023,3.993839945,2.51728732869444
SVR,2023,1.879467085,2.5441323503663913
SVR,2023,1.90340925,2.4766643928440466
SVR,2023,1.53074565,2.452701938949451
SVR,2023,1.967746656,2.8131405827725366
SVR,2023,4.83967245,2.796710899790992
SVR,2023,2.83748474,1.2870153380179787
SVR,2023,4.690074148,2.4412961524862005
SVR,2023,3.532745695,2.3784606114729363
SVR,2023,2.31855257,2.344721124737844
SVR,2023,1.98474298,1.9409009100354302
SVR,2023,1.03717315,1.3771709276313011
SVR,2023,2.124428415,1.8399251216263148
SVR,2023,3.393165675,2.582295046647025
SVR,2023,2.063826665,2.00310811009638
SVR,2023,3.61963713,2.807311042907697
SVR,2023,1.44891595,2.3483697318616414
SVR,2023,1.3979894,2.1457126527656647
SVR,2023,2.91211305,2.9795462505577337
SVR,2023,1.040043407,2.5103037421232357
SVR,2023,1.522724715,1.8015865907876663
SVR,2023,0.88021249,0.9549162858582652
SVR,2023,1.18837286,1.2052626760898628
SVR,2023,1.389424759,1.1246034212943932
SVR,2023,1.214003082,0.7166064026975856
SVR,2023,2.78198865,2.0203589780366453
SVR,2023,3.9795538,2.3132055141317727
SVR,2023,3.62930901,2.5373617208618793
SVR,2023,2.034824,2.9506711690180443
SVR,2023,3.49506875,1.926632335732637
SVR,2023,1.77597625,2.456043396928097
SVR,2023,1.779427765,2.4869475343088823
SVR,2023,2.238461235,3.1000952233211336
SVR,2023,2.714181631,2.607411119508086
SVR,2023,2.621117255,2.922672510387192
SVR,2023,1.950487805,2.31218978682797
SVR,2023,1.84830019,2.0682301709133344
SVR,2023,0.81812182,1.082482523456638
SVR,2023,0.83412518,0.8462448160305365
SVR,2023,1.12687126,0.6233100900587737
SVR,2023,0.687667282,0.6640689253935566
SVR,2023,0.777885405,0.5905331184856949
SVR,2023,0.750355226,0.5494598561724192
SVR,2023,0.82101218,0.6118337192867498
SVR,2023,0.913241795,0.7544571952954036
SVR,2023,0.81428844,1.2970170951626532
SVR,2023,0.56168558,0.5505767276825878
SVR,2023,0.554260419,0.5711300052597047
SVR,2023,1.042688335,1.3184523146780078
SVR,2023,0.7465107,1.2288971735437704
SVR,2023,0.9316135,0.866209491398142
SVR,2023,1.0122461,0.7007715220834271
SVR,2023,0.66739103,0.6783612597006974
SVR,2023,0.764876615,0.6625864181982655
SVR,2023,0.558973015,0.6849465502082029
SVR,2023,0.310507524,0.5250532426659971
SVR,2023,0.381633713,0.526981443033927
SVR,2023,0.506697099,0.5117261610615471
SVR,2023,0.365737827,0.42581397513760855
SVR,2023,0.183384931,0.5553991681650834
SVR,2023,0.443889916,0.8109845493758767
SVR,2023,0.250080315,0.7441482606696179
SVR,2023,0.823475996,1.1532944209245695
SVR,2023,1.66806942,1.2361303431239334
SVR,2023,2.871891363,1.4047902566190211
SVR,2023,2.047910894,0.976590617339133
SVR,2023,0.2061593,0.7925581644199873
SVR,2023,0.362836007,0.44031295722681507
SVR,2023,0.585137405,0.4415705321996962
SVR,2023,0.661536319,0.5585888075694322
SVR,2023,0.352171561,0.5291533600817133
SVR,2023,0.313641535,0.4322915459963601
SVR,2023,0.263856966,0.2315964804870233
SVR,2023,0.338484813,0.37441544058531806
SVR,2023,0.441524431,0.4303256522038241
SVR,2023,0.36508977,0.4210751766351174
SVR,2023,0.01443711,0.42607473652616323
SVR,2023,1.28403138,1.0171996197651123
SVR,2023,0.76711779,0.7914586704377542
SVR,2023,0.73080706,0.90444300112779
SVR,2023,0.775340323,0.7852902071197212
SVR,2023,0.98679453,0.6947685974392062
SVR,2023,0.74076705,0.7130509114727825
SVR,2023,0.744650995,0.6968491000320456
SVR,2023,0.774072725,0.6943738486927598
SVR,2023,0.66257967,0.7180601896927479
SVR,2023,0.484198044,0.7417270651390294
SVR,2023,0.670262114,0.5830142954630482
SVR,2023,0.05901942,0.5283286786082007
SVR,2023,0.16556866,0.3730728728017234
SVR,2023,0.247125475,0.23229427739183295
SVR,2023,0.207834908,0.27700673784350527
SVR,2023,0.02552897,0.579319056011941
SVR,2023,0.248247923,0.5210293901509162
SVR,2023,1.068371541,0.6463641054234563
SVR,2023,1.72289017,0.7335078419108487
SVR,2023,1.120407931,0.6306204426875693
SVR,2023,0.931823546,0.6904868957270811
SVR,2023,1.018055052,0.8356944735273508
SVR,2023,0.824095497,0.7371708998556221
SVR,2023,0.937609955,0.9735474249720611
SVR,2023,0.477193598,0.4973597011950861
SVR,2023,0.376544659,0.5577725451435663
SVR,2023,0.284543196,0.5145260449998051
SVR,2023,0.671834861,0.6162516703525769
SVR,2023,0.587196655,0.5763333874606462
SVR,2023,0.67810873,0.5473385972283806
SVR,2023,0.784541984,0.553367182570292
SVR,2023,0.64741234,0.5831740917913086
SVR,2023,0.396559619,0.3085811959959338
SVR,2023,0.484877876,0.5430048211890165
SVR,2023,0.468141904,0.6341650568150573
SVR,2023,0.520938932,0.711856166297582
SVR,2023,1.778792399,0.3798889577482111
SVR,2023,0.569733343,0.7880944021093788
SVR,2023,0.679856628,0.9851394432883543
SVR,2023,0.205514608,0.349019351568571
SVR,2023,0.274608225,0.16297322790424018
SVR,2023,0.147865847,0.1590436159843731
SVR,2023,0.00831064,0.3404273514951043
SVR,2023,0.066790762,0.36394104858730836
SVR,2023,0.28149852,0.553946801400362
SVR,2023,0.498666523,0.7721382866487525
SVR,2023,0.098158507,0.3038352841259535
SVR,2023,0.148985366,0.21457645487001387
SVR,2023,0.212691349,0.2851982218704878
SVR,2023,0.226865912,0.525820235503863
SVR,2023,0.263397654,0.3510924693816099
SVR,2023,0.315097272,0.4125453204320394
SVR,2023,0.429919626,0.9287344552850875
SVR,2023,0.586244624,0.6326384734106896
SVR,2023,0.341776614,0.2815553494225117
SVR,2023,0.014474691,0.223176131707289
SVR,2023,0.214748197,0.2315827235299277
SVR,2023,0.220122382,0.47926496763662807
SVR,2023,0.060710942,0.23911116744325867
SVR,2023,0.069208426,0.20034418210067728
SVR,2023,0.116743221,0.3710192089659412
SVR,2023,1.17676115,0.5105790877730351
SVR,2023,0.538400558,0.5266856011258797
SVR,2023,0.781455999,0.6020349377388025
SVR,2023,0.345078352,0.48093563315422416
SVR,2023,0.555760057,0.8064385266111094
SVR,2023,0.347351267,0.7761586345739737
SVR,2023,0.447958291,0.7428235581435234
SVR,2023,0.31919479,0.5229883946134506
SVR,2023,0.456400054,0.40142283595198724
SVR,2023,1.60110638,0.2835267468779571
SVR,2023,1.15918899,0.1622345614738343
SVR,2023,1.2352938,0.22231004352605865
SVR,2023,1.406779271,0.2544013461566864
SVR,2023,0.068416156,0.3464484104591038
SVR,2023,0.12416914,0.4789706973552319
SVR,2023,0.098579575,0.35393839370842484
SVR,2023,0.095448364,0.24966650396404122
SVR,2023,0.083477993,0.3870135523615754
SVR,2023,0.062179838,0.3875718724691899
SVR,2023,0.101411339,0.372790066158727
SVR,2023,0.127199735,0.3631695396453639
SVR,2023,0.052780047,0.3055005844025026
SVR,2023,0.081152463,0.3752409506916091
SVR,2023,0.03789026,0.541570405622556
SVR,2023,0.18583169,0.38754360717574365
SVR,2023,0.19149725,0.35988949813858573
SVR,2023,0.096788254,0.3531273897056929
SVR,2023,0.128501275,0.3475017483230214
SVR,2023,0.050393885,0.3541219912297098
SVR,2023,0.287707835,0.37519965134389044
SVR,2023,0.173683059,0.3166701944643495
SVR,2023,0.15611729,0.39070208954100405
SVR,2023,0.082192864,0.3044550915293852
SVR,2023,0.1130314,0.31640249238886964
SVR,2023,0.247530448,0.27013996070650903
SVR,2023,0.048618841,0.24863752914417958
SVR,2023,0.138687751,0.3303090479683839
SVR,2023,0.076109651,0.2878267493768637
SVR,2023,0.065241396,0.24257212420693652
SVR,2023,0.082537116,0.261769607647774
SVR,2023,0.203312955,0.28789530500908367
SVR,2023,0.499638465,0.2443000110783342
SVR,2023,0.379289012,0.28195265280711446
SVR,2023,0.088314335,0.14270587026133685
SVR,2023,0.03965242,0.14074295286846317
SVR,2023,0.072042385,0.08841295298139151
SVR,2023,0.08204294,0.11823128458909027
SVR,2023,0.130623778,0.17041537762538017
SVR,2023,0.156712839,0.2783611600495557
SVR,2023,0.396962591,0.274434928498149
SVR,2023,0.435300437,0.28681746147604903
SVR,2023,0.373386365,0.29884887536154525
SVR,2023,0.58008173,0.3342761754799968
SVR,2023,0.245582725,0.3571809211249599
SVR,2023,0.418701209,0.28490330771419503
SVR,2023,0.542159896,0.15282845931361244
SVR,2023,0.184300968,0.19015723219459468
SVR,2023,0.154695982,0.3041468165954574
SVR,2023,0.341028057,0.35253724101189365
SVR,2023,0.42395319,0.33219137847713287
SVR,2023,2.013245642,0.35061885019941375
SVR,2023,0.39177118,0.20072529905758263
SVR,2023,0.032288655,0.22123225826154902
SVR,2023,0.12017968,0.17122366029960456
SVR,2023,0.40731963,0.28280544930855855
SVR,2023,0.170837771,0.27602818997566814
SVR,2023,0.205654978,0.26794907314964533
SVR,2023,0.262740344,0.6120087373807502
SVR,2023,0.472853345,0.11198348057150653
SVR,2023,0.121666579,0.11446258551272148
SVR,2023,0.125899073,0.2136572454186172
SVR,2023,0.269478067,0.30626562797049617
SVR,2023,0.471572832,0.3434432602535705
SVR,2023,0.971616919,0.4720203614855992
SVR,2023,1.567554336,0.5348289168430882
SVR,2023,0.716960244,0.2351551119049886
SVR,2023,0.631188677,0.5556188551223462
SVR,2023,0.755919755,0.574970785040259
SVR,2023,0.40049655,0.37506219826482523
SVR,2023,1.168774805,0.7761273896742862
SVR,2023,0.620268315,0.5922545892283386
SVR,2023,0.442007605,0.39540201145887777
SVR,2023,0.391148656,0.3992136653973788
SVR,2023,0.722747319,0.9442988046669608
SVR,2023,0.731867571,0.5806354820726457
SVR,2023,1.451654754,0.7742120558925345
SVR,2023,0.88824345,0.6117579256435963
SVR,2023,1.06386154,0.6278728122815107
SVR,2023,1.039858215,0.8146942597076708
SVR,2023,2.725156568,0.7070738507351246
SVR,2023,2.02681599,0.3872932161406204
SVR,2023,1.043302337,0.45470948753102347
SVR,2023,0.660713452,0.35991788371009914
SVR,2023,0.82127958,0.3998805901779975
SVR,2023,0.807551639,0.47445522923624783
SVR,2023,0.651343913,0.37657085026766446
SVR,2023,0.432591069,0.5303917016303712
SVR,2023,0.734264217,0.8392871497270775
SVR,2023,0.533772675,0.723294851315688
SVR,2023,0.894835083,0.5412399014287941
SVR,2023,0.872233336,0.8086286686856701
SVR,2023,0.265712846,0.3392607332694726
SVR,2023,0.51931149,0.6909921535728585
SVR,2023,0.364772929,0.8022149681260843
SVR,2023,2.399562501,1.0977039351763966
SVR,2023,0.28746464,0.7614387068715274
SVR,2023,0.1793931,0.8875958104642104
SVR,2023,0.66610799,0.4189557956030474
SVR,2023,0.882555465,0.703292943062523
SVR,2023,0.897250751,0.8410996616545043
SVR,2023,0.887653541,0.44898521166460126
SVR,2023,0.637920427,0.3909766303209179
SVR,2023,0.581929946,0.493431372146083
SVR,2023,0.591329279,0.5353992120251312
SVR,2023,1.1069304,0.5880450220720717
SVR,2023,0.640029829,0.4252358963554833
SVR,2023,0.771037254,0.3345395895373944
SVR,2023,0.467964466,0.3861172912558112
SVR,2023,1.5294415,0.7046527688095225
SVR,2023,0.900309355,0.7994242013224907
SVR,2023,0.76388597,0.6846105741161854
SVR,2023,0.93450354,0.3936111679387848
SVR,2023,1.04646457,1.1046311086969522
SVR,2023,2.13083353,0.7719257805786244
SVR,2023,0.83154705,0.8434704963769396
SVR,2023,0.373637967,0.7468468830736822
SVR,2023,0.415189498,0.7637650828831559
SVR,2023,0.369981475,0.7601515450867159
SVR,2023,0.834426715,0.637338551546235
SVR,2023,1.137156075,0.7875723299526588
SVR,2023,1.84674599,1.080176749007518
SVR,2023,1.891422175,0.798485571977427
SVR,2023,0.887790104,0.7065853010225356
SVR,2023,0.463121556,0.6733216065945018
SVR,2023,0.480319666,0.683200839031348
SVR,2023,0.428590425,0.6863104116975296
SVR,2023,0.352118327,0.69845660101744
SVR,2023,0.634619151,0.9051263896564823
SVR,2023,0.609302631,0.8425991329902927
SVR,2023,0.40431859,1.1129110716621948
SVR,2023,1.549798275,1.1376993221422484
SVR,2023,1.603407073,0.9074381693868732
SVR,2023,2.600050725,1.0087665576562348
SVR,2023,2.174489065,1.6681914809018434
SVR,2023,2.460134108,1.791806465529941
SVR,2023,3.123820957,1.980691418803831
SVR,2023,2.097796101,1.7416318361349656
SVR,2023,2.493803185,1.8821530922376477
SVR,2023,2.101778252,1.8410135914597536
SVR,2023,3.439413916,2.755797553026734
SVR,2023,3.562755749,2.5526126368611886
SVR,2023,2.21332111,2.0565179180709574
SVR,2023,1.95882501,2.5305668352395854
SVR,2023,2.606957239,2.3662898441852325
SVR,2023,2.097487165,2.884636573107538
SVR,2023,2.138665405,1.8004214965961465
SVR,2023,1.539096345,1.8734614509524932
SVR,2023,1.14220905,1.312782232723085
SVR,2023,1.1429016,1.3618809605812665
SVR,2023,1.417014865,2.0699869790589966
SVR,2023,5.02794541,3.0483612579597104
SVR,2023,4.127320155,2.5383479612626143
SVR,2023,4.599626425,2.196631296606374
SVR,2023,2.034649458,1.6043528967787766
SVR,2023,1.697336905,2.37926820676599
SVR,2023,2.38926626,1.8404012238073224
SVR,2023,3.753417195,2.6596532730955404
SVR,2023,1.646913481,1.8453684823259233
SVR,2023,2.293438248,1.9680074988091327
SVR,2023,3.12225766,2.741108833591773
SVR,2023,2.643278075,1.995944151197911
SVR,2023,1.851084905,1.6598827056983922
SVR,2023,1.7105831,1.426848811377988
SVR,2023,1.97238161,1.4561395628188456
SVR,2023,1.408862235,2.418162574749393
SVR,2023,2.954322985,2.4150755650150675
SVR,2023,3.0985462,2.1653491011501544
SVR,2023,1.817331395,1.667088241275977
SVR,2023,3.138898829,3.0726128406032034
SVR,2023,5.334706245,2.643053659606208
SVR,2023,3.561937555,2.7046606009537504
SVR,2023,2.091928085,2.576278769557624
SVR,2023,1.951290084,1.7237997192492671
SVR,2023,4.005193555,2.324773225074341
SVR,2023,3.993924996,2.2620004015978514
SVR,2023,4.709578842,2.5324961084571087
SVR,2023,2.052437815,2.5336133484073713
SVR,2023,2.036178995,2.435391870034392
SVR,2023,2.32908645,2.37027885506529
SVR,2023,1.6011911,2.7598116097914387
SVR,2023,4.4272363,2.750811697747671
SVR,2023,2.45722335,1.2734721859576257
SVR,2023,4.175364113,2.415207259705041
SVR,2023,3.323486583,2.330696435770364
SVR,2023,1.033028305,2.3062098625460985
SVR,2023,1.518692385,1.375141585309679
SVR,2023,2.134668325,1.8358055286725214
SVR,2023,3.290238125,2.581044494041612
SVR,2023,2.137436275,2.0013685274421698
SVR,2023,3.621291294,2.7948314561059124
SVR,2023,2.961231831,2.8284909124221653
SVR,2023,3.1617194,2.3260121066370383
SVR,2023,1.85899872,2.12295128560276
SVR,2023,2.23939252,2.6701129410718534
SVR,2023,1.298148527,2.2989289568605153
SVR,2023,1.957163975,1.6826192869379664
SVR,2023,1.19773556,0.903777480003874
SVR,2023,1.483542445,1.1986530750049964
SVR,2023,1.98747089,1.1135221870105152
SVR,2023,1.693214795,0.7067254890399929
SVR,2023,2.833527265,2.018456585806236
SVR,2023,3.80651972,2.269167850067709
SVR,2023,3.625896051,2.47927884097808
SVR,2023,3.16439059,1.8604825734388486
SVR,2023,2.379922443,1.9876538158499328
SVR,2023,2.59773884,2.9217121177255114
SVR,2023,3.336473915,1.905235573515459
SVR,2023,2.288209835,2.4404892874023645
SVR,2023,1.95068362,2.470414174502332
SVR,2023,1.089818235,2.532158775766457
SVR,2023,0.868012204,2.6475858766011124
SVR,2023,0.98684137,1.2381210555198932
SVR,2023,4.07831831,1.7917873270874538
SVR,2023,4.54433065,2.787510647490671
SVR,2023,3.046029145,2.5063495456362155
SVR,2023,2.58815568,2.7865920318605997
SVR,2023,2.20577855,3.1931878507659377
SVR,2023,2.728093847,2.4712009611884387
SVR,2023,2.155795058,3.0603150306046043
SVR,2023,1.954307785,2.5501755691905394
SVR,2023,2.92482843,2.834754809544365
SVR,2023,2.221694699,2.2072864850606018
SVR,2023,1.800496845,1.9851780461505788
SVR,2023,1.157017403,0.6780418179657315
SVR,2023,0.984776221,0.7514803634819704
SVR,2023,1.010079143,1.0192567777485846
SVR,2023,0.923058513,0.8014352805200122
SVR,2023,1.494137242,0.5948924298772932
SVR,2023,0.618736108,0.6385395843755024
SVR,2023,1.126744591,0.5716264281948118
SVR,2023,1.143971662,0.5322896816296838
SVR,2023,1.18085725,0.6047334434057551
SVR,2023,1.692044385,0.7320708753221015
SVR,2023,1.491858155,1.2642784188094058
SVR,2023,0.798551294,0.536148965415925
SVR,2023,0.658239489,0.5538704361719823
SVR,2023,1.686040266,1.3262441744091156
SVR,2023,2.98834805,1.1267814782303887
SVR,2023,1.561578398,1.0263853634746503
SVR,2023,1.438925602,1.2031375463969733
SVR,2023,0.87405622,0.8360628874993377
SVR,2023,1.124749095,0.6798643359725656
SVR,2023,0.617472358,0.6639990122357468
SVR,2023,0.80258571,0.6521214182510778
SVR,2023,0.67961792,0.6723288210681231
SVR,2023,0.715917512,0.619009531138785
SVR,2023,0.821485362,0.728218412901186
SVR,2023,0.479455149,0.5100669231316575
SVR,2023,0.523213698,0.5151891890234254
SVR,2023,0.899653787,0.5016013776900347
SVR,2023,0.441962654,0.4167236718859718
SVR,2023,0.57878256,0.5023838624649718
SVR,2023,0.72413732,0.7050476225000345
SVR,2023,0.30079363,0.5700315629386913
SVR,2023,0.515162295,0.8085667718424459
SVR,2023,0.382631835,0.7458477546944756
SVR,2023,0.832850727,1.1383682121509289
SVR,2023,1.85655043,1.2411452222969166
SVR,2023,3.06180853,1.3664915989642097
SVR,2023,1.692840622,0.9461561503695038
SVR,2023,1.317762856,0.7690038508778858
SVR,2023,1.057364524,0.7242814351112935
SVR,2023,0.767660635,0.7938771769133739
SVR,2023,0.639268027,1.366698335499648
SVR,2023,0.50346714,1.313763726517109
SVR,2023,0.966512198,1.4679564607151918
SVR,2023,0.642911175,0.8230960586601388
SVR,2023,0.511536583,0.6741008182057093
SVR,2023,0.280014294,0.5949808106399436
SVR,2023,0.37556622,0.5970344490546191
SVR,2023,0.524313405,0.600920412499143
SVR,2023,0.365206549,0.5562898004898706
SVR,2023,0.723826855,0.5974571045191674
SVR,2023,0.412315807,0.4314176908912428
SVR,2023,0.693192455,0.4623626864927257
SVR,2023,0.606315644,0.5794903033433654
SVR,2023,0.364755176,0.5310617837591887
SVR,2023,0.332878997,0.42215209887841154
SVR,2023,0.317021176,0.21475113464423823
SVR,2023,0.286607272,0.3478418175714981
SVR,2023,0.41874259,0.4048167881301896
SVR,2023,0.37836941,0.395419972578843
SVR,2023,0.451571263,0.4292928162724948
SVR,2023,0.522076423,0.5575762316316201
SVR,2023,1.652928648,0.7522965575707108
SVR,2023,3.07118026,0.9929048206705028
SVR,2023,0.865768833,0.7533511472458679
SVR,2023,0.82989472,0.8576104084262872
SVR,2023,0.758166311,0.7255898288629168
SVR,2023,0.822001761,0.6019477081388669
SVR,2023,0.816273523,0.6113217976151625
SVR,2023,0.650147655,0.589926868197827
SVR,2023,0.674607053,0.5809256544615309
SVR,2023,0.597750271,0.5910309070017501
SVR,2023,0.494324596,0.6318082143742992
SVR,2023,0.674704982,0.5037916520548273
SVR,2023,0.430341215,0.5080649692827406
SVR,2023,0.426575838,0.4936912022378058
SVR,2023,0.901353,0.2634235013794687
SVR,2023,0.780428976,0.33167285958611137
SVR,2023,0.2173865,0.24079205487506294
SVR,2023,0.506648206,0.264640555751367
SVR,2023,0.33072787,0.5332583897652718
SVR,2023,0.926463308,0.45666202494700425
SVR,2023,1.194822865,0.45792118396712855
SVR,2023,1.231049634,0.519565089421937
SVR,2023,0.812570619,0.4380877001950013
SVR,2023,0.763750164,0.5102693287356811
SVR,2023,0.763112655,0.5192128677782838
SVR,2023,0.689240836,0.5108879496858473
SVR,2023,0.728768569,0.6082542291442515
SVR,2023,0.458253499,0.39368448394077793
SVR,2023,0.518614041,0.48141390399113937
SVR,2023,0.450654487,0.4001652373139588
SVR,2023,0.594454168,0.40536349995877086
SVR,2023,0.527201363,0.2997706387085327
SVR,2023,0.547614218,0.27082169294162917
SVR,2023,0.57366981,0.29700634563476347
SVR,2023,0.53343523,0.303787287893029
SVR,2023,0.359358764,0.25858965478541607
SVR,2023,0.492370666,0.38338568154815167
SVR,2023,0.459649177,0.41227893011619077
SVR,2023,0.429269688,0.4446187873066325
SVR,2023,1.46458978,0.3145629513641589
SVR,2023,0.445491291,0.4835655595179129
SVR,2023,0.565753165,0.5268162751992734
SVR,2023,0.198532746,0.2826518031746321
SVR,2023,0.2498168,0.18879884040158734
SVR,2023,0.081672855,0.18446800037092814
SVR,2023,0.525205514,0.30413724207034043
SVR,2023,0.520885128,0.30727669630425225
SVR,2023,0.708208996,0.3882324810485801
SVR,2023,0.483504615,0.4317273437818765
SVR,2023,0.175486383,0.26207190523230683
SVR,2023,0.228249644,0.21424827311533579
SVR,2023,0.323422885,0.25496170000384843
SVR,2023,0.324921726,0.33252777511813447
SVR,2023,0.294248345,0.29020437133404653
SVR,2023,0.31286499,0.32681084080425815
SVR,2023,0.310710673,0.5495050143042618
SVR,2023,0.430786736,0.4178382792491331
SVR,2023,0.243658634,0.2585992738442958
SVR,2023,0.179881829,0.22569087914925234
SVR,2023,0.235970411,0.22725200149945846
SVR,2023,0.226417782,0.3449245125093505
SVR,2023,0.144408497,0.2276808140901715
SVR,2023,0.151447436,0.20493995495397987
SVR,2023,0.212542446,0.40164689380769025
SVR,2023,1.281652853,0.45696337677559573
SVR,2023,0.701493374,0.43634143237254164
SVR,2023,0.627411079,0.4601942800100757
SVR,2023,0.396948795,0.4051966728639863
SVR,2023,0.476223745,0.4754851411195947
SVR,2023,0.339084388,0.5018637681440807
SVR,2023,0.385891111,0.507482628560239
SVR,2023,0.337442455,0.4317937188946135
SVR,2023,0.445787296,0.37016856061282033
SVR,2023,0.820321083,0.2854627983594822
SVR,2023,1.01673257,0.19177003644662527
SVR,2023,0.86608095,0.22183059475349487
SVR,2023,0.951799821,0.23291426006651994
SVR,2023,0.03168833,0.2939394872999195
SVR,2023,0.247601362,0.3069827610957562
SVR,2023,0.232777952,0.226705139447002
SVR,2024,0.165166952,0.25023952044437214
SVR,2024,0.149844994,0.2753741635489688
SVR,2024,0.1115639,0.2913814453822058
SVR,2024,0.384515792,0.4527078857487926
SVR,2024,0.074146503,0.35347728153943436
SVR,2024,0.215153726,0.1667933795335499
SVR,2024,0.167588719,0.2589556070039094
SVR,2024,0.279609513,0.28167893820422196
SVR,2024,0.045023002,-0.05236738876439739
SVR,2024,0.202978345,0.1352669553500545
SVR,2024,0.064300039,0.2695901373934988
SVR,2024,0.071437253,0.021360985744373284
SVR,2024,0.093308975,0.20272598404565545
SVR,2024,0.076431874,0.2085248384362327
SVR,2024,0.084212753,-0.012999625981031437
SVR,2024,0.293343025,-0.0060851157707690895
SVR,2024,0.274460638,-0.0594382177171171
SVR,2024,0.112574438,0.07301833800742386
SVR,2024,0.013603567,0.20746565050377708
SVR,2024,0.066251323,0.36613504318663925
SVR,2024,0.292675427,0.4404445621272193
SVR,2024,0.08699717,0.36398485166784944
SVR,2024,0.174461111,0.4964657747772151
SVR,2024,0.182386318,0.41750824193285296
SVR,2024,0.187775607,0.5063258793151422
SVR,2024,0.213585485,0.4893339994914373
SVR,2024,0.16090291,0.49243463233877227
SVR,2024,0.232830261,0.5914792800605824
SVR,2024,0.169246152,0.5179802784746415
SVR,2024,0.354303316,0.5681252119087531
SVR,2024,0.025810079,0.4202660302810528
SVR,2024,1.69114585,1.2309033857839962
SVR,2024,1.799346435,1.8010942366360718
SVR,2024,2.034431388,1.842166432231184
SVR,2024,2.34820194,3.1936016282754514
SVR,2024,1.905930016,2.0168583058258074
SVR,2024,4.03022463,0.917566110483008
SVR,2024,4.15711668,1.9150730871012245
SVR,2024,2.229672047,1.7301346511424942
SVR,2024,1.90038146,1.8648444712264904
SVR,2024,2.046485281,2.1179980308218793
SVR,2024,2.044712321,2.1513484121470228
SVR,2024,2.547292815,2.4680331513030396
SVR,2024,2.8601986,2.8597437716177914
SVR,2024,2.83247077,3.2830015420192735
SVR,2024,2.791342681,2.689576708182018
SVR,2024,3.63432415,1.7127759712853345
SVR,2024,3.063009375,1.7582718200350294
SVR,2024,0.96238088,1.315272095402379
SVR,2024,0.68896709,1.3062878819800563
SVR,2024,0.272314355,1.4950142626223957
SVR,2024,2.663541215,1.8962376996185175
SVR,2024,3.014611085,2.352810983062201
SVR,2024,3.12531119,2.3092358222960714
SVR,2024,3.31046841,2.3161202579259923
SVR,2024,3.13551618,2.4396376066222514
SVR,2024,4.727947315,2.6035330101687393
SVR,2024,0.934153005,1.9830654723604364
SVR,2024,2.10806281,2.2004861668268396
SVR,2024,4.564725977,2.1216774339088538
SVR,2024,6.22489395,2.162204234130471
SVR,2024,4.07316809,2.384275933001949
SVR,2024,4.93950618,2.076951767088231
SVR,2024,5.24274876,1.9549869550062233
SVR,2024,3.1833815,1.9868638165028414
SVR,2024,0.0,1.8416794154429224
SVR,2024,0.077723455,1.7541549131876217
SVR,2024,0.0,1.7369937452398037
SVR,2024,0.0,1.7214958160466058
SVR,2024,0.0,1.6306685312730376
SVR,2024,0.0,1.624096958451445
SVR,2024,0.0,1.6606961412091676
SVR,2024,1.8757136,1.5178483206658666
SVR,2024,3.508975,1.713920619377979
SVR,2024,4.94517381,1.9681297824888957
SVR,2024,4.003012879,1.7299262528646757
SVR,2024,4.214248204,1.9526104503249808
SVR,2024,5.14268157,3.176423429493246
SVR,2024,3.226711975,2.553196707925943
SVR,2024,3.969762906,2.4551818019236142
SVR,2024,3.822497225,1.9265686866134701
SVR,2024,4.16700448,2.6147085407131723
SVR,2024,5.488725255,2.4837059797363423
SVR,2024,7.505674108,2.6244601377461243
SVR,2024,5.96595545,2.591368275525533
SVR,2024,5.122097711,2.537068962937152
SVR,2024,7.155931885,2.6888977675626147
SVR,2024,4.95505628,2.697411991879939
SVR,2024,4.5028295,2.5305078376078236
SVR,2024,4.76646119,2.576515067667481
SVR,2024,4.79772271,2.514410725824514
SVR,2024,3.480909265,2.6007780131712113
SVR,2024,6.32573967,2.660782935867223
SVR,2024,5.813925572,2.858308969248939
SVR,2024,6.663346315,2.967651468481861
SVR,2024,6.62303558,3.142177104704997
SVR,2024,6.181965963,3.149552655252858
SVR,2024,4.758721105,3.4868009432848535
SVR,2024,4.796405865,3.8334689289373642
SVR,2024,2.94342935,2.8324755370926558
SVR,2024,2.4111765,2.3741212591259915
SVR,2024,5.606081906,4.444846265750581
SVR,2024,5.545769105,4.1425046146077245
SVR,2024,8.162941255,5.128566289754203
SVR,2024,5.4402873,5.176716353831696
SVR,2024,3.8777421,2.8207867499330064
SVR,2024,4.90848714,5.264714887836837
SVR,2024,3.91845236,4.888303505654457
SVR,2024,3.819070172,4.351392987436934
SVR,2024,2.530728275,3.8405627773363857
SVR,2024,0.993923773,1.0700780239332552
SVR,2024,2.673212215,2.7897653128900295
SVR,2024,2.298410794,2.2904343303487704
SVR,2024,2.250850735,2.169327653573136
SVR,2024,2.040274357,1.5090354255622578
SVR,2024,1.540475865,1.004462904549089
SVR,2024,1.42641264,0.9698499077925874
SVR,2024,0.778013765,1.774805147652692
SVR,2024,3.306405455,2.0987825244613445
SVR,2024,0.40697455,1.581660127417737
SVR,2024,0.41815775,1.4095803767412285
SVR,2024,0.965972935,1.8406890440332764
SVR,2024,1.76108355,1.5904071987228883
SVR,2024,2.494400185,2.5469726834417585
SVR,2024,1.339869015,2.0534323838815176
SVR,2024,1.033779505,2.521918554342659
SVR,2024,0.776706,1.729195634131096
SVR,2024,0.91637374,2.0460206084920465
SVR,2024,0.740375415,1.32687667563434
SVR,2024,1.00557136,1.5623106889648366
SVR,2024,0.642608528,1.2813638076525233
SVR,2024,0.395457322,1.1812165874377245
SVR,2024,0.653721511,1.0367029705207265
SVR,2024,0.460335323,1.042802962448191
SVR,2024,0.361279007,1.0549980703810853
SVR,2024,0.626390475,0.8526084757260199
SVR,2024,0.35416434,0.5926694143188761
SVR,2024,0.283155705,0.7727551431972725
SVR,2024,1.122832195,1.464783056978257
SVR,2024,1.986406735,1.359467372641871
SVR,2024,1.245590245,1.7795038514265955
SVR,2024,2.14359605,1.0410593333206808
SVR,2024,1.340396045,1.9523244322742528
SVR,2024,1.240626837,1.469778748582799
SVR,2024,0.610950093,1.4190939135235558
SVR,2024,0.635275189,1.312499674072241
SVR,2024,0.66735134,1.2295379575045464
SVR,2024,0.369478584,1.2022535651228548
SVR,2024,3.296159245,2.0164438829562714
SVR,2024,1.714135075,1.4133565264558552
SVR,2024,0.56233689,0.9421671932426555
SVR,2024,0.56161564,1.0500498484734764
SVR,2024,0.392669765,0.9265468228751045
SVR,2024,0.261556196,0.823955057189089
SVR,2024,0.919880455,1.98787843865488
SVR,2024,1.719864063,1.9486162961242814
SVR,2024,1.973440975,1.5445652854747425
SVR,2024,1.09311807,1.3468135606013416
SVR,2024,1.348059365,1.6253116950768085
SVR,2024,1.03749386,1.2188991350121643
SVR,2024,0.75140985,1.2055374728982613
SVR,2024,1.019636075,1.2318977391309707
SVR,2024,1.032126556,2.1702687326133985
SVR,2024,1.357975317,1.8296440242953107
SVR,2024,0.5079811,1.8347559085051637
SVR,2024,1.23769563,2.116858009534738
SVR,2024,3.33424847,2.0446218322282466
SVR,2024,2.056219685,1.5361855766085948
SVR,2024,2.40365686,1.8567881676645361
SVR,2024,1.601363487,2.121038631640743
SVR,2024,0.872093695,1.9006496935533712
SVR,2024,1.40989394,2.3474972137509544
SVR,2024,2.24510469,2.5231236116150595
SVR,2024,1.7844057,1.9337416207440363
SVR,2024,1.056294225,2.114916680702903
SVR,2024,2.09905232,3.2580020127118834
SVR,2024,1.990744645,2.4871867232315212
SVR,2024,2.07935285,1.9270514073110139
SVR,2024,1.046783775,2.194066168472528
SVR,2024,1.278376152,2.376008630057611
SVR,2024,2.211891302,2.250106308797421
SVR,2024,1.382114245,1.9467891049179924
SVR,2024,1.80819135,1.687425636308409
SVR,2024,1.455605787,1.3531128959109568
SVR,2024,1.442419456,1.2196764334582373
SVR,2024,1.1820481,0.7242347665925775
SVR,2024,0.86200995,0.6589043220178381
SVR,2024,0.401843906,0.4467024599697794
SVR,2024,0.349354666,0.4152953437671669
SVR,2024,0.572821403,0.6079820063298438
SVR,2024,0.46848943,0.6372812646076698
SVR,2024,0.533080832,0.5889384447249812
SVR,2024,0.510541538,0.5940385918232285
SVR,2024,0.347902291,0.7041359320840639
SVR,2024,1.771187198,1.3350025737269982
SVR,2024,2.14716282,0.8156171145033748
SVR,2024,0.666346023,0.702870650944414
SVR,2024,0.394010886,0.7871695357334105
SVR,2024,0.554257056,0.8000128751365624
SVR,2024,0.499552345,0.5753286912409492
SVR,2024,0.501145815,0.6892136237919744
SVR,2024,0.395356529,0.8770814775652295
SVR,2024,0.35302254,0.7007071100265452
SVR,2024,0.333825387,0.6818801265619528
SVR,2024,0.620293475,1.650663826701805
SVR,2024,1.491011694,1.5850648524711022
SVR,2024,1.40417766,1.4683924987567303
SVR,2024,0.839234681,1.058604803464342
SVR,2024,0.87483912,1.1715215806352695
SVR,2024,0.84609671,1.079207401549958
SVR,2024,0.647710798,1.0669381273535994
SVR,2024,0.836023015,1.1099253526027533
SVR,2024,0.95993075,1.0173975856221802
SVR,2024,0.617689991,0.8821571832438981
SVR,2024,0.739891584,1.074960314649491
SVR,2024,0.535885655,0.7915234352489214
SVR,2024,0.489388949,0.47119857437062385
SVR,2024,0.515887778,0.5486759855641429
SVR,2024,0.575941056,0.46613581508042257
SVR,2024,0.441934016,0.42808502752728717
SVR,2024,0.381992129,0.43174159270340084
SVR,2024,0.406150251,0.4294323293701
SVR,2024,0.378041125,0.3918269059211227
SVR,2024,0.340785467,0.4725065580929654
SVR,2024,0.234252363,0.3539116847301703
SVR,2024,0.324602792,0.42692329654122385
SVR,2024,0.286396445,0.3926993362190553
SVR,2024,0.226302679,0.4615646204361471
SVR,2024,0.261227907,0.40699413457924727
SVR,2024,0.305543125,0.39003026905116867
SVR,2024,0.28644973,0.38986710222526666
SVR,2024,1.396897331,1.1970766237052148
SVR,2024,0.868533475,0.6261155289100357
SVR,2024,0.024030435,0.7789145766973018
SVR,2024,0.343840358,0.6391704834679053
SVR,2024,0.410111576,0.7906660534768656
SVR,2024,0.51006273,0.7282404009620921
SVR,2024,0.38231617,0.6758518741387376
SVR,2024,0.334844765,0.6297928261938361
SVR,2024,0.451570305,0.5356954419612888
SVR,2024,0.398380528,0.4650394823409718
SVR,2024,0.25579783,0.40446552755501086
SVR,2024,0.559699926,0.36109489072128986
SVR,2024,1.00320008,0.5555261934797914
SVR,2024,0.318067503,0.4790042009572164
SVR,2024,0.303393484,0.4810164411131781
SVR,2024,0.385149779,0.42451429154593423
SVR,2024,0.295747604,0.3785717118492331
SVR,2024,0.307838805,0.3246988176291532
SVR,2024,0.25824059,0.33494244806976126
SVR,2024,0.314745175,0.6408039894678816
SVR,2024,0.017532875,1.3881454722378486
SVR,2024,1.202471875,1.0995134627351812
SVR,2024,0.362740872,1.1636367830737495
SVR,2024,0.27280071,1.0442134766262021
SVR,2024,0.649651325,0.9134128794495688
SVR,2024,1.4273491,1.3445515466671836
SVR,2024,0.36389314,1.0659509443143518
SVR,2024,0.569623866,0.9531195409801163
SVR,2024,0.429647724,1.0434491203169294
SVR,2024,0.374850217,0.9116025000570881
SVR,2024,0.750266835,0.7354504473038574
SVR,2024,0.544980575,0.6244854327740876
SVR,2024,0.247419452,0.3523366248525559
SVR,2024,0.111019499,0.4338115909675413
SVR,2024,0.035012153,0.4164037681232675
SVR,2024,0.033120812,0.334069040304912
SVR,2024,0.16148084,0.3422823473571929
SVR,2024,0.303399635,0.33298975970507527
SVR,2024,0.646305935,0.6184916067664948
SVR,2024,0.083730821,0.4292827772674249
SVR,2024,0.242388139,0.39116139053793286
SVR,2024,0.1989452,0.49974820943743126
SVR,2024,0.181979107,0.4770567124823797
SVR,2024,0.151763236,0.4037502815099806
SVR,2024,0.245011954,0.5361202886917442
SVR,2024,0.223813949,0.5015708060814656
SVR,2024,0.109434813,0.4483704768203445
SVR,2024,0.157575067,0.5094497557405542
SVR,2024,0.233459302,0.4660154269023862
SVR,2024,0.417797283,0.23210168008906418
SVR,2024,0.29615187,0.256572592406604
SVR,2024,0.271807804,0.26986842261490285
SVR,2024,0.120204197,0.23843520176397526
SVR,2024,0.105887516,0.28627795739123707
SVR,2024,0.087689577,0.239193757387564
SVR,2024,0.249385995,0.24075855401190427
SVR,2024,0.348595323,0.21395020057317804
SVR,2024,0.214798266,0.21037970836840436
SVR,2024,0.213887015,0.2658911895598637
SVR,2024,0.147089351,0.2658523820530039
SVR,2024,0.25956231,0.22695156141875938
SVR,2024,0.109757595,0.2707409113014597
SVR,2024,0.228224379,0.25055662670890033
SVR,2024,0.260349954,0.2549065679318724
SVR,2024,0.151558979,0.2376793480583217
SVR,2024,0.167117455,0.3143892346850242
SVR,2024,0.121062155,0.2391731858548839
SVR,2024,0.156311821,0.2695155355792781
SVR,2024,0.206290427,0.306489684968143
SVR,2024,0.427493047,0.2998176546092324
SVR,2024,0.669731265,0.32875119209761283
SVR,2024,0.318488713,0.2933734533059771
SVR,2024,0.159771163,0.22944072723368925
SVR,2024,0.282619749,0.33626213377730607
SVR,2024,0.21705464,0.3506007562826804
SVR,2024,0.233752774,0.3529331887223016
SVR,2024,0.058183608,0.4376604005826453
SVR,2024,0.30793159,0.3721210358071718
SVR,2024,0.457585499,0.3005559066890905
SVR,2024,0.139575575,0.3238442082758026
SVR,2024,0.222875136,0.35127698160018483
SVR,2024,0.021134138,0.12893318880361693
SVR,2024,0.331577089,0.2219356766675824
SVR,2024,0.23869725,0.3459555072185527
SVR,2024,0.112588244,0.15060279706558666
SVR,2024,0.130533974,0.1326708853216655
SVR,2024,0.084594239,0.07935693973666091
SVR,2024,0.082569405,0.21753583648590757
SVR,2024,0.008638274,0.17321465617466003
SVR,2024,0.299850978,0.15452015598107083
SVR,2024,0.630958094,0.16107648291959387
SVR,2024,0.22563563,0.10217821671101046
SVR,2024,0.222917447,0.2323384327892123
SVR,2024,0.227147409,0.3045517364301822
SVR,2024,0.138381826,0.3605101162841673
SVR,2024,0.249662687,0.3928980714060061
SVR,2024,0.16661527,0.34947362257202785
SVR,2024,0.244073491,0.40178428365663
SVR,2024,0.234848209,0.3550745737512091
SVR,2024,0.32348178,0.40680940788503983
SVR,2024,0.298699579,0.392322791843562
SVR,2024,0.239217346,0.36502142925792236
SVR,2024,0.314776516,0.4253729837626673
SVR,2024,0.350608014,0.4041567620112566
SVR,2024,0.377777136,0.4032339908680389
SVR,2024,0.197297453,0.35085739590498877
SVR,2024,0.475580935,1.6266667536332835
SVR,2024,0.766289635,0.6516917135443694
SVR,2024,1.207903272,0.983464612135472
SVR,2024,0.570801575,0.7215397375031665
SVR,2024,0.926138032,1.4107865621721642
SVR,2024,0.870658562,1.198769536929881
SVR,2024,0.37744559,0.7647765660722599
SVR,2024,1.27815403,1.2972390179342215
SVR,2024,1.171387176,1.306698250574146
SVR,2024,1.066188608,1.3576688046613539
SVR,2024,1.056239658,0.9097991028382776
SVR,2024,0.79533649,0.7788616864277959
SVR,2024,0.328102625,0.40978614971955163
SVR,2024,0.320588385,0.6935379865605407
SVR,2024,1.080701335,0.5649637924306097
SVR,2024,1.135285859,0.7646010727024986
SVR,2024,0.828071195,0.8142175480692826
SVR,2024,0.931246845,0.6032061307580463
SVR,2024,0.655398135,0.42834016652725404
SVR,2024,0.698021014,0.7079071764835292
SVR,2024,0.731259301,0.6919326807818451
SVR,2024,0.803437165,0.8373390940667321
SVR,2024,0.857268115,0.8796187616097666
SVR,2024,0.510983938,0.2692822216200641
SVR,2024,0.680408969,0.6005072552814497
SVR,2024,0.716023387,0.8898644703672914
SVR,2024,0.885918615,1.0086278101828043
SVR,2024,1.009114413,0.9337528425320674
SVR,2024,0.80357265,0.9328741216542777
SVR,2024,0.671657885,0.7846306571643552
SVR,2024,0.495476363,0.7574630330806192
SVR,2024,0.88319613,1.0421068607316115
SVR,2024,0.128079743,0.32471032608818795
SVR,2024,0.17259662,1.0213356824274753
SVR,2024,0.178467077,1.3447808111994777
SVR,2024,0.432577155,1.5509906846358135
SVR,2024,1.650188374,1.3294616938063426
SVR,2024,2.315021235,1.6030272240012744
SVR,2024,0.94111544,0.6380989658941172
SVR,2024,0.82061727,0.48310557285787314
SVR,2024,1.050773466,0.6371759438362281
SVR,2024,2.016475486,1.8593124145774151
SVR,2024,1.164879685,0.6964806537231683
SVR,2024,1.421762964,1.5776438762719098
SVR,2024,1.531948111,1.8907033961546456
SVR,2024,1.306866243,1.6281801156965356
SVR,2024,1.853007532,1.7872724600166976
SVR,2024,1.574693648,1.864335742928307
SVR,2024,1.420010357,1.4520163850013192
SVR,2024,0.574793496,0.3470004194054619
SVR,2024,1.012611274,0.3867167959822766
SVR,2024,1.027579285,1.132884334939299
SVR,2024,0.026842795,1.547740328108394
SVR,2024,1.217497269,1.2840712255869202
SVR,2024,1.610213021,1.099216654302636
SVR,2024,1.608430493,1.8548343033572168
SVR,2024,2.079770353,1.8666298384031315
SVR,2024,2.854534012,3.187096836739875
SVR,2024,2.344945589,1.9244155104009337
SVR,2024,2.222337755,0.7314653097042689
SVR,2024,3.277970681,1.9575945249866695
SVR,2024,1.931933528,1.7489084801317907
SVR,2024,2.513514105,1.9262370908311532
SVR,2024,2.099554275,2.147007761242139
SVR,2024,2.332568413,2.227003626376363
SVR,2024,3.142947913,2.5654334084046386
SVR,2024,2.777870685,2.9827035115620113
SVR,2024,3.51069838,3.358878609041515
SVR,2024,4.031417687,2.6591780654707406
SVR,2024,3.620449395,1.7045036162416842
SVR,2024,3.346055079,1.6979129563228081
SVR,2024,1.1537543,1.4133473516372606
SVR,2024,0.738011893,1.4160126750624609
SVR,2024,0.41993327,1.5680496302736193
SVR,2024,3.140760118,1.7831131870587542
SVR,2024,3.162918368,2.0871000837746854
SVR,2024,3.523922965,2.024126852462724
SVR,2024,4.186992745,2.0186994607821642
SVR,2024,3.31701179,2.2093016175433116
SVR,2024,4.881395135,2.3309330413681293
SVR,2024,2.344412516,1.917241634254652
SVR,2024,3.564643408,1.9894790869462544
SVR,2024,4.818951075,1.898862200876709
SVR,2024,5.90189766,1.9032510858280989
SVR,2024,4.780154158,2.0711023126386827
SVR,2024,4.7624445,1.870980654469974
SVR,2024,5.38151635,1.7702817575636294
SVR,2024,4.546663413,1.7816617667023835
SVR,2024,5.45469042,1.754129829953618
SVR,2024,5.274593555,1.7262566508173371
SVR,2024,5.45394542,1.7384558159964734
SVR,2024,4.429813845,1.7163448349368324
SVR,2024,2.638139695,1.6432101864905322
SVR,2024,2.715028999,1.6381842734033762
SVR,2024,4.068461958,1.6513569914027213
SVR,2024,1.535774338,1.5996717634650226
SVR,2024,4.29159902,1.6585691373074625
SVR,2024,4.835781145,1.7808830235055848
SVR,2024,4.059299482,1.6301194766270046
SVR,2024,4.681146561,1.6845994103836608
SVR,2024,5.57469287,2.1860174582642147
SVR,2024,3.719147265,1.8284475059887568
SVR,2024,4.411702455,1.8018560241134285
SVR,2024,5.1787683,1.8253987285740143
SVR,2024,4.111398845,1.9612677403524894
SVR,2024,5.794922265,1.922921203236053
SVR,2024,7.99164645,1.9461534743351645
SVR,2024,6.13419845,2.0429578507541226
SVR,2024,5.435116225,1.8923719145989026
SVR,2024,6.960790255,2.004874948398227
SVR,2024,5.144084987,2.0573156428477497
SVR,2024,5.02586572,1.8925514148430014
SVR,2024,5.135289808,2.1148388355770598
SVR,2024,4.889634195,2.1116381341441173
SVR,2024,3.714662752,2.0643192188277513
SVR,2024,6.49888555,2.145878058237618
SVR,2024,5.166314082,2.3191689830350275
SVR,2024,6.17205969,2.4248573237703552
SVR,2024,5.870667565,2.6147008349497844
SVR,2024,5.49538452,2.712127392672033
SVR,2024,4.91802873,3.0677756686234363
SVR,2024,4.900934395,3.4021632233697954
SVR,2024,3.470683373,2.7862085743119405
SVR,2024,2.57431736,2.3045514722183698
SVR,2024,5.51229507,4.215893793472469
SVR,2024,0.03388125,3.945078227863812
SVR,2024,1.851959825,4.125356894523733
SVR,2024,1.22785898,1.1804711087889685
SVR,2024,2.9732303,3.1041185738528627
SVR,2024,2.45569578,2.7014049543456196
SVR,2024,2.585697152,2.5808713973705792
SVR,2024,2.200981013,1.895592647900565
SVR,2024,2.116986705,1.227058742279881
SVR,2024,1.730309347,1.0868557322440826
SVR,2024,1.39124233,1.8120067515819809
SVR,2024,3.73626245,2.19195495661885
SVR,2024,1.842726125,1.6089561037236484
SVR,2024,1.2180058,1.4108124862511893
SVR,2024,1.10968825,1.8258930148571113
SVR,2024,0.28805474,1.5824389163584451
SVR,2024,2.20317398,2.4878127764263134
SVR,2024,1.404901865,1.9867500132780935
SVR,2024,1.098338823,2.416385338020232
SVR,2024,0.81480169,1.6737269917706623
SVR,2024,0.997234217,1.9949357679941293
SVR,2024,1.14030625,1.3123178844274492
SVR,2024,0.939267458,1.566104521097877
SVR,2024,0.820533389,1.312797755147739
SVR,2024,0.603344443,1.2240605651849668
SVR,2024,1.167660803,1.0961052653261643
SVR,2024,0.7366104,1.0872865814031416
SVR,2024,0.456409902,1.1241662007044713
SVR,2024,0.738420908,0.8711628538779945
SVR,2024,0.52024905,0.6315649459606981
SVR,2024,0.373290071,0.8311660212406238
SVR,2024,0.562952334,1.5593426254041474
SVR,2024,2.412249615,1.5745427390512041
SVR,2024,2.10159728,1.9913717417187744
SVR,2024,1.836889762,1.1361749027089358
SVR,2024,1.246137795,2.2785422345075963
SVR,2024,1.51236523,1.6906255877801488
SVR,2024,0.7331657,1.5037451076890744
SVR,2024,0.89097909,1.3587610096177354
SVR,2024,0.92802853,1.1846397294279383
SVR,2024,0.550921638,1.1858867919384932
SVR,2024,1.671514741,2.102735052406203
SVR,2024,2.4209571,1.445691605734154
SVR,2024,0.854370325,0.8999789342873296
SVR,2024,1.055002765,0.9773461796184855
SVR,2024,0.803367445,0.853169919801702
SVR,2024,0.424140477,0.7935064518035175
SVR,2024,1.255386054,2.051332585039165
SVR,2024,1.805668899,2.0800447569465326
SVR,2024,1.91375778,1.6022383591634581
SVR,2024,1.31386105,1.3633737432791917
SVR,2024,1.187712365,1.7084957352069523
SVR,2024,0.808487415,1.2564157999716628
SVR,2024,0.613153743,1.1652687467403846
SVR,2024,0.794022524,1.191553587529833
SVR,2024,0.98395797,2.299350899832337
SVR,2024,1.36061118,1.9216251403874556
SVR,2024,0.378951589,1.9149769369897849
SVR,2024,0.721967027,2.1933131756975097
SVR,2024,3.454692925,2.121105587298731
SVR,2024,1.97192811,1.5121741857153879
SVR,2024,2.319108895,1.9028832999320038
SVR,2024,1.94949574,2.1959785758248502
SVR,2024,0.851726493,1.9558004443985557
SVR,2024,1.318884755,2.39475216219206
SVR,2024,2.52381182,2.583261165011565
SVR,2024,1.564141925,1.9453251634075914
SVR,2024,1.21140299,2.1279528694217076
SVR,2024,1.9869622,3.2996431133337616
SVR,2024,2.122808635,2.507002874015414
SVR,2024,1.908430875,1.9349487089654747
SVR,2024,1.058515081,2.200296921946994
SVR,2024,1.139474837,2.4050594656745483
SVR,2024,1.88982097,2.2676449122399966
SVR,2024,1.175816005,1.9525564201975625
SVR,2024,1.48675524,1.6965141708090172
SVR,2024,1.162294695,1.3547447467479932
SVR,2024,1.36587062,1.2136964013190963
SVR,2024,1.58822609,0.6929213633316732
SVR,2024,1.248003435,0.6094609384266754
SVR,2024,0.750180751,0.40017574737833705
SVR,2024,0.486859641,0.36288977222415364
SVR,2024,0.67759434,0.5486404593294033
SVR,2024,0.6124148,0.5878852486778114
SVR,2024,0.710040951,0.522526546256189
SVR,2024,0.875721812,0.537707353406124
SVR,2024,0.586516628,0.6305616433012113
SVR,2024,1.560968375,1.2966655907583784
SVR,2024,2.46637732,0.7441827511955538
SVR,2024,0.90377639,0.6135445201320959
SVR,2024,0.411244097,0.7006003163995839
SVR,2024,0.559473321,0.7090292421283038
SVR,2024,0.58472275,0.5036088324370981
SVR,2024,0.733963536,0.596609299095178
SVR,2024,0.524765925,0.7971338204983195
SVR,2024,0.544621005,0.6142943120694161
SVR,2024,0.399023289,0.5995171906699539
SVR,2024,0.560466225,1.643565852082796
SVR,2024,1.522747155,1.5981356446063284
SVR,2024,1.566176103,1.488185541552413
SVR,2024,1.077929446,1.0284793567299666
SVR,2024,0.078373645,1.138978481267989
SVR,2024,0.7380193,0.9445064983307647
SVR,2024,0.655079425,0.8325456825126549
SVR,2024,0.770879099,1.0546547180244583
SVR,2024,0.596946855,0.7306737353852846
SVR,2024,0.481792681,0.41341641005694785
SVR,2024,0.5663198,0.4564636976484192
SVR,2024,0.628019029,0.3827390885727072
SVR,2024,0.497431281,0.36865362352317643
SVR,2024,0.450372448,0.35221504715031593
SVR,2024,0.466657946,0.3572228502409416
SVR,2024,0.41963192,0.29060946234118246
SVR,2024,0.372404863,0.3409950406422596
SVR,2024,0.270375955,0.31181459829435654
SVR,2024,0.362999779,0.34340672015462625
SVR,2024,0.29919034,0.3366240888704046
SVR,2024,0.277974051,0.4006250455013879
SVR,2024,0.299048655,0.3476397093694866
SVR,2024,0.389264781,0.33516271119547514
SVR,2024,0.375828892,0.33487310084111954
SVR,2024,0.604053989,1.1359432126439621
SVR,2024,0.75571132,0.578002445204509
SVR,2024,1.045659057,0.6791027695506346
SVR,2024,0.70495089,0.598788951764319
SVR,2024,0.624830785,0.5719129876657029
SVR,2024,0.415016196,0.7185463495587878
SVR,2024,0.596354351,0.6781969137750128
SVR,2024,0.407427144,0.6376509439964808
SVR,2024,0.340758135,0.5843562202710514
SVR,2024,0.457843365,0.5087590291193288
SVR,2024,0.388620458,0.4523023997841137
SVR,2024,0.31553867,0.31941947806806525
SVR,2024,0.503283342,0.3389113670588262
SVR,2024,0.930316153,0.49946270433349904
SVR,2024,0.29113376,0.41950302832020625
SVR,2024,0.276240676,0.42468445827870493
SVR,2024,0.316672219,0.3596113153993791
SVR,2024,0.247185143,0.319690013052796
SVR,2024,0.402509548,0.2915411841979745
SVR,2024,0.791064807,0.2930778567693023
SVR,2024,0.230336621,0.5528214567183473
SVR,2024,0.34197097,1.4834696684763167
SVR,2024,0.17384028,1.0571114535451753
SVR,2024,0.385487125,1.2432766321651567
SVR,2024,0.339322584,1.1340527557932876
SVR,2024,0.814541956,1.0223201794736074
SVR,2024,2.275549369,1.3993407851209443
SVR,2024,0.477029264,1.1193332910892277
SVR,2024,0.684015334,0.9953396787548594
SVR,2024,0.44274929,1.0830931955597551
SVR,2024,0.49702025,0.9616859197535883
SVR,2024,0.81133404,0.7642237900638216
SVR,2024,0.795723293,0.5912537918405925
SVR,2024,0.375039799,0.30706038703713867
SVR,2024,0.303130125,0.3954605617129059
SVR,2024,0.351845056,0.3711017282757253
SVR,2024,0.280167075,0.2931316805075703
SVR,2024,0.32299006,0.2835528531324576
SVR,2024,0.315608686,0.3062311425076987
SVR,2024,0.306985355,0.2941533024599895
SVR,2024,1.135527138,0.561376500987465
SVR,2024,0.481975515,0.4119266141281934
SVR,2024,0.396580609,0.3734192634831517
SVR,2024,0.347666386,0.46198474384553756
SVR,2024,0.28236014,0.4432785646732521
SVR,2024,0.242341379,0.3812414078231555
SVR,2024,0.334391685,0.4900350190603949
SVR,2024,0.311758244,0.4622637543664855
SVR,2024,0.234063687,0.4266896779697231
SVR,2024,0.334790954,0.4768802645762754
SVR,2024,0.315053096,0.435476316122698
SVR,2024,0.376482726,0.19327352451284052
SVR,2024,0.315132344,0.2330883686267946
SVR,2024,0.386991801,0.23946950344846918
SVR,2024,0.196962172,0.1936644746473849
SVR,2024,0.237806796,0.2476160342060887
SVR,2024,0.171164321,0.21549326025437787
SVR,2024,0.343662985,0.19566880333066228
SVR,2024,0.306877356,0.17340595953923676
SVR,2024,0.245090402,0.16123253910412316
SVR,2024,0.188992576,0.2445698149072294
SVR,2024,0.305653718,0.23447808195253905
SVR,2024,0.238148878,0.1838956024989412
SVR,2024,0.188338428,0.24140059852646145
SVR,2024,0.237514258,0.21204152525295483
SVR,2024,0.22106636,0.22342628128949205
SVR,2024,0.118822316,0.20687387733492202
SVR,2024,0.183371672,0.27312022397224855
SVR,2024,0.261714953,0.22899352104163206
SVR,2024,0.285046865,0.24633847757582006
SVR,2024,0.01847852,0.2729565271900689
SVR,2024,0.087551465,0.2772296105012454
SVR,2024,0.785739025,0.2955051095499638
SVR,2024,0.390055325,0.26454217383913525
SVR,2024,0.250110315,0.21294314468405962
SVR,2025,0.08224861,0.2181172947688621
SVR,2025,0.048223179,0.24987200595306935
SVR,2025,0.028953981,0.21677032065504687
SVR,2025,0.058691635,0.3053568076640818
SVR,2025,0.030942189,0.17576181488031228
SVR,2025,0.054348178,0.14565891374830453
SVR,2025,0.41144399,0.1035902914823289
SVR,2025,0.291723651,0.19410996274159475
SVR,2025,0.461749174,0.1967247828218085
SVR,2025,0.663533475,0.2928560238197804
SVR,2025,0.343829637,0.2883069816759857
SVR,2025,0.366702309,0.21820078890176775
SVR,2025,0.32412587,0.19863066120938244
SVR,2025,0.345962769,0.26890367629395506
SVR,2025,0.354846587,0.3163711547602951
SVR,2025,0.338975547,0.28739522730665457
SVR,2025,0.194469034,0.1199640642268226
SVR,2025,0.139966177,0.10004118217059155
SVR,2025,0.185047415,0.040118553103567045
SVR,2025,0.24745964,0.09495565842203169
SVR,2025,0.433443165,0.22673043714748065
SVR,2025,0.397870386,0.1803572092408614
SVR,2025,0.334408625,0.22641232715272241
SVR,2025,0.303213732,0.23058732524551162
SVR,2025,0.093616913,0.21219472197583256
SVR,2025,0.433037166,0.22743784036961323
SVR,2025,0.259016626,0.29290410997164973
SVR,2025,0.200489747,0.31153091938756994
SVR,2025,0.564672773,0.44735539002422997
SVR,2025,0.5029736,0.31049539871189946
SVR,2025,0.352487869,0.28683980042920254
SVR,2025,0.348394524,0.3517778401406474
SVR,2025,0.23067949,0.2174562736915182
SVR,2025,0.279494445,0.18870192921941942
SVR,2025,0.199272633,0.28206187571299424
SVR,2025,0.217174898,0.3716409133386471
SVR,2025,0.14180612,0.3721824734231335
SVR,2025,0.2601675,0.32336253381910796
SVR,2025,0.181156202,0.30060376198882344
SVR,2025,0.105828445,0.21755466021726744
SVR,2025,0.113169255,0.24693813010969012
SVR,2025,0.027111199,0.035942431425554755
SVR,2025,0.45183291,0.04792481898908352
SVR,2025,0.302369986,0.3997884583992033
SVR,2025,0.33821476,0.211635767426817
SVR,2025,0.532793627,0.35090145436087883
SVR,2025,0.139156341,0.1401599972600902
SVR,2025,0.140553965,0.07320257666802288
SVR,2025,0.165352132,0.11252486277737339
SVR,2025,0.115826361,0.0805018954006238
SVR,2025,0.49248534,0.5590128707226315
SVR,2025,0.708603418,0.8490618581042111
SVR,2025,0.870740695,0.7948427944458725
SVR,2025,1.172908367,0.6257610742686148
SVR,2025,0.872049248,0.4128098687695122
SVR,2025,0.361986618,0.48610469304873427
SVR,2025,0.437885815,0.4161480095539656
SVR,2025,0.578866624,0.42405325350808076
SVR,2025,0.293622353,0.47079419582189175
SVR,2025,0.320602978,0.47976252100052885
SVR,2025,0.47849503,0.5178530142576443
SVR,2025,1.95945332,0.46712401971456063
SVR,2025,0.333949519,0.6106539526362589
SVR,2025,0.51483884,0.562200402788695
SVR,2025,0.242908042,0.28411423567087535
SVR,2025,0.340599578,0.7248919541728747
SVR,2025,0.569412693,0.5671430635584617
SVR,2025,0.8539885,0.48626283925802194
SVR,2025,0.630920595,0.5000677448058525
SVR,2025,0.687311143,0.4714408842735961
SVR,2025,0.622117985,0.4874604128555936
SVR,2025,1.50578959,0.8800363935382199
SVR,2025,0.691716644,0.6996938950597634
SVR,2025,0.803773197,0.7755110652649087
SVR,2025,0.804657665,0.5400924371799373
SVR,2025,1.027503275,0.8827030179254787
SVR,2025,1.765376019,0.937888180799785
SVR,2025,0.791510298,0.6699960800191702
SVR,2025,1.018271244,0.5736302411079378
SVR,2025,0.821133185,0.6471811460872473
SVR,2025,0.81923559,0.7166092869861449
SVR,2025,0.677729055,0.6321975828543541
SVR,2025,0.648767513,0.539676974879198
SVR,2025,0.713846975,0.5300134622520364
SVR,2025,0.826679739,0.489764055827393
SVR,2025,0.912268215,0.40080092655830335
SVR,2025,1.50899725,0.6352868265940843
SVR,2025,1.151214358,0.8339082272259446
SVR,2025,1.645119487,1.3359894857965702
SVR,2025,0.918879188,0.7973105892855068
SVR,2025,1.45505258,1.3304189697429967
SVR,2025,0.152921644,0.6079340842465286
SVR,2025,1.003724905,0.6660493190676138
SVR,2025,0.52312625,1.715956474298692
SVR,2025,1.024302746,1.6209237202908082
SVR,2025,0.817870424,1.5904881621577576
SVR,2025,1.20890644,0.9421256720404577
SVR,2025,1.516338995,1.7337527782595143
SVR,2025,0.844015111,0.7848292933119227
SVR,2025,1.023882895,0.5916451221400789
SVR,2025,1.022733795,0.5150021252593592
SVR,2025,2.24615095,0.6870143881941334
SVR,2025,1.40705572,1.0908625993568903
SVR,2025,0.87692385,0.5209415119879747
SVR,2025,0.959393105,0.5566225910119994
SVR,2025,0.781290829,0.5877488645994832
SVR,2025,0.54368178,0.27925973758974865
SVR,2025,0.320191445,0.5254515319409756
SVR,2025,0.839112996,0.7686008405607637
SVR,2025,0.756697193,0.48008750149863144
SVR,2025,0.748498375,0.5396603585487298
SVR,2025,0.296513007,0.5145651322868061
SVR,2025,0.388609675,0.44312316059461954
SVR,2025,0.880665695,0.4291684868587039
SVR,2025,1.69744658,0.5485771121116645
SVR,2025,1.21088347,0.9062870826760836
SVR,2025,0.93954823,0.678435630406296
SVR,2025,0.645459633,0.9783664738691316
SVR,2025,1.050662134,1.000102703570152
SVR,2025,1.768450278,0.9199092957320045
SVR,2025,1.036563389,0.802603627496377
SVR,2025,0.718091525,0.5193411822637332
SVR,2025,0.668380788,0.9775205426556018
SVR,2025,0.47195189,0.536841783209341
SVR,2025,0.856912229,1.0370132832329442
SVR,2025,1.617146246,1.2402747358140012
SVR,2025,0.871765948,1.2981241174929454
SVR,2025,0.808727258,1.0245232266701785
SVR,2025,0.809222785,0.5949987051548358
SVR,2025,0.99225085,0.7023653774256353
SVR,2025,0.772050945,0.5832341683667561
SVR,2025,0.885825196,0.5955835647640939
SVR,2025,1.14680652,2.0434515549577585
SVR,2025,2.428444839,0.9859514541330564
SVR,2025,0.820501657,0.6143320101841481
SVR,2025,0.747641034,0.5884009902123308
SVR,2025,0.77714841,0.8976735270678041
SVR,2025,0.779269375,0.7927971156701266
SVR,2025,0.626774299,0.5526523185788741
SVR,2025,0.389058713,0.7383439948601345
SVR,2025,0.524699619,1.7730297450004757
SVR,2025,1.244058552,1.0920979870540466
SVR,2025,1.350873465,1.640101630222548
SVR,2025,2.055918156,1.3038764671254917
SVR,2025,1.706495615,1.7023073197522693
SVR,2025,1.50126843,1.1600033671665353
SVR,2025,1.459676835,2.384786427285755
SVR,2025,1.98991859,1.9941064375173463
SVR,2025,1.289592716,1.2588347714546642
SVR,2025,1.548870785,1.1497974234657935
SVR,2025,1.38174534,2.5981041087421533
SVR,2025,2.259677124,1.6568678397631271
SVR,2025,1.775214445,1.4762101954270594
SVR,2025,1.692614995,2.0090464217165107
SVR,2025,1.224558135,1.7898979867773228
SVR,2025,3.044168979,2.402825011098998
SVR,2025,1.291003769,1.8761764102336578
SVR,2025,1.990303511,1.871994873953705
SVR,2025,1.944002128,1.4213371321083983
SVR,2025,2.0261328,1.0933654408079978
SVR,2025,1.706274577,1.9821814043297667
SVR,2025,3.30724575,2.1770034254745236
SVR,2025,2.98906105,0.8943101062692952
SVR,2025,2.698089712,1.0615923102212628
SVR,2025,1.938683445,1.2300542570319963
SVR,2025,2.317540195,2.599041401393362
SVR,2025,2.705741765,3.097377205541117
SVR,2025,2.90036435,1.6395114550998322
SVR,2025,3.60561555,1.588713056414091
SVR,2025,2.9538933,1.7647887010258587
SVR,2025,2.491064115,1.7157599435457636
SVR,2025,1.048741255,2.6517287168364083
SVR,2025,1.329055604,1.950776366772546
SVR,2025,1.9691823,1.958652385646423
SVR,2025,2.91312736,3.079799148983172
SVR,2025,2.943710378,2.522873842838522
SVR,2025,2.8081742,1.0448527492975508
SVR,2025,1.705800807,1.4421544892240414
SVR,2025,1.49008689,1.6323437312663258
SVR,2025,2.52334187,1.8687456021352236
SVR,2025,3.201167895,1.83399080159198
SVR,2025,2.243513395,1.6608599255855432
SVR,2025,2.055822247,2.0155863375621954
SVR,2025,2.4553595,2.136019672134655
SVR,2025,3.923582375,1.43432128829147
SVR,2025,3.94503226,2.7809678114915597
SVR,2025,4.314890245,3.170218819383971
SVR,2025,4.4122035,2.4248031312564278
SVR,2025,5.311933,1.9730909105502041
SVR,2025,2.79148785,3.1737295810567567
SVR,2025,4.35940534,2.9454962170474395
SVR,2025,4.817382865,3.739886553000064
SVR,2025,2.103087975,2.0111906993569675
SVR,2025,2.66109861,3.261487806235416
SVR,2025,4.3767251,4.145246343110569
SVR,2025,4.079312905,4.13688987977795
SVR,2025,5.3224253,3.6943811481121926
SVR,2025,4.964544085,4.3868711818043575
SVR,2025,5.29458435,3.8397689197772507
SVR,2025,2.677136386,2.4944252219002836
SVR,2025,4.1321928,4.648557627338882
SVR,2025,4.478253745,4.431905017865824
SVR,2025,5.294924463,4.320261216944652
SVR,2025,5.222444544,4.12671791099859
SVR,2025,4.48999396,3.8303309848617793
SVR,2025,3.065168296,3.3440012402546633
SVR,2025,3.29459867,2.4047735232856704
SVR,2025,3.59844339,2.615841154915973
SVR,2025,3.37349979,3.317159273667443
SVR,2025,4.06409982,4.256694096111486
SVR,2025,5.388632556,4.531743345051991
SVR,2025,5.075302765,3.8809160572848413
SVR,2025,4.07004953,4.132393642253557
SVR,2025,4.35688851,3.857236132400602
SVR,2025,4.497320643,3.669817079369876
SVR,2025,3.835319505,2.7442896530949588
SVR,2025,3.174289345,3.113039457042378
SVR,2025,2.708149421,3.044753927951694
SVR,2025,3.905583788,4.5622289222645325
SVR,2025,3.990555395,4.519649187486782
SVR,2025,5.64021625,4.254565670174305
SVR,2025,5.44659696,3.8095497809362864
SVR,2025,4.664333465,3.578358173646221
SVR,2025,4.042566445,3.9768281019943483
SVR,2025,5.90965443,4.180813955091933
SVR,2025,4.788890185,4.0527553281850395
SVR,2025,4.95217305,4.345941921682966
SVR,2025,5.183355695,4.196079591486196
SVR,2025,5.4970692,3.996651733777259
SVR,2025,2.81341297,2.3853925448597977
SVR,2025,2.09724414,2.1040895834525517
SVR,2025,1.03598787,1.7441639686415977
SVR,2025,1.31331041,1.6488656973480507
SVR,2025,2.744267131,2.557341974392246
SVR,2025,2.745083765,2.575872504079735
SVR,2025,2.86350672,2.7939897413321324
SVR,2025,3.934465115,3.771770862845126
SVR,2025,2.57719792,2.4635455371842303
SVR,2025,4.184556039,3.7558972418342065
SVR,2025,0.0,3.842173622072988
SVR,2025,0.320812397,0.21680666953492878
SVR,2025,0.110695141,0.24571100946311497
SVR,2025,0.267303375,0.21577245246547228
SVR,2025,0.026741,0.30719092781727286
SVR,2025,0.291978537,0.16062788998235478
SVR,2025,0.18960101,0.14765468984169638
SVR,2025,0.06689323,0.11583722378596173
SVR,2025,0.392571069,0.20320710333225878
SVR,2025,0.367805277,0.2085753781960311
SVR,2025,0.731517887,0.30204248619010854
SVR,2025,0.436136604,0.2975349304884145
SVR,2025,0.451920754,0.2303713719882009
SVR,2025,0.520307965,0.20856238364231128
SVR,2025,0.54926001,0.28085689981859574
SVR,2025,0.507743205,0.3308888578853657
SVR,2025,0.457675339,0.28491319539342563
SVR,2025,0.148808238,0.12942696275547994
SVR,2025,0.075448965,0.11346442331380313
SVR,2025,0.131295801,0.05811594738917303
SVR,2025,0.093216003,0.09358998605162094
SVR,2025,0.590513775,0.22536862972297533
SVR,2025,0.18525277,0.19235133377573554
SVR,2025,0.337109054,0.22360321762745805
SVR,2025,0.317447835,0.2258480696262558
SVR,2025,0.47530729,0.2121949919626701
SVR,2025,0.717497176,0.2631529119630892
SVR,2025,0.520571075,0.33137725341079716
SVR,2025,0.344247296,0.32369151681840325
SVR,2025,0.521305344,0.4105875764212309
SVR,2025,0.673135063,0.31565226724442885
SVR,2025,0.379611086,0.28840872808962414
SVR,2025,0.314654904,0.3488968993632303
SVR,2025,0.225121929,0.2221715386918789
SVR,2025,0.225812065,0.19428554420875188
SVR,2025,0.35775442,0.29041042344995394
SVR,2025,0.399941615,0.37608450609100796
SVR,2025,0.23085371,0.3682936656086748
SVR,2025,0.33587806,0.333144922990088
SVR,2025,0.252976224,0.3108340175506228
SVR,2025,0.272835726,0.22361246872052698
SVR,2025,0.151649875,0.24483463490818191
SVR,2025,0.162695021,0.03573417007357871
SVR,2025,0.384086904,0.042258298892308144
SVR,2025,0.533199954,0.41807440372917315
SVR,2025,0.262624395,0.1976806380246865
SVR,2025,0.488464419,0.36408901194515464
SVR,2025,0.312487064,0.10294914679007905
SVR,2025,0.13339059,0.03312545604334627
SVR,2025,0.160763006,0.0075759388579395015
SVR,2025,0.019018781,-0.01853020288240148
SVR,2025,0.613475018,0.41525822383567934
SVR,2025,0.927826449,0.7423064853522787
SVR,2025,1.065203587,0.7294596802803217
SVR,2025,1.081506251,0.6028270189832592
SVR,2025,0.820437822,0.41194087317448325
SVR,2025,0.457281512,0.48973641588067207
SVR,2025,0.559782562,0.4103734234564782
SVR,2025,0.06719971,0.4174448550040796
SVR,2025,0.57951465,0.5252066160902005
SVR,2025,0.867953672,0.4824198917522029
SVR,2025,0.726898445,0.390574396994566
SVR,2025,0.87577232,0.6495064984450406
SVR,2025,1.052059415,0.8376402297938741
SVR,2025,1.389903944,1.3132518733514498
SVR,2025,0.796422668,0.7813248692023631
SVR,2025,1.422194961,1.29274318470858
SVR,2025,0.520115266,0.6063813517563512
SVR,2025,0.933899848,0.6965063358149481
SVR,2025,0.980213053,1.8171754569949186
SVR,2025,1.015394129,1.722809143690451
SVR,2025,0.904045976,1.6934703735250438
SVR,2025,1.167172255,1.0424014416787792
SVR,2025,1.420729155,1.8457527981601802
SVR,2025,0.864971665,0.8615804497105268
SVR,2025,1.199584714,0.6808572213337982
SVR,2025,1.142588175,0.6083849941472312
SVR,2025,0.9131797,0.8198007692799572
SVR,2025,1.334276757,1.1723699038212512
SVR,2025,0.904227543,0.617704148920941
SVR,2025,0.938501045,0.6581877207634248
SVR,2025,0.648616415,0.683730403705638
SVR,2025,0.476859285,0.28462146149398704
SVR,2025,0.600342458,0.542400937707259
SVR,2025,0.71424929,0.8199725935014235
SVR,2025,0.78836491,0.5295568548694211
SVR,2025,0.664305621,0.5681804383609891
SVR,2025,0.2888001,0.5036232920467985
SVR,2025,0.38489962,0.4187464753556559
SVR,2025,0.682762795,0.4111177047223262
SVR,2025,1.160810015,0.5137468680186258
SVR,2025,1.35603972,0.9111765447468925
SVR,2025,0.751782926,0.666427676579312
SVR,2025,0.677837584,0.9888565415585115
SVR,2025,0.742115061,0.9822023185629799
SVR,2025,1.392965751,0.9248867302585558
SVR,2025,0.784206339,0.836657300361437
SVR,2025,0.586090599,0.5440203451866267
SVR,2025,0.468804827,1.011670892059628
SVR,2025,0.44618729,0.5276804115577085
SVR,2025,0.779014665,0.9853960301570819
SVR,2025,1.723548957,1.2177075687174965
SVR,2025,1.142969993,1.3164234500012126
SVR,2025,0.784774494,1.0410315544571116
SVR,2025,0.932721615,0.5901993269883057
SVR,2025,0.96800179,0.6971831893087413
SVR,2025,0.637710303,0.5641936723076186
SVR,2025,0.706104649,0.592638469204258
SVR,2025,1.071435271,2.040860555186501
SVR,2025,1.848391218,0.9624018531976251
SVR,2025,0.762112749,0.6188405378923839
SVR,2025,0.627183499,0.5913995479790547
SVR,2025,0.593357117,0.9131770597748157
SVR,2025,0.714394146,0.8098213271423893
SVR,2025,0.593946596,0.5727554518647039
SVR,2025,0.406024465,0.7665675879043283
SVR,2025,0.51990924,1.785235713762219
SVR,2025,0.63686087,1.0758382401185618
SVR,2025,1.00682722,1.640529305318215
SVR,2025,1.48644481,1.3037762091284624
SVR,2025,1.187520679,1.69154440134253
SVR,2025,1.18796587,1.1527589820099424
SVR,2025,0.702555898,2.3633458438784
SVR,2025,1.54251927,1.9756104752109134
SVR,2025,1.049049884,1.2506045607290317
SVR,2025,1.544915255,1.1457000712163496
SVR,2025,1.08089005,2.606056013826069
SVR,2025,1.773628545,1.653538577847474
SVR,2025,1.429427685,1.5516831600026586
SVR,2025,1.527963477,2.0151978949616263
SVR,2025,1.171376335,1.8323289216852636
SVR,2025,3.25679314,2.609071082826013
SVR,2025,1.332994357,2.0628897666404864
SVR,2025,1.707227258,2.0751316964923276
SVR,2025,1.784677597,1.5711195664555357
SVR,2025,2.1170461,1.156422969811006
SVR,2025,1.84272124,2.202837807852406
SVR,2025,2.49663905,2.2962785013741707
SVR,2025,1.9700781,0.9142719345823115
SVR,2025,1.872439835,1.0616352115775451
SVR,2025,1.27326784,1.2062352630919677
SVR,2025,2.025534581,2.5777486917570887
SVR,2025,2.912338085,2.9988539915291734
SVR,2025,2.83537793,1.587916204626242
SVR,2025,3.247653085,1.5412986376092892
SVR,2025,2.459352955,1.7247726354719188
SVR,2025,1.70993285,1.6500608788410562
SVR,2025,0.835658305,2.5298033429642848
SVR,2025,0.920672915,1.9316730967402291
SVR,2025,1.97995345,1.8425413839209503
SVR,2025,2.915735555,2.8804688532857217
SVR,2025,2.70794507,2.2936745431689554
SVR,2025,2.12669175,0.8366733686296548
SVR,2025,1.45179606,1.139027792129083
SVR,2025,1.087796685,1.2961637481803312
SVR,2025,1.935607522,1.3049591103375024
SVR,2025,1.768931715,1.2150894409906225
SVR,2025,1.106132769,1.038512191254843
SVR,2025,1.676027199,1.508320607447927
SVR,2025,1.57018925,1.4189965414482841
SVR,2025,3.01917654,1.267784251088079
SVR,2025,3.727316015,1.8141129033307108
SVR,2025,3.22805132,2.1666100339239547
SVR,2025,2.54902195,1.3559052542174561
SVR,2025,3.088608353,1.7261902306913386
SVR,2025,3.04536455,2.5497851096672868
SVR,2025,2.9011572,2.261073358676499
SVR,2025,2.278046423,2.5891030205045427
SVR,2025,2.952246615,1.8579594000791684
SVR,2025,2.295931315,2.368421550052086
SVR,2025,1.840461865,1.3371637734002693
SVR,2025,2.79913722,2.091869543599262
SVR,2025,2.64349418,2.591846169226171
SVR,2025,2.200843225,2.6290169078641283
SVR,2025,2.45988674,2.0110348133430698
SVR,2025,2.515615845,2.3782152430105747
SVR,2025,2.766211925,2.2270198163396326
SVR,2025,2.11414521,1.3770777866879382
SVR,2025,2.502143175,2.737962146684538
SVR,2025,3.008795575,2.4139303297566332
SVR,2025,2.458842585,1.983903576197608
SVR,2025,1.89444426,1.2826721835002213
SVR,2025,1.56655062,0.7633568067163963
SVR,2025,1.93951816,1.798287070492354
SVR,2025,1.913853985,1.0526206091861194
SVR,2025,2.54887401,1.587869320978137
SVR,2025,3.02235222,1.9307925518807605
SVR,2025,2.360189535,2.5531269290355443
SVR,2025,2.637825335,2.131820323865026
SVR,2025,3.2132113,1.950345257912399
SVR,2025,1.928050634,2.1297235060553708
SVR,2025,1.678668465,1.9999784871981081
SVR,2025,1.833228175,1.78444307661006
SVR,2025,1.404355265,1.3046432699440547
SVR,2025,2.2838879,1.2802116680707893
SVR,2025,2.774341717,1.344275080313905
SVR,2025,2.36573201,1.308112235253039
SVR,2025,2.294323135,1.9926590812341805
SVR,2025,2.526148024,1.9067019973932895
SVR,2025,2.509740375,2.1634058912472254
SVR,2025,2.98068464,2.0861705204532233
SVR,2025,2.638131994,2.1460120981565587
SVR,2025,2.311098201,0.7814455641845175
SVR,2025,1.17849211,0.9753999221765718
SVR,2025,1.149754035,0.8564259229388427
SVR,2025,0.808196245,1.0852522427844589
SVR,2025,1.211217831,1.3866472951240416
SVR,2025,1.900168445,1.504324061120959
SVR,2025,1.329274672,1.4099002226015722
SVR,2025,1.53397135,1.8094733126250304
SVR,2025,2.816986365,2.3645415217475376
SVR,2025,2.356849671,1.7234773485118944
SVR,2025,2.335323838,2.3408152402085585
SVR,2025,0.00113735,2.181771035851771
LSTM,2019,0.028450207,0.03895450010895729
LSTM,2019,0.162056676,0.1203206405043602
LSTM,2019,0.358391929,0.2021050900220871
LSTM,2019,0.179241709,0.2904040813446045
LSTM,2019,0.12588182,0.26796016097068787
LSTM,2019,0.239876024,0.21802620589733124
LSTM,2019,0.349053944,0.17711716890335083
LSTM,2019,0.125565439,0.07242987304925919
LSTM,2019,0.103726047,0.19134867191314697
LSTM,2019,0.091854404,0.1579715758562088
LSTM,2019,0.241144362,0.6643032431602478
LSTM,2019,0.557647706,0.5527989864349365
LSTM,2019,0.336203173,0.3621990978717804
LSTM,2019,0.486515033,0.3878810703754425
LSTM,2019,0.280739779,0.31528589129447937
LSTM,2019,0.168110405,0.2940584421157837
LSTM,2019,0.236636593,0.3367685079574585
LSTM,2019,0.148245974,0.2633589804172516
LSTM,2019,0.243362068,0.3645516335964203
LSTM,2019,0.11430324,0.37650319933891296
LSTM,2019,0.261869129,0.27656295895576477
LSTM,2019,0.462204627,0.12316020578145981
LSTM,2019,0.356471248,0.1201375424861908
LSTM,2019,0.152491515,0.1340104043483734
LSTM,2019,0.318906221,0.1420648843050003
LSTM,2019,0.60955369,0.09515835344791412
LSTM,2019,0.920301448,0.14441446959972382
LSTM,2019,0.14448254,0.15543179214000702
LSTM,2019,0.17930718,0.3224829435348511
LSTM,2019,0.273653912,0.2671396732330322
LSTM,2019,0.200606252,0.2876729667186737
LSTM,2019,0.179633148,0.2581709027290344
LSTM,2019,0.070130779,0.27500179409980774
LSTM,2019,0.09294249,-0.0263659805059433
LSTM,2019,0.283597489,0.058269742876291275
LSTM,2019,0.8707458,0.09860187768936157
LSTM,2019,0.5746293,0.17319920659065247
LSTM,2019,1.058284286,0.41047656536102295
LSTM,2019,1.345363832,0.5634721517562866
LSTM,2019,0.655631769,0.5517331957817078
LSTM,2019,0.366057382,0.4874039590358734
LSTM,2019,0.367168673,0.5615298748016357
LSTM,2019,0.0,1.0015939474105835
LSTM,2019,0.918271089,1.3700881004333496
LSTM,2019,1.334376701,1.1512080430984497
LSTM,2019,0.713831994,0.9717329144477844
LSTM,2019,0.22388732,0.7863035202026367
LSTM,2019,0.64155501,0.516064465045929
LSTM,2019,0.607761454,0.9072072505950928
LSTM,2019,1.943743308,1.109986424446106
LSTM,2019,1.487295529,0.7559682726860046
LSTM,2019,0.956346776,0.7686532735824585
LSTM,2019,0.963186367,0.5267723798751831
LSTM,2019,0.782497702,0.6276063919067383
LSTM,2019,0.32496216,0.44499924778938293
LSTM,2019,0.697466272,0.9018081426620483
LSTM,2019,0.627904326,0.6092032790184021
LSTM,2019,1.140244963,1.0474516153335571
LSTM,2019,0.891893881,1.3137928247451782
LSTM,2019,1.287558533,0.743078351020813
LSTM,2019,1.298756298,0.556901752948761
LSTM,2019,0.47216002,0.5592502355575562
LSTM,2019,0.152177929,0.3419380486011505
LSTM,2019,2.583311297,2.0754427909851074
LSTM,2019,2.25966235,1.6274762153625488
LSTM,2019,1.326636715,1.7483994960784912
LSTM,2019,1.80876941,2.3254125118255615
LSTM,2019,3.553218652,2.7587995529174805
LSTM,2019,2.799945308,2.601067066192627
LSTM,2019,2.623281542,2.2606709003448486
LSTM,2019,2.698705275,2.54834246635437
LSTM,2019,1.704095875,1.7662672996520996
LSTM,2019,1.488248795,2.3575329780578613
LSTM,2019,2.776444385,2.2306594848632812
LSTM,2019,3.185417105,2.4210457801818848
LSTM,2019,1.928312855,1.5333153009414673
LSTM,2019,1.61788194,2.198547840118408
LSTM,2019,3.451086185,1.7666319608688354
LSTM,2019,1.51089276,1.9798575639724731
LSTM,2019,1.617193436,1.6694167852401733
LSTM,2019,1.270865515,1.6787360906600952
LSTM,2019,1.132592846,1.5090322494506836
LSTM,2019,1.51431375,0.9659156203269958
LSTM,2019,1.097857805,1.0521785020828247
LSTM,2019,0.835368935,0.9545221328735352
LSTM,2019,0.751455895,0.9428337216377258
LSTM,2019,0.79938068,1.0019468069076538
LSTM,2019,3.035299945,1.4859331846237183
LSTM,2019,1.94708784,0.8890917897224426
LSTM,2019,1.33447899,1.1594927310943604
LSTM,2019,1.423830735,1.1384572982788086
LSTM,2019,0.902914185,1.134000301361084
LSTM,2019,1.38558141,1.3712774515151978
LSTM,2019,1.487508107,1.3940703868865967
LSTM,2019,1.31709652,1.1581939458847046
LSTM,2019,0.84116592,1.8379926681518555
LSTM,2019,2.47442931,1.6687132120132446
LSTM,2019,2.015553085,1.6375324726104736
LSTM,2019,1.6898738,0.982353150844574
LSTM,2019,0.997393077,1.1132570505142212
LSTM,2019,1.316339545,1.4119174480438232
LSTM,2019,1.32254935,1.2131279706954956
LSTM,2019,0.549513925,0.9870531558990479
LSTM,2019,1.732002192,1.4960817098617554
LSTM,2019,0.443045759,1.2761311531066895
LSTM,2019,2.028748118,1.7002754211425781
LSTM,2019,1.098125993,0.9005352854728699
LSTM,2019,0.98396188,0.916441023349762
LSTM,2019,0.681482173,0.7547304034233093
LSTM,2019,0.512945214,0.7476493716239929
LSTM,2019,0.564309567,0.6835547089576721
LSTM,2019,0.546419189,0.6448330283164978
LSTM,2019,0.425444663,0.58118736743927
LSTM,2019,0.38448063,0.5598477125167847
LSTM,2019,0.441907847,0.5813120007514954
LSTM,2019,0.38040517,0.7371740341186523
LSTM,2019,0.467756315,0.45823824405670166
LSTM,2019,0.447760635,1.04593825340271
LSTM,2019,0.905755274,0.7724451422691345
LSTM,2019,0.377460139,0.48902082443237305
LSTM,2019,0.410029024,0.5330419540405273
LSTM,2019,0.219808073,0.4693392813205719
LSTM,2019,0.190999554,0.45798221230506897
LSTM,2019,0.31114184,0.5281039476394653
LSTM,2019,0.056261123,0.3949855864048004
LSTM,2019,0.385628576,0.6339563131332397
LSTM,2019,0.27225662,0.7150635719299316
LSTM,2019,0.594840455,0.6329253911972046
LSTM,2019,1.105239245,0.6291314959526062
LSTM,2019,0.592626359,0.6648367643356323
LSTM,2019,0.399945702,0.5769670605659485
LSTM,2019,0.393393131,0.3985949754714966
LSTM,2019,0.27737299,0.38323548436164856
LSTM,2019,0.237838989,0.4028531610965729
LSTM,2019,0.267747239,0.3580167889595032
LSTM,2019,0.538326811,0.6293285489082336
LSTM,2019,1.21091775,0.2334086298942566
LSTM,2019,0.075319323,0.41887909173965454
LSTM,2019,0.28133288,0.35283759236335754
LSTM,2019,0.213383183,0.3745180368423462
LSTM,2019,0.220393841,0.2759365141391754
LSTM,2019,0.160044557,0.3962155282497406
LSTM,2019,0.148972276,0.4701334834098816
LSTM,2019,0.188217506,0.29106059670448303
LSTM,2019,0.151701583,0.42285946011543274
LSTM,2019,0.130027014,0.4379977881908417
LSTM,2019,0.178159879,0.44467872381210327
LSTM,2019,0.297545355,0.26049795746803284
LSTM,2019,0.215153798,0.42266902327537537
LSTM,2019,0.397373045,0.2553621232509613
LSTM,2019,0.090933855,0.24177463352680206
LSTM,2019,0.066854878,0.38501960039138794
LSTM,2019,0.798296294,0.4422551691532135
LSTM,2019,0.52226429,0.4064468443393707
LSTM,2019,1.1301361,0.4373696744441986
LSTM,2019,0.3545626,0.3496050536632538
LSTM,2019,0.688760978,0.44984790682792664
LSTM,2019,0.625228325,0.31793659925460815
LSTM,2019,0.839309151,0.4615410268306732
LSTM,2019,0.90748344,0.40798699855804443
LSTM,2019,0.510749146,0.29659923911094666
LSTM,2019,0.337311729,0.3708946406841278
LSTM,2019,0.028951645,0.16942985355854034
LSTM,2019,0.970199415,0.23161138594150543
LSTM,2019,0.743184553,0.3501560091972351
LSTM,2019,0.770754096,0.7579014897346497
LSTM,2019,0.497732326,0.37450429797172546
LSTM,2019,0.51035606,0.3517487347126007
LSTM,2019,0.422576255,0.3541207015514374
LSTM,2019,0.338005708,0.37882453203201294
LSTM,2019,0.280110453,0.34453994035720825
LSTM,2019,0.240428937,0.3279896378517151
LSTM,2019,0.363141945,0.5413287878036499
LSTM,2019,0.53516536,0.5539126992225647
LSTM,2019,0.806608626,0.3937048614025116
LSTM,2019,0.467332832,0.3523825407028198
LSTM,2019,0.320972668,0.27974846959114075
LSTM,2019,0.167590059,0.19210024178028107
LSTM,2019,0.031397285,0.14239148795604706
LSTM,2019,0.357092917,0.29697510600090027
LSTM,2019,0.66729507,0.31195488572120667
LSTM,2019,1.234322866,0.3108641803264618
LSTM,2019,0.528794628,0.28224894404411316
LSTM,2019,0.461675464,0.24440495669841766
LSTM,2019,0.448956388,0.30813485383987427
LSTM,2019,0.420608432,0.29044705629348755
LSTM,2019,0.297813855,0.2659452557563782
LSTM,2019,0.271362195,0.30754712224006653
LSTM,2019,0.448587907,0.226455420255661
LSTM,2019,0.231930695,0.24440881609916687
LSTM,2019,0.597877238,0.24163779616355896
LSTM,2019,0.331909348,0.22705578804016113
LSTM,2019,0.567282853,0.2580072581768036
LSTM,2019,0.35010694,0.26395606994628906
LSTM,2019,0.353832428,0.23783785104751587
LSTM,2019,0.446446351,0.19864165782928467
LSTM,2019,0.359668833,0.15445931255817413
LSTM,2019,0.292279184,0.23360714316368103
LSTM,2019,0.30310209,0.17164553701877594
LSTM,2019,0.202669113,0.21598990261554718
LSTM,2019,0.265752828,0.22527921199798584
LSTM,2019,0.267578709,0.14506641030311584
LSTM,2019,0.243707023,0.1941896378993988
LSTM,2019,0.167337215,0.19497054815292358
LSTM,2019,0.186282957,0.2695187032222748
LSTM,2019,0.132198882,0.23275169730186462
LSTM,2019,0.185357775,0.37504836916923523
LSTM,2019,0.016739528,0.29591095447540283
LSTM,2019,1.231421115,0.305034339427948
LSTM,2019,0.992732183,0.23954740166664124
LSTM,2019,0.305250951,0.23856687545776367
LSTM,2020,0.189073619,0.2358766347169876
LSTM,2020,0.263751789,0.2819797694683075
LSTM,2020,0.209733416,0.25407129526138306
LSTM,2020,0.231694387,0.2664441466331482
LSTM,2020,0.171170434,0.22693921625614166
LSTM,2020,0.194928216,0.20832473039627075
LSTM,2020,0.164450475,0.18272937834262848
LSTM,2020,0.106888301,0.25160157680511475
LSTM,2020,0.200875974,0.23439840972423553
LSTM,2020,0.503132673,0.052293822169303894
LSTM,2020,0.397138405,0.04654582217335701
LSTM,2020,0.174463358,0.20958279073238373
LSTM,2020,0.145144686,0.15459777414798737
LSTM,2020,0.162837712,0.1865086853504181
LSTM,2020,0.117364234,0.19399762153625488
LSTM,2020,0.126259762,0.1729150116443634
LSTM,2020,0.244215594,0.31582111120224
LSTM,2020,0.110849752,0.18389125168323517
LSTM,2020,0.104816448,0.17452485859394073
LSTM,2020,0.124956939,0.19687628746032715
LSTM,2020,0.072763447,0.24642543494701385
LSTM,2020,0.21559372,0.2923615276813507
LSTM,2020,0.143160408,0.2728504240512848
LSTM,2020,0.104476778,0.24732793867588043
LSTM,2020,0.097652448,0.28323933482170105
LSTM,2020,0.121166842,0.3073432743549347
LSTM,2020,0.058352877,0.42089518904685974
LSTM,2020,1.09713097,0.6397671103477478
LSTM,2020,0.48106847,0.2572937309741974
LSTM,2020,0.436603675,0.29066479206085205
LSTM,2020,0.366341731,0.3096674084663391
LSTM,2020,0.363099197,0.3737699091434479
LSTM,2020,0.395092065,0.5506147146224976
LSTM,2020,0.372772635,0.19716665148735046
LSTM,2020,0.103465219,0.02389037236571312
LSTM,2020,0.150482175,0.1127924919128418
LSTM,2020,0.635306301,0.14387671649456024
LSTM,2020,0.558033166,0.2909232974052429
LSTM,2020,0.334722375,0.38056591153144836
LSTM,2020,0.169734535,0.18840491771697998
LSTM,2020,0.201144312,0.1806987076997757
LSTM,2020,0.152096615,0.2897976040840149
LSTM,2020,0.30184736,0.21244844794273376
LSTM,2020,0.431816255,0.1669357866048813
LSTM,2020,0.579699788,0.36980709433555603
LSTM,2020,0.253231782,0.2916579246520996
LSTM,2020,0.162525308,0.21274928748607635
LSTM,2020,0.476662926,0.430308997631073
LSTM,2020,0.654695041,0.36950597167015076
LSTM,2020,0.133760902,0.13725784420967102
LSTM,2020,0.59601641,0.25085651874542236
LSTM,2020,0.49759604,0.40255025029182434
LSTM,2020,0.35608565,0.17174112796783447
LSTM,2020,0.162127093,0.2280101478099823
LSTM,2020,0.654062822,0.2595185339450836
LSTM,2020,0.715290495,0.09604312479496002
LSTM,2020,0.660242838,0.2367074191570282
LSTM,2020,0.417339032,0.4565134346485138
LSTM,2020,0.303781447,0.552134096622467
LSTM,2020,0.275681535,0.2582286298274994
LSTM,2020,0.174603632,0.5193634629249573
LSTM,2020,0.663642645,0.5075512528419495
LSTM,2020,0.280847954,0.6105368733406067
LSTM,2020,0.311439145,0.700927197933197
LSTM,2020,0.237769422,0.6138855814933777
LSTM,2020,0.258855859,0.3830493092536926
LSTM,2020,0.287987121,0.19231165945529938
LSTM,2020,0.3046208,0.6003453731536865
LSTM,2020,1.06991758,0.7732999920845032
LSTM,2020,0.440809488,0.5009175539016724
LSTM,2020,0.296973641,0.5869371294975281
LSTM,2020,0.100401238,0.39701876044273376
LSTM,2020,0.34977977,0.31018784642219543
LSTM,2020,0.16979188,0.3140054941177368
LSTM,2020,0.82709496,0.35875827074050903
LSTM,2020,0.385515444,0.35893362760543823
LSTM,2020,1.027965202,0.40975093841552734
LSTM,2020,0.609815037,0.7853119969367981
LSTM,2020,0.94944645,0.5184526443481445
LSTM,2020,1.00366335,0.35461992025375366
LSTM,2020,1.451761267,0.7673729658126831
LSTM,2020,0.792569781,0.8900694847106934
LSTM,2020,0.710869889,0.7555838227272034
LSTM,2020,0.73327002,0.9338719248771667
LSTM,2020,0.534376286,0.809278666973114
LSTM,2020,0.358617597,0.7667126655578613
LSTM,2020,0.516416465,1.0094126462936401
LSTM,2020,1.961515437,1.1128365993499756
LSTM,2020,2.17230026,0.9476048946380615
LSTM,2020,1.322179497,0.8858783841133118
LSTM,2020,2.149105217,1.131001591682434
LSTM,2020,1.061532863,0.8526245355606079
LSTM,2020,1.19332323,0.20601604878902435
LSTM,2020,1.310749035,1.0063104629516602
LSTM,2020,0.79242595,0.9115091562271118
LSTM,2020,0.68563572,1.154002070426941
LSTM,2020,0.846222066,1.2926512956619263
LSTM,2020,0.787464365,0.7621490955352783
LSTM,2020,0.646506828,0.6284972429275513
LSTM,2020,0.49832079,0.907807469367981
LSTM,2020,0.614464079,0.6716845631599426
LSTM,2020,0.75587796,0.9530461430549622
LSTM,2020,1.13885234,0.38246026635169983
LSTM,2020,1.136566135,0.9642956852912903
LSTM,2020,0.511374954,0.9001491665840149
LSTM,2020,0.36589463,0.2850339114665985
LSTM,2020,1.847067687,1.1749430894851685
LSTM,2020,1.077083317,0.9081506133079529
LSTM,2020,1.095667662,1.056612253189087
LSTM,2020,0.68318512,1.1437245607376099
LSTM,2020,0.601526097,0.7654963731765747
LSTM,2020,0.860259367,1.1986863613128662
LSTM,2020,0.858390293,1.0839797258377075
LSTM,2020,2.084660206,1.056301474571228
LSTM,2020,1.46192982,1.2459871768951416
LSTM,2020,1.00254178,1.0276087522506714
LSTM,2020,0.83682959,1.2809388637542725
LSTM,2020,1.116226245,1.2282732725143433
LSTM,2020,0.889348663,1.3819324970245361
LSTM,2020,1.27202511,1.159865140914917
LSTM,2020,1.633998978,1.968484878540039
LSTM,2020,1.418301985,1.3447412252426147
LSTM,2020,3.558517745,2.5083587169647217
LSTM,2020,4.499289017,2.753471612930298
LSTM,2020,3.885170705,2.9448909759521484
LSTM,2020,0.603057935,2.7720463275909424
LSTM,2020,4.970738962,3.8436191082000732
LSTM,2020,2.393442532,1.8478658199310303
LSTM,2020,3.456242495,3.5301156044006348
LSTM,2020,4.0486568,3.3725504875183105
LSTM,2020,4.65667315,3.4615941047668457
LSTM,2020,4.58250405,2.172053575515747
LSTM,2020,5.00601025,4.05363655090332
LSTM,2020,2.654895305,3.8459832668304443
LSTM,2020,5.0160081,1.9912554025650024
LSTM,2020,4.94810754,4.321038722991943
LSTM,2020,4.68959035,4.515265464782715
LSTM,2020,4.497102342,4.399415016174316
LSTM,2020,3.97381857,4.113706588745117
LSTM,2020,4.1807501,3.680962324142456
LSTM,2020,3.31927005,3.748870849609375
LSTM,2020,3.80580535,3.3757641315460205
LSTM,2020,2.72051586,3.1821506023406982
LSTM,2020,1.535729035,2.6410460472106934
LSTM,2020,1.40413788,2.1782681941986084
LSTM,2020,1.91670776,2.3965954780578613
LSTM,2020,1.687244518,1.8170604705810547
LSTM,2020,2.198956571,2.431964874267578
LSTM,2020,1.175960279,2.0340874195098877
LSTM,2020,1.19485332,1.9088892936706543
LSTM,2020,1.6867317,1.878588080406189
LSTM,2020,1.0609939,2.048048496246338
LSTM,2020,2.838032515,2.064955711364746
LSTM,2020,2.02443201,1.6739857196807861
LSTM,2020,1.292370805,1.6061158180236816
LSTM,2020,0.805526924,1.6695421934127808
LSTM,2020,0.506955029,1.7975808382034302
LSTM,2020,0.693062417,1.3194864988327026
LSTM,2020,0.716686751,1.4461389780044556
LSTM,2020,0.347703975,1.5190166234970093
LSTM,2020,0.294389564,1.7273573875427246
LSTM,2020,0.27212566,1.5120199918746948
LSTM,2020,0.620990905,1.052589774131775
LSTM,2020,0.534239486,1.3391060829162598
LSTM,2020,0.110067995,1.2383109331130981
LSTM,2020,0.798887565,1.3505834341049194
LSTM,2020,0.21882235,1.0767239332199097
LSTM,2020,0.483405905,1.0190820693969727
LSTM,2020,0.287947457,1.145635962486267
LSTM,2020,0.053402161,0.8758487701416016
LSTM,2020,0.17266983,0.8738537430763245
LSTM,2020,0.361100729,1.146683692932129
LSTM,2020,0.299413694,1.2388012409210205
LSTM,2020,0.324373534,0.8842735290527344
LSTM,2020,0.350833605,1.0027464628219604
LSTM,2020,0.46326458,1.1754748821258545
LSTM,2020,0.265176325,1.165819525718689
LSTM,2020,0.982927595,1.6698564291000366
LSTM,2020,1.223073335,1.0829166173934937
LSTM,2020,1.155156712,1.455207109451294
LSTM,2020,1.846153729,1.6026033163070679
LSTM,2020,1.290685579,1.1671438217163086
LSTM,2020,0.68647979,1.2313395738601685
LSTM,2020,0.503286496,1.7956528663635254
LSTM,2020,2.3756958,1.4675230979919434
LSTM,2020,1.079731695,1.1016255617141724
LSTM,2020,0.022680803,1.5211232900619507
LSTM,2020,0.687146846,1.211482286453247
LSTM,2020,0.334397918,1.4005275964736938
LSTM,2020,0.369156239,1.2607606649398804
LSTM,2020,0.299351763,1.2219401597976685
LSTM,2020,0.57079899,1.900281310081482
LSTM,2020,3.047958985,1.8425809144973755
LSTM,2020,2.63880754,2.2340967655181885
LSTM,2020,1.8071335,1.4250999689102173
LSTM,2020,1.452492945,1.5970432758331299
LSTM,2020,0.579082844,1.7067474126815796
LSTM,2020,1.09914375,1.6857681274414062
LSTM,2020,0.887791915,1.663880467414856
LSTM,2020,1.026061265,1.8217215538024902
LSTM,2020,0.67961908,1.4226038455963135
LSTM,2020,0.52997025,1.533190369606018
LSTM,2020,2.036916165,1.018328070640564
LSTM,2020,1.012648913,0.8028339147567749
LSTM,2020,0.825836681,0.7050483226776123
LSTM,2020,1.34373464,1.0648845434188843
LSTM,2020,1.137834724,0.777806282043457
LSTM,2020,0.486173516,0.5919961333274841
LSTM,2020,0.382566281,0.5910377502441406
LSTM,2020,0.273518791,0.7563939094543457
LSTM,2020,0.354035686,0.6219089031219482
LSTM,2020,0.326701427,0.46742483973503113
LSTM,2020,0.273194355,0.4938679337501526
LSTM,2020,0.252968688,0.4377973973751068
LSTM,2020,0.278200124,0.571458637714386
LSTM,2020,1.075885345,1.2131657600402832
LSTM,2020,2.50179686,1.0361011028289795
LSTM,2020,1.022619735,0.7450959086418152
LSTM,2020,0.647381593,1.0019088983535767
LSTM,2020,0.520236933,0.6709069013595581
LSTM,2020,0.410553513,0.6049054861068726
LSTM,2020,0.273231206,0.5797674655914307
LSTM,2020,0.408579398,0.6207063794136047
LSTM,2020,0.342610709,0.5708329081535339
LSTM,2020,0.2025881,1.257089376449585
LSTM,2020,2.029051236,0.7407270073890686
LSTM,2020,0.922679214,0.9460972547531128
LSTM,2020,1.289160461,1.2552260160446167
LSTM,2020,1.54847277,1.5025734901428223
LSTM,2020,2.365472328,1.7369375228881836
LSTM,2020,1.654010915,1.4856090545654297
LSTM,2020,1.82920305,1.354277491569519
LSTM,2020,1.124903615,1.2311267852783203
LSTM,2020,0.727754633,1.349637746810913
LSTM,2020,1.024544155,1.502350926399231
LSTM,2020,0.743845838,1.317644715309143
LSTM,2020,0.782941065,0.6201375722885132
LSTM,2020,1.439439262,0.5744388103485107
LSTM,2020,0.73741978,0.5366150140762329
LSTM,2020,0.679126282,0.17372673749923706
LSTM,2020,0.627104505,0.2167401760816574
LSTM,2020,0.610088275,0.20613747835159302
LSTM,2020,0.457758999,0.18202148377895355
LSTM,2020,0.4252275,0.04912582412362099
LSTM,2020,1.539727037,0.4492153823375702
LSTM,2020,0.396963857,0.46664685010910034
LSTM,2020,0.37983677,0.17550869286060333
LSTM,2020,0.316883121,0.17793036997318268
LSTM,2020,0.27652237,0.37616926431655884
LSTM,2020,0.266208673,0.24926918745040894
LSTM,2020,0.245614269,0.3859178125858307
LSTM,2020,0.264907939,0.14163026213645935
LSTM,2020,0.350827923,0.15076397359371185
LSTM,2020,0.295724384,0.1663830578327179
LSTM,2020,0.243652245,0.09776110202074051
LSTM,2020,0.226999126,0.5086051821708679
LSTM,2020,0.282611233,0.0970083624124527
LSTM,2020,0.216380474,0.11445688456296921
LSTM,2020,0.33909861,0.29980626702308655
LSTM,2020,0.214307021,0.2920208275318146
LSTM,2020,0.181593411,0.24705654382705688
LSTM,2020,0.138003637,0.23945949971675873
LSTM,2020,0.167257839,0.3843004107475281
LSTM,2020,0.168823216,0.5431318283081055
LSTM,2020,0.22231493,0.39706483483314514
LSTM,2020,0.133495258,0.32499930262565613
LSTM,2020,0.10814979,0.3727869391441345
LSTM,2020,0.160662589,0.4215170443058014
LSTM,2020,0.103766027,0.40838557481765747
LSTM,2020,2.043391735,0.3020176291465759
LSTM,2020,0.19557151,0.2610236704349518
LSTM,2020,0.135435015,0.26153913140296936
LSTM,2020,0.56073276,0.14353738725185394
LSTM,2020,0.101961572,0.07994295656681061
LSTM,2020,0.192566205,0.1969289481639862
LSTM,2020,1.116624239,0.38336673378944397
LSTM,2020,0.751483711,0.4960987865924835
LSTM,2020,0.82365608,0.49866142868995667
LSTM,2020,0.590844079,0.4195776581764221
LSTM,2020,0.388596866,0.39800480008125305
LSTM,2020,0.446447746,0.27034828066825867
LSTM,2020,0.383193622,-0.04977354407310486
LSTM,2020,0.382646377,0.04063437134027481
LSTM,2020,0.264206447,0.34065571427345276
LSTM,2020,0.309357783,0.05147821456193924
LSTM,2020,0.27863815,0.028218014165759087
LSTM,2020,0.387866318,0.3040492832660675
LSTM,2020,0.141233095,0.27953553199768066
LSTM,2020,0.477125519,0.6571478843688965
LSTM,2020,0.822342875,0.39156123995780945
LSTM,2020,0.628892083,0.2898642420768738
LSTM,2020,0.497120475,0.2934105694293976
LSTM,2020,0.42305204,0.08680195361375809
LSTM,2020,0.298056759,0.21179403364658356
LSTM,2020,0.193762315,0.3267502188682556
LSTM,2020,0.28636172,0.2191440463066101
LSTM,2020,0.27672901,0.03773104026913643
LSTM,2020,0.205229715,0.34657466411590576
LSTM,2020,0.017330677,0.24651460349559784
LSTM,2020,0.08106754,0.3148478865623474
LSTM,2020,0.445104135,0.4579266905784607
LSTM,2020,0.823027303,0.2649247646331787
LSTM,2020,0.446196801,0.27102547883987427
LSTM,2020,0.442676784,0.23321381211280823
LSTM,2020,0.508538078,0.26412931084632874
LSTM,2020,0.387116051,0.20044420659542084
LSTM,2020,0.326240226,0.22140155732631683
LSTM,2020,0.321901695,0.1541924774646759
LSTM,2020,0.287332577,0.13493983447551727
LSTM,2020,0.356349857,0.14648360013961792
LSTM,2020,0.23727222,0.0730816200375557
LSTM,2020,0.164435598,0.18833154439926147
LSTM,2020,0.205842184,0.20595571398735046
LSTM,2020,0.226789917,0.05989493802189827
LSTM,2020,0.242162042,0.017388781532645226
LSTM,2020,0.235843623,-0.11660794913768768
LSTM,2020,0.150565208,0.30003640055656433
LSTM,2020,0.16433713,0.16416038572788239
LSTM,2020,0.133487103,0.12305334955453873
LSTM,2020,0.046516057,0.4003039598464966
LSTM,2020,0.097365322,0.09906479716300964
LSTM,2020,0.082269815,0.0683082565665245
LSTM,2020,0.162684809,0.22184845805168152
LSTM,2020,0.217266748,0.19625036418437958
LSTM,2020,0.15151416,0.26605430245399475
LSTM,2020,0.390701615,0.3026997148990631
LSTM,2020,1.0159862,0.32048389315605164
LSTM,2020,0.49577105,0.1402137726545334
LSTM,2020,0.04422851,0.20147523283958435
LSTM,2020,0.172915365,0.283398300409317
LSTM,2020,0.319454865,0.20033468306064606
LSTM,2020,0.254872587,0.12802445888519287
LSTM,2020,0.007574052,0.2012634128332138
LSTM,2021,0.246341098,0.31249865889549255
LSTM,2021,0.09402294,0.28959187865257263
LSTM,2021,0.40305186,0.29645535349845886
LSTM,2021,0.986454925,0.5729244351387024
LSTM,2021,0.953202944,0.36070898175239563
LSTM,2021,0.481612123,0.352433443069458
LSTM,2021,0.375025888,0.4637162983417511
LSTM,2021,0.268182695,0.4013546109199524
LSTM,2021,0.418903714,0.48295828700065613
LSTM,2021,0.544109629,0.4616997539997101
LSTM,2021,0.672419436,0.297864705324173
LSTM,2021,0.593397245,0.2522200644016266
LSTM,2021,0.99791995,0.41020140051841736
LSTM,2021,0.52873974,0.2351565808057785
LSTM,2021,0.575973807,0.48803433775901794
LSTM,2021,0.279876271,0.2458873987197876
LSTM,2021,0.381623329,0.3564806878566742
LSTM,2021,0.304267033,0.3778134286403656
LSTM,2021,0.271570571,0.36392128467559814
LSTM,2021,0.24173304,0.20970657467842102
LSTM,2021,0.010379313,0.2570700943470001
LSTM,2021,0.004706255,0.3696729242801666
LSTM,2021,0.090151925,0.2021215409040451
LSTM,2021,0.068667605,0.35314831137657166
LSTM,2021,0.127538642,0.4578380286693573
LSTM,2021,1.443804685,0.4582013487815857
LSTM,2021,0.80607112,0.4585944414138794
LSTM,2021,0.399892438,0.4391217529773712
LSTM,2021,0.723584875,0.371212363243103
LSTM,2021,0.849421919,0.594620943069458
LSTM,2021,0.9703558,0.5097700357437134
LSTM,2021,0.202088025,0.5031171441078186
LSTM,2021,0.01560405,0.3738816976547241
LSTM,2021,0.353825487,0.18170768022537231
LSTM,2021,0.302797329,0.22034196555614471
LSTM,2021,0.005103639,0.16960084438323975
LSTM,2021,0.032827503,0.14090308547019958
LSTM,2021,0.066968125,0.09959914535284042
LSTM,2021,0.061480324,0.056005705147981644
LSTM,2021,0.020584883,-0.08048956096172333
LSTM,2021,0.059276265,-0.05240654945373535
LSTM,2021,0.060744605,0.3198784291744232
LSTM,2021,0.10893456,0.4986606240272522
LSTM,2021,0.038677852,0.4051797091960907
LSTM,2021,0.275379157,0.32947176694869995
LSTM,2021,1.3890346,0.641690194606781
LSTM,2021,1.55430484,0.888422429561615
LSTM,2021,1.650797145,0.5249111652374268
LSTM,2021,1.233766543,0.5242758393287659
LSTM,2021,0.795803691,0.6436428427696228
LSTM,2021,0.68618056,0.5560458302497864
LSTM,2021,0.952348596,0.7096441984176636
LSTM,2021,0.820565636,0.5838579535484314
LSTM,2021,0.651068145,0.6449273228645325
LSTM,2021,0.599273758,0.5747710466384888
LSTM,2021,0.199736677,0.387012243270874
LSTM,2021,0.594748013,0.4168534278869629
LSTM,2021,0.59225439,0.7774491906166077
LSTM,2021,0.055638927,0.7644066214561462
LSTM,2021,0.346796351,0.21994313597679138
LSTM,2021,0.369882028,0.34436166286468506
LSTM,2021,0.47108737,0.6478744745254517
LSTM,2021,0.51426279,0.7076707482337952
LSTM,2021,0.305293993,0.6423403024673462
LSTM,2021,0.73051852,1.1134322881698608
LSTM,2021,0.342148565,1.6305277347564697
LSTM,2021,0.288230726,1.4904890060424805
LSTM,2021,0.288709037,1.7412368059158325
LSTM,2021,0.677066814,1.2795264720916748
LSTM,2021,1.151582635,1.7747572660446167
LSTM,2021,1.663888861,1.8685857057571411
LSTM,2021,1.713556307,1.7927542924880981
LSTM,2021,1.260857465,1.3584914207458496
LSTM,2021,0.774580492,1.1993443965911865
LSTM,2021,1.696986603,1.7792644500732422
LSTM,2021,1.16301596,1.6070729494094849
LSTM,2021,1.347608687,0.8962529897689819
LSTM,2021,1.263383903,0.7432260513305664
LSTM,2021,1.83278402,0.9733003377914429
LSTM,2021,1.38377147,0.5269084572792053
LSTM,2021,1.88290826,0.3805829584598541
LSTM,2021,0.632158393,0.5781259536743164
LSTM,2021,0.752413517,0.7421674728393555
LSTM,2021,0.819231145,0.30504947900772095
LSTM,2021,0.900277572,0.3385140299797058
LSTM,2021,0.717593457,0.26257386803627014
LSTM,2021,0.741177375,0.275405615568161
LSTM,2021,0.64049361,0.19804848730564117
LSTM,2021,0.600939525,0.6676594018936157
LSTM,2021,1.100797856,0.6355917453765869
LSTM,2021,0.232041164,0.35487279295921326
LSTM,2021,0.057844665,0.47336438298225403
LSTM,2021,0.159403515,0.3081343472003937
LSTM,2021,0.342631725,0.2634589374065399
LSTM,2021,0.301048182,0.40786662697792053
LSTM,2021,0.648702195,0.47937536239624023
LSTM,2021,0.32483295,0.9673355221748352
LSTM,2021,1.801256077,1.0559446811676025
LSTM,2021,0.013671853,0.7990432381629944
LSTM,2021,0.624886221,0.523792028427124
LSTM,2021,1.605746809,0.7194414734840393
LSTM,2021,1.01572724,0.7473250031471252
LSTM,2021,1.771869495,1.0160787105560303
LSTM,2021,1.355452361,1.083043098449707
LSTM,2021,1.589766536,0.9877933263778687
LSTM,2021,1.80947472,0.8777520656585693
LSTM,2021,1.552761495,0.6425089240074158
LSTM,2021,1.394993404,1.683199167251587
LSTM,2021,3.005385072,1.7794957160949707
LSTM,2021,2.244254576,2.7956321239471436
LSTM,2021,3.075309529,2.524324893951416
LSTM,2021,0.4037155,2.076049566268921
LSTM,2021,1.76311136,1.403918981552124
LSTM,2021,2.511647399,2.6283822059631348
LSTM,2021,2.353877295,2.4780666828155518
LSTM,2021,2.212077081,2.9747087955474854
LSTM,2021,1.964797222,2.949228048324585
LSTM,2021,2.06133355,1.4744880199432373
LSTM,2021,1.86449305,0.9427270293235779
LSTM,2021,2.4922631,1.1231755018234253
LSTM,2021,1.4610104,1.172937035560608
LSTM,2021,2.858446557,1.8730164766311646
LSTM,2021,3.13131598,2.0178890228271484
LSTM,2021,2.092194775,1.9299944639205933
LSTM,2021,1.366757345,1.1240367889404297
LSTM,2021,1.492902365,1.5126807689666748
LSTM,2021,1.038015761,1.1547681093215942
LSTM,2021,3.106994564,1.3439481258392334
LSTM,2021,0.864369715,1.523665428161621
LSTM,2021,0.19749485,1.5430241823196411
LSTM,2021,0.8546874,0.9040637612342834
LSTM,2021,3.234250408,0.6454803943634033
LSTM,2021,3.810667727,0.7572970986366272
LSTM,2021,3.37109554,1.1201914548873901
LSTM,2021,3.839756082,1.5822913646697998
LSTM,2021,2.648865685,1.0504395961761475
LSTM,2021,2.578618315,1.5996284484863281
LSTM,2021,2.3321467,1.6215721368789673
LSTM,2021,0.77955524,1.505259394645691
LSTM,2021,1.08925278,1.9457393884658813
LSTM,2021,3.050409706,2.9125683307647705
LSTM,2021,2.58566825,3.0668113231658936
LSTM,2021,2.535335525,3.4058682918548584
LSTM,2021,2.578267685,3.549180030822754
LSTM,2021,2.47389725,3.252483367919922
LSTM,2021,2.44591525,3.3536393642425537
LSTM,2021,2.3115882,2.914452075958252
LSTM,2021,1.51336833,3.259521722793579
LSTM,2021,1.33467486,3.4405267238616943
LSTM,2021,0.890627866,2.9654288291931152
LSTM,2021,1.277969271,0.9273181557655334
LSTM,2021,1.269682042,0.7532745003700256
LSTM,2021,0.7670823,0.6988795399665833
LSTM,2021,0.926749195,0.8813169002532959
LSTM,2021,0.953458298,0.8068764209747314
LSTM,2021,1.00125382,0.8339791893959045
LSTM,2021,1.056781835,0.9465392827987671
LSTM,2021,1.077759344,1.4159480333328247
LSTM,2021,2.012775565,1.5104496479034424
LSTM,2021,1.765419471,1.6515898704528809
LSTM,2021,1.88606544,1.6169122457504272
LSTM,2021,2.222534031,1.7086478471755981
LSTM,2021,1.530083368,1.6771104335784912
LSTM,2021,1.879122337,1.873503565788269
LSTM,2021,3.25807556,2.569021224975586
LSTM,2021,3.58094255,2.1958625316619873
LSTM,2021,3.35972938,2.1006534099578857
LSTM,2021,2.536926835,2.15325927734375
LSTM,2021,2.672961695,1.8700636625289917
LSTM,2021,2.657611033,1.6469367742538452
LSTM,2021,1.443786332,1.5780261754989624
LSTM,2021,2.227425506,2.014111280441284
LSTM,2021,3.579722505,2.660968542098999
LSTM,2021,4.7057836,2.929260492324829
LSTM,2021,4.192679526,2.6313462257385254
LSTM,2021,3.63309978,2.499987840652466
LSTM,2021,0.46788893,2.327925443649292
LSTM,2021,3.32582605,2.2796478271484375
LSTM,2021,3.78984166,2.3183419704437256
LSTM,2021,3.13246199,2.0129129886627197
LSTM,2021,2.552775052,1.6832913160324097
LSTM,2021,2.108205057,1.9106903076171875
LSTM,2021,3.475547118,2.6268563270568848
LSTM,2021,3.141928503,2.479400873184204
LSTM,2021,4.146114889,2.6540262699127197
LSTM,2021,3.840022127,2.6851859092712402
LSTM,2021,3.371954005,2.442183256149292
LSTM,2021,0.977428677,1.290588617324829
LSTM,2021,2.463065485,2.3881900310516357
LSTM,2021,3.199795154,2.762070655822754
LSTM,2021,2.780587707,2.227579116821289
LSTM,2021,1.966444683,1.808396577835083
LSTM,2021,2.738539148,2.376599073410034
LSTM,2021,2.700781045,2.302619218826294
LSTM,2021,2.039927046,1.7995408773422241
LSTM,2021,2.29722817,2.274160623550415
LSTM,2021,2.24294831,2.1194546222686768
LSTM,2021,2.14988649,2.137613296508789
LSTM,2021,2.002141245,2.3219661712646484
LSTM,2021,1.261118975,2.1098597049713135
LSTM,2021,1.187705333,1.5769437551498413
LSTM,2021,2.557849165,2.1649959087371826
LSTM,2021,1.836820115,1.3827635049819946
LSTM,2021,1.55685647,2.0543079376220703
LSTM,2021,1.939367538,2.1644339561462402
LSTM,2021,1.674386789,2.1187021732330322
LSTM,2021,1.571777115,2.5462892055511475
LSTM,2021,2.986070124,2.871091604232788
LSTM,2021,2.19183522,2.6216399669647217
LSTM,2021,1.427366136,2.658442974090576
LSTM,2021,1.653461736,2.391179084777832
LSTM,2021,1.439411902,2.026747465133667
LSTM,2021,0.781963739,1.701562523841858
LSTM,2021,1.215420467,1.7963885068893433
LSTM,2021,1.216612905,1.941701889038086
LSTM,2021,0.81503138,1.034730076789856
LSTM,2021,1.15687533,1.612867832183838
LSTM,2021,1.93989139,1.1182477474212646
LSTM,2021,1.85201653,1.9369654655456543
LSTM,2021,1.269157907,1.564557433128357
LSTM,2021,1.017953899,1.6208304166793823
LSTM,2021,1.132559452,1.739404559135437
LSTM,2021,1.236743145,1.4101872444152832
LSTM,2021,0.950774615,1.386481523513794
LSTM,2021,0.054216115,1.2142484188079834
LSTM,2021,0.605969969,1.5757343769073486
LSTM,2021,1.328959113,1.238197684288025
LSTM,2021,0.00039324,0.9379288554191589
LSTM,2021,0.906767033,0.7852776050567627
LSTM,2021,0.130635471,0.7299346327781677
LSTM,2021,0.436181574,0.9386934638023376
LSTM,2021,0.423994461,0.8981542587280273
LSTM,2021,0.030234455,0.7555831670761108
LSTM,2021,0.217628042,0.7422748804092407
LSTM,2021,0.003010638,0.7479717135429382
LSTM,2021,0.009110043,0.6631540656089783
LSTM,2021,0.28394592,0.7123115658760071
LSTM,2021,0.714489,0.9979039430618286
LSTM,2021,0.37578862,0.7618937492370605
LSTM,2021,0.061169572,1.0104347467422485
LSTM,2021,0.02239843,0.8661636710166931
LSTM,2021,0.164977814,0.9217564463615417
LSTM,2021,0.28381184,0.6699491739273071
LSTM,2021,0.188769563,0.5894730091094971
LSTM,2021,0.100492957,0.7275727987289429
LSTM,2021,0.335865177,0.8710207939147949
LSTM,2021,0.131276966,0.6129533648490906
LSTM,2021,0.877477735,1.027582049369812
LSTM,2021,2.0151177,0.9677479863166809
LSTM,2021,0.593845832,0.5882266759872437
LSTM,2021,0.231164286,0.5821441411972046
LSTM,2021,0.23491276,0.7665430903434753
LSTM,2021,0.158970633,0.528949499130249
LSTM,2021,0.312216019,0.6810902953147888
LSTM,2021,0.660534255,0.5606128573417664
LSTM,2021,0.566941703,0.7591607570648193
LSTM,2021,0.336680413,0.526260495185852
LSTM,2021,0.814282744,0.4965460002422333
LSTM,2021,0.813458063,0.46033695340156555
LSTM,2021,0.742023191,0.3090120851993561
LSTM,2021,0.103911328,0.6771628856658936
LSTM,2021,0.070281975,0.5938049554824829
LSTM,2021,0.157759441,0.6068911552429199
LSTM,2021,0.212785126,0.552906334400177
LSTM,2021,0.07363805,0.4176369309425354
LSTM,2021,0.197829815,0.4655267596244812
LSTM,2021,0.13879907,0.5256729125976562
LSTM,2021,0.202513272,0.45201796293258667
LSTM,2021,0.190219405,0.2317076027393341
LSTM,2021,0.066308569,0.27354058623313904
LSTM,2021,0.013384134,0.32675811648368835
LSTM,2021,0.105451612,0.2233685404062271
LSTM,2021,0.104006804,0.5027392506599426
LSTM,2021,0.051120214,0.5548096895217896
LSTM,2021,0.127944904,0.4043984115123749
LSTM,2021,0.008023856,0.2855048179626465
LSTM,2021,1.7614509,3.0894930362701416
LSTM,2021,2.997800855,3.1216702461242676
LSTM,2021,2.07815125,2.73496675491333
LSTM,2021,2.60459143,3.1130220890045166
LSTM,2021,2.500724527,3.297927141189575
LSTM,2021,1.064993737,2.855314016342163
LSTM,2021,2.36790855,0.8424285650253296
LSTM,2021,1.355167363,0.630709707736969
LSTM,2021,1.81107468,0.6068769693374634
LSTM,2021,2.028209218,0.7802025675773621
LSTM,2021,1.919775041,0.696804404258728
LSTM,2021,1.803049427,0.7125817537307739
LSTM,2021,1.385907047,0.790921151638031
LSTM,2021,1.00336557,0.7968458533287048
LSTM,2021,0.638829159,0.6654537320137024
LSTM,2021,1.14876414,1.5897608995437622
LSTM,2021,3.01328645,1.6952412128448486
LSTM,2021,3.136252195,1.9526995420455933
LSTM,2021,2.76361253,1.4334410429000854
LSTM,2021,1.98965826,1.4143143892288208
LSTM,2021,1.200159335,0.9682978987693787
LSTM,2021,1.116612541,1.3960387706756592
LSTM,2021,1.559459872,1.4606250524520874
LSTM,2021,0.799827699,1.4573124647140503
LSTM,2021,0.748274199,1.6416289806365967
LSTM,2021,0.712779455,1.4549201726913452
LSTM,2021,0.797208332,0.8733723759651184
LSTM,2021,0.530766139,1.2181981801986694
LSTM,2021,1.650498353,0.989827573299408
LSTM,2021,1.3247183,0.9700528979301453
LSTM,2021,0.90681151,0.8169877529144287
LSTM,2021,0.768214136,0.8377983570098877
LSTM,2021,0.668524715,0.9466774463653564
LSTM,2021,0.54176098,1.0603749752044678
LSTM,2021,1.92690339,1.5608233213424683
LSTM,2021,2.321395125,1.6548728942871094
LSTM,2021,2.626125305,1.3315954208374023
LSTM,2021,0.881618738,1.3267587423324585
LSTM,2021,0.705337765,1.184922695159912
LSTM,2021,0.78983477,0.9253213405609131
LSTM,2021,0.446514665,0.8878573179244995
LSTM,2021,0.437133432,1.0578612089157104
LSTM,2021,1.027994598,1.5424631834030151
LSTM,2021,2.181326849,1.529464602470398
LSTM,2021,1.537653535,1.1481386423110962
LSTM,2021,0.761827573,1.03602135181427
LSTM,2021,0.526112173,0.9261961579322815
LSTM,2021,0.539398995,0.7223140597343445
LSTM,2021,0.606567835,0.8009698390960693
LSTM,2021,0.585014385,0.6001793742179871
LSTM,2021,0.63270044,0.504757285118103
LSTM,2021,0.454654635,0.8219794034957886
LSTM,2021,0.632925086,1.0240734815597534
LSTM,2021,3.511705858,0.8505549430847168
LSTM,2021,4.682698527,0.719240665435791
LSTM,2021,0.813116872,0.7907619476318359
LSTM,2021,0.470965505,0.6672977209091187
LSTM,2021,0.93390352,0.6961363554000854
LSTM,2021,0.704733667,0.9393815398216248
LSTM,2021,0.63851291,0.773175835609436
LSTM,2021,0.480795435,0.5670186281204224
LSTM,2021,1.31994471,0.9981848001480103
LSTM,2021,0.587763113,0.9011668562889099
LSTM,2021,0.816134505,0.7241485714912415
LSTM,2021,1.095176824,0.652353048324585
LSTM,2021,0.875130283,0.8227394223213196
LSTM,2021,0.711444518,0.7240670919418335
LSTM,2021,0.639804179,0.7497313618659973
LSTM,2021,0.476220641,0.7534264326095581
LSTM,2021,0.359623693,0.7116212844848633
LSTM,2021,0.15313093,0.6543201208114624
LSTM,2021,0.884354765,0.9668225646018982
LSTM,2021,0.588972418,0.44188061356544495
LSTM,2021,0.444726949,0.7638193368911743
LSTM,2021,0.38870126,0.7773972749710083
LSTM,2021,0.308232327,0.7706204652786255
LSTM,2021,0.563244662,1.7794153690338135
LSTM,2021,3.883041365,1.8286066055297852
LSTM,2021,1.27410674,1.339208960533142
LSTM,2021,1.045332186,1.3828213214874268
LSTM,2021,1.02372206,1.346260905265808
LSTM,2021,0.84593107,1.0245466232299805
LSTM,2021,0.323064619,0.9764280319213867
LSTM,2021,0.67351483,1.013408899307251
LSTM,2021,0.680584448,1.0571140050888062
LSTM,2021,0.376902126,1.0126882791519165
LSTM,2021,0.17934059,1.0112963914871216
LSTM,2021,0.663418232,0.864098846912384
LSTM,2021,0.002760244,0.6520307064056396
LSTM,2021,2.256439155,0.7931918501853943
LSTM,2021,2.04991743,1.718474268913269
LSTM,2021,3.016443162,1.445133924484253
LSTM,2021,1.813495185,1.5250142812728882
LSTM,2021,1.281076165,1.2740870714187622
LSTM,2021,0.759322523,1.1333142518997192
LSTM,2021,1.088375512,1.1725764274597168
LSTM,2021,0.869346008,1.251147985458374
LSTM,2021,0.836947888,0.9268261194229126
LSTM,2021,0.807693695,0.9263122081756592
LSTM,2021,0.428265779,0.8205731511116028
LSTM,2021,0.680307985,1.3159717321395874
LSTM,2021,1.217765801,1.0671401023864746
LSTM,2021,1.260417381,0.6743377447128296
LSTM,2021,0.81861316,0.5208881497383118
LSTM,2021,0.215578845,0.4830680787563324
LSTM,2021,0.606148445,0.7572827339172363
LSTM,2021,0.393097519,0.3566263020038605
LSTM,2021,0.457187437,0.47087037563323975
LSTM,2021,0.485374045,0.6750714778900146
LSTM,2021,0.342597859,0.5099824070930481
LSTM,2021,0.536557856,0.4117685854434967
LSTM,2021,0.17178872,0.4051738977432251
LSTM,2021,0.392320503,0.43966060876846313
LSTM,2021,0.559476999,0.35233184695243835
LSTM,2021,0.312620051,0.34627363085746765
LSTM,2021,0.350625429,0.22280332446098328
LSTM,2021,0.28178108,0.4821629822254181
LSTM,2021,0.301924128,0.4365220367908478
LSTM,2021,0.239672299,0.518997311592102
LSTM,2021,0.392869371,0.5249369740486145
LSTM,2021,0.335978335,0.4424281120300293
LSTM,2021,0.344146233,0.3688413202762604
LSTM,2021,0.268945015,0.4616400897502899
LSTM,2021,0.01093894,0.5183351039886475
LSTM,2021,0.816097194,0.9769436120986938
LSTM,2021,0.726020963,0.6039551496505737
LSTM,2021,0.68967022,0.539580762386322
LSTM,2021,0.546171161,0.5206723213195801
LSTM,2021,0.329346395,0.7689489722251892
LSTM,2021,0.22427508,0.8159089684486389
LSTM,2021,0.415475323,0.5793039798736572
LSTM,2021,0.540522854,0.4754698574542999
LSTM,2021,0.243370392,0.7047008275985718
LSTM,2021,0.579436151,0.8084682822227478
LSTM,2021,0.26101875,0.563901960849762
LSTM,2021,0.885692026,1.0114802122116089
LSTM,2021,0.3954691,0.9512767195701599
LSTM,2021,0.355302628,0.5838459730148315
LSTM,2021,0.586792836,0.6032408475875854
LSTM,2021,0.4695094,0.8122643232345581
LSTM,2021,0.188946356,0.528054416179657
LSTM,2021,0.378580324,0.6876963376998901
LSTM,2021,0.568122755,0.5595002174377441
LSTM,2021,0.689928687,0.7748376727104187
LSTM,2021,0.522743365,0.6053818464279175
LSTM,2021,0.028573335,0.5903063416481018
LSTM,2021,0.297110725,0.7205379009246826
LSTM,2021,0.235753887,0.636451005935669
LSTM,2021,0.45528532,0.6478095054626465
LSTM,2021,0.468394753,0.5878795981407166
LSTM,2021,0.376086888,0.5302353501319885
LSTM,2021,0.450705814,0.5562683343887329
LSTM,2021,0.391160922,0.557639479637146
LSTM,2021,0.491235351,0.5666897892951965
LSTM,2021,0.401077778,0.34234124422073364
LSTM,2021,0.312383305,0.3103410303592682
LSTM,2021,0.213724516,0.3569995164871216
LSTM,2021,0.297485885,0.3642441928386688
LSTM,2021,0.314150409,0.5500262379646301
LSTM,2021,0.436072554,0.6074953675270081
LSTM,2021,0.428944036,0.5521957278251648
LSTM,2021,0.357075937,0.4746784567832947
LSTM,2021,0.266777844,0.33775874972343445
LSTM,2021,0.361113057,0.4393104016780853
LSTM,2021,0.355508948,0.5068522095680237
LSTM,2021,0.325649568,0.5608508586883545
LSTM,2021,0.317312044,0.5699902176856995
LSTM,2021,0.458997948,0.588081955909729
LSTM,2021,0.303196603,0.605992317199707
LSTM,2021,0.387159973,0.5514326691627502
LSTM,2021,0.433601071,0.59843510389328
LSTM,2021,0.355918694,0.6018323302268982
LSTM,2021,0.335840756,0.5772715210914612
LSTM,2021,0.371840455,0.3864883780479431
LSTM,2021,0.061353334,0.16642294824123383
LSTM,2021,0.146660969,0.398750364780426
LSTM,2021,0.168706106,0.3810535967350006
LSTM,2021,0.16113355,0.4961949288845062
LSTM,2021,0.55663074,0.34202083945274353
LSTM,2021,0.235286376,0.25909706950187683
LSTM,2021,0.220423661,0.47614747285842896
LSTM,2021,0.215157325,0.5264222025871277
LSTM,2021,0.166037452,0.3480396866798401
LSTM,2021,0.377051402,0.18978728353977203
LSTM,2021,0.166807258,0.2392989993095398
LSTM,2021,0.145387342,0.2592025697231293
LSTM,2021,0.079873333,0.2424549013376236
LSTM,2021,0.182003078,0.41857919096946716
LSTM,2021,0.099969202,0.4416638910770416
LSTM,2021,0.223988095,0.4612581431865692
LSTM,2021,0.195046711,0.43451181054115295
LSTM,2021,0.159285521,0.4376508295536041
LSTM,2021,0.298283025,0.6296506524085999
LSTM,2021,0.604759408,0.5586522817611694
LSTM,2021,0.426461845,0.45768222212791443
LSTM,2021,0.163912465,0.2818843424320221
LSTM,2021,0.155014674,0.4110219180583954
LSTM,2021,0.034172903,0.17307570576667786
LSTM,2021,0.164820426,0.2659238278865814
LSTM,2021,0.093836379,0.2534313499927521
LSTM,2022,0.041963071,0.273397296667099
LSTM,2022,0.107126726,0.2697189748287201
LSTM,2022,0.046744134,0.5276703238487244
LSTM,2022,0.461299797,0.5194876194000244
LSTM,2022,0.680135593,0.5849869251251221
LSTM,2022,0.62550849,0.4188111126422882
LSTM,2022,0.207912548,0.07778780162334442
LSTM,2022,0.11537314,0.17081771790981293
LSTM,2022,0.061197049,0.20795205235481262
LSTM,2022,0.066656085,0.33544307947158813
LSTM,2022,0.009728362,0.304200679063797
LSTM,2022,0.139222101,0.512275218963623
LSTM,2022,0.140846716,0.5416030883789062
LSTM,2022,0.335987105,0.4570757746696472
LSTM,2022,0.245879869,0.4779469072818756
LSTM,2022,0.247703078,0.4785698652267456
LSTM,2022,0.192047118,0.6855824589729309
LSTM,2022,0.511876498,0.532770037651062
LSTM,2022,0.78885819,0.4557598829269409
LSTM,2022,0.169290465,0.28624463081359863
LSTM,2022,0.036795142,0.5537860989570618
LSTM,2022,0.0,0.6225817799568176
LSTM,2022,0.439032195,0.7713642716407776
LSTM,2022,0.326494516,1.1196262836456299
LSTM,2022,0.202118991,1.1213165521621704
LSTM,2022,1.41537786,1.2326886653900146
LSTM,2022,2.209250715,1.078027606010437
LSTM,2022,0.01947535,0.6241177320480347
LSTM,2022,1.39337795,0.9930094480514526
LSTM,2022,1.243559939,1.1591236591339111
LSTM,2022,0.72875032,1.042989730834961
LSTM,2022,0.495338919,1.1510802507400513
LSTM,2022,0.581870939,1.3223081827163696
LSTM,2022,0.420547035,0.8494312763214111
LSTM,2022,0.701521656,0.8559005856513977
LSTM,2022,2.325402396,0.9118071794509888
LSTM,2022,3.082000845,1.2410774230957031
LSTM,2022,1.767593714,1.3425365686416626
LSTM,2022,1.168993565,1.1762603521347046
LSTM,2022,0.002984779,1.3391534090042114
LSTM,2022,0.560723325,1.423405408859253
LSTM,2022,0.80910345,0.901923418045044
LSTM,2022,0.554182658,0.8342108130455017
LSTM,2022,0.412350831,0.9601022601127625
LSTM,2022,0.422503727,1.078086256980896
LSTM,2022,0.473287535,0.3992631435394287
LSTM,2022,1.372972024,0.996698796749115
LSTM,2022,0.425794214,0.7720226645469666
LSTM,2022,0.410039172,0.5269240736961365
LSTM,2022,0.168421342,0.6803085803985596
LSTM,2022,0.271783151,0.6804854869842529
LSTM,2022,0.137843859,0.6879348158836365
LSTM,2022,0.101881955,0.7621477842330933
LSTM,2022,0.328944023,0.6691610217094421
LSTM,2022,0.185286709,0.8116680979728699
LSTM,2022,0.270505055,0.7782192230224609
LSTM,2022,0.34441556,0.6346539855003357
LSTM,2022,0.147639199,0.9435802102088928
LSTM,2022,0.57046163,0.9175901412963867
LSTM,2022,1.672985942,1.1706959009170532
LSTM,2022,0.263208204,0.8579740524291992
LSTM,2022,0.198229423,0.7522460222244263
LSTM,2022,0.21724745,0.6742543578147888
LSTM,2022,0.240843969,0.5045207738876343
LSTM,2022,0.216330532,0.8157522082328796
LSTM,2022,1.462668765,0.9875776767730713
LSTM,2022,0.464726292,0.8588168621063232
LSTM,2022,0.738135044,1.1655415296554565
LSTM,2022,1.20402185,1.3143399953842163
LSTM,2022,2.44320585,1.5812705755233765
LSTM,2022,1.51667574,0.8378969430923462
LSTM,2022,2.81273566,1.9061064720153809
LSTM,2022,2.612436152,1.9963830709457397
LSTM,2022,1.54337316,1.5524822473526
LSTM,2022,1.498266928,2.0248420238494873
LSTM,2022,0.91699546,1.1461100578308105
LSTM,2022,0.97427977,1.8762973546981812
LSTM,2022,0.73793613,1.7251596450805664
LSTM,2022,0.862399078,2.202995777130127
LSTM,2022,0.578386663,0.8218327760696411
LSTM,2022,0.546428716,0.7810854315757751
LSTM,2022,0.560864526,0.9352287650108337
LSTM,2022,0.421751071,0.6809984445571899
LSTM,2022,0.424526165,0.677891194820404
LSTM,2022,0.41594795,0.7822452187538147
LSTM,2022,0.305597755,0.6503275632858276
LSTM,2022,0.09024175,0.5450795292854309
LSTM,2022,0.485336825,1.1233644485473633
LSTM,2022,0.393437012,0.8763362169265747
LSTM,2022,0.476434439,0.6378521919250488
LSTM,2022,0.396914905,0.5832101702690125
LSTM,2022,0.557795934,0.7031372785568237
LSTM,2022,2.1421052,1.2929844856262207
LSTM,2022,1.013096665,1.593796968460083
LSTM,2022,2.4487323,1.790871500968933
LSTM,2022,3.70944881,2.020012617111206
LSTM,2022,3.181197458,2.197998285293579
LSTM,2022,3.742303495,2.0373306274414062
LSTM,2022,2.830107965,2.123372793197632
LSTM,2022,2.7771717,2.565906286239624
LSTM,2022,3.130349581,2.4535138607025146
LSTM,2022,2.699800585,2.690972089767456
LSTM,2022,1.2886323,2.1693332195281982
LSTM,2022,1.057500049,2.259127616882324
LSTM,2022,1.260686175,2.055851936340332
LSTM,2022,1.25503973,1.0201772451400757
LSTM,2022,1.4058549,1.343370795249939
LSTM,2022,0.966722215,1.010250210762024
LSTM,2022,1.17154764,1.237361192703247
LSTM,2022,0.524145604,1.0482789278030396
LSTM,2022,0.95801886,1.0531193017959595
LSTM,2022,0.672197145,0.8809396028518677
LSTM,2022,0.564434831,0.7950789928436279
LSTM,2022,0.550355657,0.7884914875030518
LSTM,2022,0.413263818,0.620567262172699
LSTM,2022,0.31982862,0.6908596158027649
LSTM,2022,0.592019135,0.9885345697402954
LSTM,2022,0.44599786,0.7963011264801025
LSTM,2022,0.530084778,0.6720685362815857
LSTM,2022,0.300596202,0.5523380041122437
LSTM,2022,0.249463909,0.8939136862754822
LSTM,2022,0.583418522,0.885160505771637
LSTM,2022,0.821687031,0.6643426418304443
LSTM,2022,0.807332406,0.5730655193328857
LSTM,2022,0.418606784,0.7772737741470337
LSTM,2022,0.570989062,1.1320488452911377
LSTM,2022,0.545523916,0.8292185664176941
LSTM,2022,0.726919135,1.0173687934875488
LSTM,2022,0.55705609,0.791659414768219
LSTM,2022,3.6621348,1.6154216527938843
LSTM,2022,4.458306105,2.215547800064087
LSTM,2022,4.96025518,2.133908271789551
LSTM,2022,4.05222316,2.2073798179626465
LSTM,2022,2.5761837,2.900348663330078
LSTM,2022,2.6699641,2.655766487121582
LSTM,2022,2.6747828,2.783909797668457
LSTM,2022,2.2025582,2.835263729095459
LSTM,2022,2.04027464,2.797206401824951
LSTM,2022,2.52711405,3.4768433570861816
LSTM,2022,4.202483175,3.7273082733154297
LSTM,2022,3.501304365,2.9500815868377686
LSTM,2022,2.6492888,2.6012465953826904
LSTM,2022,2.284225752,2.4814951419830322
LSTM,2022,2.395750264,2.572150230407715
LSTM,2022,2.347239805,2.2863805294036865
LSTM,2022,1.923152341,2.374821186065674
LSTM,2022,1.98945604,2.480076313018799
LSTM,2022,1.659447425,3.286264419555664
LSTM,2022,4.234023495,3.9544858932495117
LSTM,2022,2.857902425,4.293234348297119
LSTM,2022,3.850147985,4.331409931182861
LSTM,2022,4.080302195,6.57088041305542
LSTM,2022,3.65960872,5.447303771972656
LSTM,2022,3.30926045,5.377774238586426
LSTM,2022,2.87295164,4.86191463470459
LSTM,2022,3.0800583,5.009879112243652
LSTM,2022,1.413719695,4.409277439117432
LSTM,2022,1.155060881,1.6096643209457397
LSTM,2022,2.148770955,2.8297982215881348
LSTM,2022,1.88396471,3.137158155441284
LSTM,2022,2.024887545,3.1822032928466797
LSTM,2022,1.607481265,3.5133347511291504
LSTM,2022,1.42897534,3.5013539791107178
LSTM,2022,1.258159603,3.2396388053894043
LSTM,2022,1.34598782,3.6171088218688965
LSTM,2022,4.281451926,4.175783157348633
LSTM,2022,2.433211,2.5805225372314453
LSTM,2022,3.20892789,3.376352310180664
LSTM,2022,3.4841843,3.963717222213745
LSTM,2022,2.210331497,3.322993278503418
LSTM,2022,2.287348045,3.1600873470306396
LSTM,2022,1.782011799,3.5058369636535645
LSTM,2022,1.68047289,3.561556100845337
LSTM,2022,1.526156491,4.010036468505859
LSTM,2022,1.291069166,3.988190174102783
LSTM,2022,1.11582397,3.047029972076416
LSTM,2022,0.7888478,1.8207178115844727
LSTM,2022,2.00503341,2.241100549697876
LSTM,2022,1.0448622,2.403395175933838
LSTM,2022,0.36698346,2.1817848682403564
LSTM,2022,0.620751341,2.033474922180176
LSTM,2022,0.974391645,1.9211317300796509
LSTM,2022,1.554102665,1.763988733291626
LSTM,2022,0.39950026,1.118325114250183
LSTM,2022,0.432423153,1.1604933738708496
LSTM,2022,0.093404465,1.0530701875686646
LSTM,2022,0.097904062,0.6470049619674683
LSTM,2022,0.862175244,0.6828511953353882
LSTM,2022,0.219819891,1.271451473236084
LSTM,2022,0.131514445,1.0257527828216553
LSTM,2022,0.3805354,0.9954725503921509
LSTM,2022,0.637728286,0.987679123878479
LSTM,2022,0.55604485,0.6406617760658264
LSTM,2022,0.66435083,1.0236796140670776
LSTM,2022,0.444754033,0.9111502766609192
LSTM,2022,0.020277678,0.45757246017456055
LSTM,2022,0.26275719,0.5039682388305664
LSTM,2022,0.03497921,0.5096760988235474
LSTM,2022,0.041769618,0.4463748335838318
LSTM,2022,0.081067778,0.43370503187179565
LSTM,2022,0.022951124,0.28844553232192993
LSTM,2022,0.003515336,0.34245651960372925
LSTM,2022,0.023648774,0.26833224296569824
LSTM,2022,0.01982171,0.3038194477558136
LSTM,2022,0.075513255,0.2947993874549866
LSTM,2022,0.037280385,0.22564269602298737
LSTM,2022,0.229816779,0.2534615397453308
LSTM,2022,0.045934702,0.25106891989707947
LSTM,2022,0.02710241,0.3043654263019562
LSTM,2022,0.081923688,0.33086198568344116
LSTM,2022,0.04225843,0.334138959646225
LSTM,2022,0.069414543,0.3089083433151245
LSTM,2022,0.075550672,0.31340786814689636
LSTM,2022,0.016944951,0.2738947570323944
LSTM,2022,0.038735319,0.3490574061870575
LSTM,2022,0.07483416,0.32503214478492737
LSTM,2022,0.175126877,0.565796434879303
LSTM,2022,0.13111754,0.35104575753211975
LSTM,2022,0.02951842,0.2047606259584427
LSTM,2022,0.035572627,0.21694175899028778
LSTM,2022,0.754731575,0.30753621459007263
LSTM,2022,0.579580753,0.25611841678619385
LSTM,2022,0.094682328,0.1897011250257492
LSTM,2022,0.097127685,0.2536205053329468
LSTM,2022,0.074852459,0.2875177562236786
LSTM,2022,0.056181445,0.3625811040401459
LSTM,2022,0.069757451,0.29218754172325134
LSTM,2022,0.036574441,0.37046191096305847
LSTM,2022,0.029870711,0.2258005440235138
LSTM,2022,0.027314916,0.26157432794570923
LSTM,2022,0.09863885,0.22978997230529785
LSTM,2022,0.078689313,0.3522965908050537
LSTM,2022,0.368181292,0.2908741533756256
LSTM,2022,0.34833926,0.3407341241836548
LSTM,2022,0.19207127,0.20341089367866516
LSTM,2022,0.294454191,0.14888381958007812
LSTM,2022,0.015530102,0.1449812799692154
LSTM,2022,0.008819214,0.25854256749153137
LSTM,2022,0.00207407,0.2100413739681244
LSTM,2022,0.127439305,0.284496009349823
LSTM,2022,0.099712972,-0.022560101002454758
LSTM,2022,0.04891557,-0.1050335243344307
LSTM,2022,0.021914294,-0.12257903814315796
LSTM,2022,0.116697235,0.1633421629667282
LSTM,2022,0.249521916,0.30452826619148254
LSTM,2022,0.35709378,0.3658878207206726
LSTM,2022,0.53823736,0.3221187889575958
LSTM,2022,0.400556042,0.761236846446991
LSTM,2022,0.140660408,0.45309701561927795
LSTM,2022,0.180348005,0.3508806824684143
LSTM,2022,0.201237619,0.49020272493362427
LSTM,2022,0.03604325,0.04450730234384537
LSTM,2022,0.165535946,0.09890342503786087
LSTM,2022,0.718852543,0.39297419786453247
LSTM,2022,0.80853184,0.33954918384552
LSTM,2022,0.229663761,0.04686674475669861
LSTM,2022,0.086954035,0.054266322404146194
LSTM,2022,0.13488208,0.3831561803817749
LSTM,2022,0.486868508,0.2804868519306183
LSTM,2022,0.631035315,0.3382146656513214
LSTM,2022,0.717475918,0.3969232738018036
LSTM,2022,0.57792675,0.4096018075942993
LSTM,2022,0.282167973,0.3357391357421875
LSTM,2022,0.333087768,0.43340349197387695
LSTM,2022,0.369649662,0.30538299679756165
LSTM,2022,0.169044485,0.32828521728515625
LSTM,2022,0.226081166,0.4183318018913269
LSTM,2022,0.303518974,0.451993465423584
LSTM,2022,0.246986749,0.41601434350013733
LSTM,2022,0.112993947,0.14000925421714783
LSTM,2022,0.104076445,0.2589169144630432
LSTM,2022,0.086284292,0.21988129615783691
LSTM,2022,0.302686185,0.4087022542953491
LSTM,2022,0.240941737,0.43020713329315186
LSTM,2022,0.208223324,0.4201429784297943
LSTM,2022,0.156597828,0.40817952156066895
LSTM,2022,0.127753076,0.3491823077201843
LSTM,2022,0.275879302,0.4133380353450775
LSTM,2022,0.32828031,0.3795599043369293
LSTM,2022,0.498641574,0.5081053972244263
LSTM,2022,0.584655,0.5060849189758301
LSTM,2022,0.813120413,0.3065592348575592
LSTM,2022,0.515052737,0.3391394019126892
LSTM,2022,0.071531978,0.14616051316261292
LSTM,2022,0.062181678,0.14599396288394928
LSTM,2022,0.249743875,0.3121241629123688
LSTM,2022,0.877093312,0.46532878279685974
LSTM,2022,0.825278249,0.5831230282783508
LSTM,2022,1.196113195,0.5039627552032471
LSTM,2022,1.230319725,0.41979318857192993
LSTM,2022,0.770487368,0.47861093282699585
LSTM,2022,0.71271004,0.5211859941482544
LSTM,2022,0.64222577,0.34036320447921753
LSTM,2022,0.556085253,0.49786707758903503
LSTM,2022,0.459880169,0.5041748285293579
LSTM,2022,0.412054097,0.4484977722167969
LSTM,2022,0.366526991,0.17818468809127808
LSTM,2022,0.133570273,0.2767482101917267
LSTM,2022,0.382427389,0.4604746699333191
LSTM,2022,1.107925779,0.44869399070739746
LSTM,2022,0.873263737,0.555795431137085
LSTM,2022,0.66617144,0.38786643743515015
LSTM,2022,0.252966698,0.07190043479204178
LSTM,2022,0.217765913,0.16872566938400269
LSTM,2022,0.241366089,0.2061496376991272
LSTM,2022,0.234816242,0.3406272530555725
LSTM,2022,0.405090618,0.3121173083782196
LSTM,2022,0.348296804,0.5467076897621155
LSTM,2022,0.36971675,0.5771013498306274
LSTM,2022,0.379899458,0.6874368190765381
LSTM,2022,0.361939739,0.7244782447814941
LSTM,2022,0.478989064,0.7168959379196167
LSTM,2022,0.301280355,0.7216823101043701
LSTM,2022,0.476764304,0.550960898399353
LSTM,2022,0.715383925,0.4555757939815521
LSTM,2022,0.384819306,0.28048935532569885
LSTM,2022,0.728899611,0.5646543502807617
LSTM,2022,0.895539695,0.6516322493553162
LSTM,2022,0.275163283,0.25079581141471863
LSTM,2022,0.154362195,0.4012841284275055
LSTM,2022,0.816468455,0.5646572709083557
LSTM,2022,1.624056108,0.7214605212211609
LSTM,2022,1.243122007,0.8446534872055054
LSTM,2022,0.78708375,0.837738573551178
LSTM,2022,0.732875634,0.8792983293533325
LSTM,2022,0.435079479,1.1911698579788208
LSTM,2022,0.384859499,1.1511048078536987
LSTM,2022,2.190344822,1.2443513870239258
LSTM,2022,2.611229967,1.240800142288208
LSTM,2022,1.45085095,0.7227047085762024
LSTM,2022,1.107980275,0.6102584004402161
LSTM,2022,1.938009616,0.9959745407104492
LSTM,2022,1.359854697,1.3844496011734009
LSTM,2022,1.087457015,1.271173119544983
LSTM,2022,0.756952343,1.2139297723770142
LSTM,2022,0.963977629,1.4761040210723877
LSTM,2022,0.59821066,1.0230836868286133
LSTM,2022,1.244315485,0.9028590321540833
LSTM,2022,1.316820377,0.9569265246391296
LSTM,2022,2.914190887,1.2776092290878296
LSTM,2022,2.21986759,1.433266282081604
LSTM,2022,1.659048152,1.4075976610183716
LSTM,2022,1.236361932,1.4967747926712036
LSTM,2022,1.197934961,1.1503242254257202
LSTM,2022,1.272310268,1.5814062356948853
LSTM,2022,1.410176515,1.0717802047729492
LSTM,2022,1.015501395,1.2181705236434937
LSTM,2022,0.98870699,1.4591255187988281
LSTM,2022,1.204982065,1.6499625444412231
LSTM,2022,1.338623375,0.9870964884757996
LSTM,2022,1.623694005,1.1260969638824463
LSTM,2022,1.306509964,1.40617036819458
LSTM,2022,1.2270069,1.1045464277267456
LSTM,2022,0.469672077,1.0147041082382202
LSTM,2022,0.477947986,1.243664026260376
LSTM,2022,0.415657446,1.3934853076934814
LSTM,2022,0.362401545,1.1427096128463745
LSTM,2022,0.663074425,0.892896294593811
LSTM,2022,0.544120453,1.2394192218780518
LSTM,2022,1.114533555,1.252331018447876
LSTM,2022,1.483595541,1.3842666149139404
LSTM,2022,1.10371272,1.444623589515686
LSTM,2022,2.877027842,1.6247692108154297
LSTM,2022,2.687791795,1.5489633083343506
LSTM,2022,1.308399303,1.562831997871399
LSTM,2022,1.012562392,0.9166211485862732
LSTM,2022,1.666427265,1.6555417776107788
LSTM,2022,1.375911782,1.3096238374710083
LSTM,2022,1.871435798,1.7719088792800903
LSTM,2022,2.60499768,1.2505587339401245
LSTM,2022,1.68389543,2.0285587310791016
LSTM,2022,1.846327776,1.7591699361801147
LSTM,2022,0.59837005,1.4963529109954834
LSTM,2022,2.729173195,1.8997639417648315
LSTM,2022,0.616828179,0.7906069159507751
LSTM,2022,2.747300946,2.4482309818267822
LSTM,2022,4.771245121,3.4334568977355957
LSTM,2022,5.266074434,3.166100263595581
LSTM,2022,3.777110426,3.7010693550109863
LSTM,2022,3.402147715,2.726436138153076
LSTM,2022,3.543933515,3.7141664028167725
LSTM,2022,4.96366427,4.12748384475708
LSTM,2022,4.49335664,4.004935264587402
LSTM,2022,4.0728329,3.1686015129089355
LSTM,2022,3.623087954,3.3954498767852783
LSTM,2022,3.369498946,3.2197799682617188
LSTM,2022,4.105840809,2.7504184246063232
LSTM,2022,3.56170691,2.844909906387329
LSTM,2022,4.211035955,2.4626214504241943
LSTM,2022,4.586340625,1.6454801559448242
LSTM,2022,1.65586868,0.8137797713279724
LSTM,2022,2.544231614,1.894842267036438
LSTM,2022,2.2735381,1.7877134084701538
LSTM,2022,1.93686507,1.2928038835525513
LSTM,2022,0.820051835,0.7019990086555481
LSTM,2022,2.70738667,2.333746910095215
LSTM,2022,3.430873945,2.984086513519287
LSTM,2022,4.062414435,2.7563209533691406
LSTM,2022,3.8046058,2.542224645614624
LSTM,2022,3.31330105,2.645331382751465
LSTM,2022,4.00086706,2.4794044494628906
LSTM,2022,2.47282458,2.4824020862579346
LSTM,2022,2.633827246,2.3204972743988037
LSTM,2022,3.761568675,3.2961339950561523
LSTM,2022,4.711162815,3.552905321121216
LSTM,2022,4.367816845,3.927992343902588
LSTM,2022,5.271958295,4.2218708992004395
LSTM,2022,5.501717105,4.353133201599121
LSTM,2022,4.40297537,3.978743076324463
LSTM,2022,5.023418525,4.8676300048828125
LSTM,2022,4.34290475,4.515038013458252
LSTM,2022,4.25230821,4.301811218261719
LSTM,2022,5.48918895,4.7270426750183105
LSTM,2022,4.4604695,3.4437804222106934
LSTM,2022,6.61318635,3.7798824310302734
LSTM,2022,3.4108192,3.0237233638763428
LSTM,2022,3.838142237,3.4063775539398193
LSTM,2022,3.526594625,3.181760549545288
LSTM,2022,3.893791101,2.802631139755249
LSTM,2022,3.96868165,2.5813069343566895
LSTM,2022,3.5693009,2.388526439666748
LSTM,2022,3.138403825,2.1956539154052734
LSTM,2022,1.736165014,1.729335069656372
LSTM,2022,1.737669692,1.6411391496658325
LSTM,2022,1.963668106,1.969067931175232
LSTM,2022,1.43145964,1.6035056114196777
LSTM,2022,0.862744145,1.3341816663742065
LSTM,2022,0.95341693,1.1742995977401733
LSTM,2022,1.033253356,1.6589021682739258
LSTM,2022,1.32891756,1.5469540357589722
LSTM,2022,1.301714522,1.2677851915359497
LSTM,2022,1.065042557,1.010687232017517
LSTM,2022,0.626364078,1.2539782524108887
LSTM,2022,0.72633582,1.6660047769546509
LSTM,2022,0.57910719,1.251145362854004
LSTM,2022,0.447216975,1.4293920993804932
LSTM,2022,0.20574028,1.0749902725219727
LSTM,2022,2.489134565,1.7196018695831299
LSTM,2022,0.08407499,2.345503091812134
LSTM,2022,3.549374085,3.726835250854492
LSTM,2022,1.337647715,2.743170738220215
LSTM,2022,0.938318815,2.3715264797210693
LSTM,2022,1.274655042,1.8939980268478394
LSTM,2022,1.339909674,1.740638017654419
LSTM,2022,0.477379321,1.5851783752441406
LSTM,2022,1.174625627,0.8854756951332092
LSTM,2022,1.280082213,0.9739907383918762
LSTM,2022,0.879936881,0.7353895902633667
LSTM,2022,0.915419651,0.8273353576660156
LSTM,2022,0.877249296,0.7460964918136597
LSTM,2022,0.657814945,0.7131029963493347
LSTM,2022,0.641567255,0.6837265491485596
LSTM,2022,0.992076955,1.644745945930481
LSTM,2022,3.25872421,2.031606674194336
LSTM,2022,1.615091205,1.4931236505508423
LSTM,2022,1.634732135,1.8023134469985962
LSTM,2022,1.81846829,1.8353883028030396
LSTM,2022,1.066751775,1.5269927978515625
LSTM,2022,1.128575175,1.5094833374023438
LSTM,2022,1.09556878,1.7280607223510742
LSTM,2022,0.964139242,1.5825831890106201
LSTM,2022,1.092313298,1.6345292329788208
LSTM,2022,0.873334296,1.4642747640609741
LSTM,2022,0.959823367,0.7240411043167114
LSTM,2022,0.682781075,1.1080594062805176
LSTM,2022,2.13445749,0.8404818773269653
LSTM,2022,1.182356299,0.6648015975952148
LSTM,2022,0.492321375,0.6624800562858582
LSTM,2022,0.77944903,0.6795955896377563
LSTM,2022,1.125781355,1.1672205924987793
LSTM,2022,0.93261341,0.7338113188743591
LSTM,2022,0.613938374,0.6926410794258118
LSTM,2022,0.501094514,0.7710961103439331
LSTM,2022,0.78711876,0.7665225267410278
LSTM,2022,0.772612614,0.70997154712677
LSTM,2022,0.697236069,0.6130272746086121
LSTM,2022,0.743245692,0.6474577784538269
LSTM,2022,0.756957372,0.5424607396125793
LSTM,2022,0.203611738,0.535121738910675
LSTM,2022,0.791489905,0.6366462111473083
LSTM,2022,0.747730253,1.1336201429367065
LSTM,2022,0.706169938,0.7061413526535034
LSTM,2022,0.348130291,0.6576119065284729
LSTM,2022,0.207047065,0.5214385986328125
LSTM,2022,0.466772255,0.4923008978366852
LSTM,2022,0.275731038,0.9349769949913025
LSTM,2022,0.873003275,0.6035860180854797
LSTM,2022,1.805252181,1.160727620124817
LSTM,2022,1.153302035,0.7581388354301453
LSTM,2022,0.676135072,0.7631096243858337
LSTM,2022,0.811647756,0.7127861976623535
LSTM,2022,0.490891541,0.5844493508338928
LSTM,2022,0.586155636,0.6145928502082825
LSTM,2022,0.500536552,0.48817774653434753
LSTM,2022,0.293819758,0.6963749527931213
LSTM,2022,0.48823095,1.3086999654769897
LSTM,2022,1.46851902,0.6821406483650208
LSTM,2022,0.74032283,0.7363259792327881
LSTM,2022,0.82743075,0.7862659096717834
LSTM,2022,0.713273884,0.7660062313079834
LSTM,2022,0.515672642,0.7746455669403076
LSTM,2022,0.325930874,0.4851970970630646
LSTM,2022,0.3785549,0.8341594338417053
LSTM,2022,0.384026215,0.5847159028053284
LSTM,2022,0.408676723,0.4415551424026489
LSTM,2022,0.463525128,0.4150671660900116
LSTM,2022,0.291225881,0.6499424576759338
LSTM,2022,0.283816489,0.3532097339630127
LSTM,2022,0.297648808,0.33550718426704407
LSTM,2022,0.179165369,0.2558702230453491
LSTM,2022,0.335761788,0.5637080073356628
LSTM,2022,0.203671896,0.4225766956806183
LSTM,2022,0.058521102,0.34992271661758423
LSTM,2022,0.223822081,0.28611576557159424
LSTM,2022,0.293180802,0.2814226746559143
LSTM,2022,0.230467517,0.2558252513408661
LSTM,2022,0.225115915,0.2633324861526489
LSTM,2022,0.997510775,0.7151665091514587
LSTM,2022,0.881281387,0.6015151143074036
LSTM,2022,0.319930846,0.2557202875614166
LSTM,2022,0.172904214,0.37827229499816895
LSTM,2022,0.127744856,0.3841157555580139
LSTM,2022,0.208315992,0.5500611662864685
LSTM,2022,0.205280249,0.51962810754776
LSTM,2022,0.161667208,0.34153980016708374
LSTM,2022,0.145490548,0.3115077316761017
LSTM,2022,0.150555517,0.27281203866004944
LSTM,2022,0.094909567,0.2388053983449936
LSTM,2022,0.23396286,0.47319239377975464
LSTM,2022,0.26808761,0.47521427273750305
LSTM,2022,0.145151078,0.20902128517627716
LSTM,2022,0.182787061,0.37776702642440796
LSTM,2022,0.02628807,0.17192718386650085
LSTM,2022,0.266222465,0.26826906204223633
LSTM,2022,0.22321221,0.4399922788143158
LSTM,2022,0.265510934,0.42862972617149353
LSTM,2022,0.115667351,0.26471155881881714
LSTM,2022,0.136164185,0.3199768364429474
LSTM,2022,0.104136014,0.2649272084236145
LSTM,2022,0.092056985,0.3040551245212555
LSTM,2022,0.287832724,0.29662472009658813
LSTM,2022,0.125920637,0.23082061111927032
LSTM,2022,0.478374946,0.26084378361701965
LSTM,2022,0.175844835,0.25586140155792236
LSTM,2022,0.12564857,0.3015625476837158
LSTM,2022,0.242280994,0.260038286447525
LSTM,2022,0.154494615,0.3091825246810913
LSTM,2022,0.100843157,0.22123372554779053
LSTM,2022,0.097452221,0.2876211404800415
LSTM,2022,0.064373122,0.2502462863922119
LSTM,2022,0.133591936,0.3225598633289337
LSTM,2022,0.08356511,0.23362930119037628
LSTM,2022,0.479071221,0.5394781231880188
LSTM,2022,0.22964699,0.32408198714256287
LSTM,2022,0.16433073,0.21577034890651703
LSTM,2022,0.26962522,0.22717224061489105
LSTM,2022,1.30232806,0.30830392241477966
LSTM,2022,0.622316147,0.24827565252780914
LSTM,2022,0.235990053,0.19260698556900024
LSTM,2022,0.165442933,0.1968669593334198
LSTM,2022,0.099348418,0.2735840082168579
LSTM,2022,0.174731887,0.3523242771625519
LSTM,2022,0.140235302,0.2565348744392395
LSTM,2022,0.194824212,0.36986005306243896
LSTM,2022,0.142987488,0.21676507592201233
LSTM,2022,0.121951415,0.21636919677257538
LSTM,2022,0.141592477,0.13995221257209778
LSTM,2022,0.098357108,0.3553380072116852
LSTM,2022,0.430104647,0.29517173767089844
LSTM,2022,0.354429191,0.33696579933166504
LSTM,2022,0.150839497,0.20714329183101654
LSTM,2022,0.515104451,0.1522507220506668
LSTM,2022,0.301773357,0.14796940982341766
LSTM,2022,0.237061688,0.26080521941185
LSTM,2022,0.246237435,0.2075861096382141
LSTM,2022,0.257655806,0.28734076023101807
LSTM,2022,0.346681669,-0.024694500491023064
LSTM,2022,0.046132767,-0.10720152407884598
LSTM,2022,0.097382142,-0.12452244758605957
LSTM,2022,0.213122748,0.16087135672569275
LSTM,2022,0.342873244,0.3076682984828949
LSTM,2022,0.311704134,0.3721412420272827
LSTM,2022,0.270472337,0.3428151607513428
LSTM,2022,0.294387243,0.764072835445404
LSTM,2022,0.199001201,0.4536379277706146
LSTM,2022,0.13258668,0.35054558515548706
LSTM,2022,0.237201965,0.4905339181423187
LSTM,2023,0.069221142,0.4640088975429535
LSTM,2023,0.071217409,0.46743059158325195
LSTM,2023,0.03909555,0.7236299514770508
LSTM,2023,0.002833806,0.48395228385925293
LSTM,2023,0.002891641,0.45026910305023193
LSTM,2023,0.027325901,0.6792431473731995
LSTM,2023,0.007235016,0.6627742052078247
LSTM,2023,0.142955585,0.4611054062843323
LSTM,2023,0.081296885,0.4749525785446167
LSTM,2023,0.100082664,0.4294116199016571
LSTM,2023,0.139561368,0.45051872730255127
LSTM,2023,0.008690999,0.6919187307357788
LSTM,2023,0.230405491,0.3516719937324524
LSTM,2023,0.148254556,0.3681642413139343
LSTM,2023,0.214281406,0.560160219669342
LSTM,2023,0.165862045,0.474345862865448
LSTM,2023,0.502394294,0.4231465458869934
LSTM,2023,0.334452989,0.552010715007782
LSTM,2023,0.024371979,0.36294490098953247
LSTM,2023,0.073078425,0.5080211162567139
LSTM,2023,0.005895045,0.4855566918849945
LSTM,2023,0.004087908,0.4099503457546234
LSTM,2023,0.01172871,0.4656310975551605
LSTM,2023,0.082007918,0.46674418449401855
LSTM,2023,0.368754455,0.23483513295650482
LSTM,2023,0.219703315,0.38118961453437805
LSTM,2023,0.094937005,0.33167582750320435
LSTM,2023,0.045274746,0.16602472960948944
LSTM,2023,0.059521694,0.1674637645483017
LSTM,2023,0.044371475,0.2690134346485138
LSTM,2023,0.015443945,0.2998155951499939
LSTM,2023,0.069033181,0.49746397137641907
LSTM,2023,0.284574738,0.3477805554866791
LSTM,2023,0.124155942,0.3665591776371002
LSTM,2023,0.092392048,0.41112104058265686
LSTM,2023,0.197951499,0.4818866550922394
LSTM,2023,0.029372596,0.5152833461761475
LSTM,2023,0.062546135,0.402968168258667
LSTM,2023,0.2239212,0.37158530950546265
LSTM,2023,0.004670836,0.3626962900161743
LSTM,2023,0.032056966,0.4250316321849823
LSTM,2023,0.07542078,0.48132047057151794
LSTM,2023,0.357236785,0.4404321312904358
LSTM,2023,1.550160315,0.48631396889686584
LSTM,2023,0.697368775,0.358098566532135
LSTM,2023,0.004590859,0.4237426519393921
LSTM,2023,0.08757009,0.24070151150226593
LSTM,2023,0.244264689,0.3473949730396271
LSTM,2023,0.042089235,0.4018097519874573
LSTM,2023,0.218360828,0.31229302287101746
LSTM,2023,0.162874799,0.731444776058197
LSTM,2023,0.38360905,0.2851054072380066
LSTM,2023,0.03278525,0.10066381096839905
LSTM,2023,0.02548107,0.3739033341407776
LSTM,2023,0.087166205,0.39973893761634827
LSTM,2023,0.309284593,0.44548499584198
LSTM,2023,0.49377121,0.6078524589538574
LSTM,2023,0.756513585,0.664056122303009
LSTM,2023,0.616817843,0.3011423349380493
LSTM,2023,0.216506468,0.6898079514503479
LSTM,2023,0.364684211,0.6808976531028748
LSTM,2023,0.23629321,0.9496656060218811
LSTM,2023,1.000807517,0.899528443813324
LSTM,2023,0.39766602,0.7030834555625916
LSTM,2023,0.28985964,0.4796837568283081
LSTM,2023,0.47071153,0.48454466462135315
LSTM,2023,0.270599643,0.9781953692436218
LSTM,2023,0.544902721,0.6761889457702637
LSTM,2023,2.08142344,0.8569763898849487
LSTM,2023,0.66879505,0.6683467030525208
LSTM,2023,0.709734915,0.6532185673713684
LSTM,2023,1.164263682,0.898663341999054
LSTM,2023,1.884206879,0.7824952006340027
LSTM,2023,1.042922915,0.5404526591300964
LSTM,2023,0.421032325,0.5472381711006165
LSTM,2023,0.24602212,0.23161451518535614
LSTM,2023,0.609077891,0.2462172955274582
LSTM,2023,0.847911277,0.45604467391967773
LSTM,2023,0.677964142,0.4910661280155182
LSTM,2023,0.327631245,0.6579281687736511
LSTM,2023,0.596419973,0.8241006135940552
LSTM,2023,0.494054612,0.8309832215309143
LSTM,2023,0.627397625,0.7031399011611938
LSTM,2023,0.618359702,0.7790952920913696
LSTM,2023,0.505499525,0.9455466270446777
LSTM,2023,0.259357605,0.8815022706985474
LSTM,2023,0.222667435,0.910214364528656
LSTM,2023,2.390886405,1.1245304346084595
LSTM,2023,2.957258325,0.870346188545227
LSTM,2023,2.124273845,1.0232703685760498
LSTM,2023,1.995304111,0.7577186822891235
LSTM,2023,1.840286172,0.9314064979553223
LSTM,2023,0.69042031,0.5661725401878357
LSTM,2023,0.271838865,0.7960452437400818
LSTM,2023,0.840805046,0.8551402688026428
LSTM,2023,0.92678864,0.25997194647789
LSTM,2023,0.692137315,0.3253359794616699
LSTM,2023,0.55768247,0.38682177662849426
LSTM,2023,0.53032274,0.3806799054145813
LSTM,2023,0.74933998,0.40022027492523193
LSTM,2023,0.57385696,0.3912096321582794
LSTM,2023,0.53028973,0.29675835371017456
LSTM,2023,0.43403678,0.47788405418395996
LSTM,2023,0.960684555,0.9440026879310608
LSTM,2023,0.994548101,0.7447883486747742
LSTM,2023,0.708727971,0.4728998839855194
LSTM,2023,0.634718345,0.36355459690093994
LSTM,2023,1.378385275,1.1556504964828491
LSTM,2023,2.15900754,0.8565254807472229
LSTM,2023,0.178754596,0.7615309953689575
LSTM,2023,0.368652352,0.7750393152236938
LSTM,2023,0.310900355,0.890483558177948
LSTM,2023,0.87359649,0.7176156640052795
LSTM,2023,1.18032704,0.8699801564216614
LSTM,2023,1.691084308,1.1849342584609985
LSTM,2023,1.69417451,0.9405597448348999
LSTM,2023,0.944482711,0.6911107897758484
LSTM,2023,0.443487737,0.5622261166572571
LSTM,2023,0.482026512,0.5498063564300537
LSTM,2023,0.428590425,0.5599534511566162
LSTM,2023,0.352118327,0.6199682950973511
LSTM,2023,0.634619151,1.0287669897079468
LSTM,2023,0.609302631,1.0181809663772583
LSTM,2023,0.40431859,1.0612797737121582
LSTM,2023,1.549798275,1.303360104560852
LSTM,2023,1.603407073,1.4642705917358398
LSTM,2023,2.600050725,1.296028971672058
LSTM,2023,2.174489065,1.5148030519485474
LSTM,2023,2.460134108,0.705481767654419
LSTM,2023,3.123820957,1.593458652496338
LSTM,2023,2.097796101,1.4171185493469238
LSTM,2023,2.493803185,1.230042576789856
LSTM,2023,2.101778252,1.3336588144302368
LSTM,2023,3.439413916,2.4773809909820557
LSTM,2023,3.562755749,2.558805465698242
LSTM,2023,2.21332111,1.6197471618652344
LSTM,2023,1.95882501,2.2780542373657227
LSTM,2023,2.606957239,2.1109566688537598
LSTM,2023,2.097487165,2.617457866668701
LSTM,2023,2.138665405,2.01771879196167
LSTM,2023,1.539096345,1.9901831150054932
LSTM,2023,1.14220905,1.4307761192321777
LSTM,2023,1.1429016,1.6358402967453003
LSTM,2023,1.417014865,1.9822133779525757
LSTM,2023,5.02794541,2.8193345069885254
LSTM,2023,4.127320155,2.6283345222473145
LSTM,2023,4.599626425,2.433495044708252
LSTM,2023,2.034649458,2.12262225151062
LSTM,2023,1.697336905,2.510650396347046
LSTM,2023,3.39252332,2.089632034301758
LSTM,2023,4.002980296,2.421417474746704
LSTM,2023,0.91106107,1.4013664722442627
LSTM,2023,1.826391825,2.2762529850006104
LSTM,2023,1.94034487,1.8932576179504395
LSTM,2023,2.26101589,1.6370446681976318
LSTM,2023,2.2701929,1.6927229166030884
LSTM,2023,1.5901083,1.6618642807006836
LSTM,2023,3.85555177,2.3473660945892334
LSTM,2023,3.02255595,2.125800371170044
LSTM,2023,1.59340544,1.8205056190490723
LSTM,2023,2.81300228,2.3272457122802734
LSTM,2023,5.258734685,2.4214165210723877
LSTM,2023,3.806230019,2.516972303390503
LSTM,2023,2.039229295,2.313138008117676
LSTM,2023,3.25397188,0.4750964343547821
LSTM,2023,3.94528497,2.1481833457946777
LSTM,2023,4.214379925,2.1826560497283936
LSTM,2023,3.993839945,2.6146962642669678
LSTM,2023,1.879467085,2.4974379539489746
LSTM,2023,1.90340925,2.457627534866333
LSTM,2023,1.53074565,2.2234420776367188
LSTM,2023,1.967746656,2.334318161010742
LSTM,2023,4.83967245,2.344454288482666
LSTM,2023,2.83748474,1.5171295404434204
LSTM,2023,4.690074148,2.5129475593566895
LSTM,2023,3.532745695,2.35044264793396
LSTM,2023,2.31855257,2.35863995552063
LSTM,2023,1.98474298,2.0382912158966064
LSTM,2023,1.03717315,1.0615928173065186
LSTM,2023,2.124428415,1.5371743440628052
LSTM,2023,3.393165675,2.341480255126953
LSTM,2023,2.063826665,1.4625550508499146
LSTM,2023,3.61963713,2.368656635284424
LSTM,2023,1.44891595,2.22355055809021
LSTM,2023,1.3979894,2.0826432704925537
LSTM,2023,2.91211305,2.5435006618499756
LSTM,2023,1.040043407,2.351397752761841
LSTM,2023,1.522724715,1.8014814853668213
LSTM,2023,0.88021249,1.2490816116333008
LSTM,2023,1.18837286,1.2665897607803345
LSTM,2023,1.389424759,1.2018648386001587
LSTM,2023,1.214003082,0.8802136182785034
LSTM,2023,2.78198865,1.969394326210022
LSTM,2023,3.9795538,2.1086342334747314
LSTM,2023,3.62930901,2.3539481163024902
LSTM,2023,2.034824,2.460158586502075
LSTM,2023,3.49506875,1.9738141298294067
LSTM,2023,1.77597625,2.3371188640594482
LSTM,2023,1.779427765,2.213960886001587
LSTM,2023,2.238461235,2.399914026260376
LSTM,2023,2.714181631,2.1104772090911865
LSTM,2023,2.621117255,2.365225315093994
LSTM,2023,1.950487805,1.9669829607009888
LSTM,2023,1.84830019,2.0173354148864746
LSTM,2023,0.81812182,1.3202128410339355
LSTM,2023,0.83412518,1.1849708557128906
LSTM,2023,1.12687126,0.8933294415473938
LSTM,2023,0.687667282,0.9189137816429138
LSTM,2023,0.777885405,0.7761447429656982
LSTM,2023,0.750355226,0.6784932613372803
LSTM,2023,0.82101218,0.7340263724327087
LSTM,2023,0.913241795,0.8082770705223083
LSTM,2023,0.81428844,0.9532671570777893
LSTM,2023,0.56168558,0.6294034123420715
LSTM,2023,0.554260419,0.7246462106704712
LSTM,2023,1.042688335,1.2292943000793457
LSTM,2023,0.7465107,1.2811880111694336
LSTM,2023,0.9316135,1.1011488437652588
LSTM,2023,1.0122461,0.9428777694702148
LSTM,2023,0.66739103,0.9064027667045593
LSTM,2023,0.764876615,0.7800791263580322
LSTM,2023,0.558973015,0.8413146138191223
LSTM,2023,0.310507524,0.7038593888282776
LSTM,2023,0.381633713,0.7648210525512695
LSTM,2023,0.506697099,0.721071183681488
LSTM,2023,0.365737827,0.5787625908851624
LSTM,2023,0.183384931,0.647739827632904
LSTM,2023,0.443889916,0.9953743815422058
LSTM,2023,0.250080315,0.9361035227775574
LSTM,2023,0.823475996,1.3845981359481812
LSTM,2023,1.66806942,1.2383415699005127
LSTM,2023,2.871891363,1.4658377170562744
LSTM,2023,2.047910894,1.2166098356246948
LSTM,2023,0.2061593,1.0001047849655151
LSTM,2023,0.362836007,0.553213357925415
LSTM,2023,0.585137405,0.6220952272415161
LSTM,2023,0.661536319,0.6986438035964966
LSTM,2023,0.352171561,0.7826524972915649
LSTM,2023,0.313641535,0.43662920594215393
LSTM,2023,0.263856966,0.4367958605289459
LSTM,2023,0.338484813,0.4745168685913086
LSTM,2023,0.441524431,0.4711567163467407
LSTM,2023,0.36508977,0.5724959373474121
LSTM,2023,0.01443711,0.6575795412063599
LSTM,2023,1.28403138,1.2351900339126587
LSTM,2023,0.76711779,0.8572739362716675
LSTM,2023,0.73080706,0.9697665572166443
LSTM,2023,0.775340323,0.9525324702262878
LSTM,2023,0.98679453,0.7900250554084778
LSTM,2023,0.74076705,0.7766512632369995
LSTM,2023,0.744650995,0.7497326731681824
LSTM,2023,0.774072725,0.7591181993484497
LSTM,2023,0.66257967,0.8270223736763
LSTM,2023,0.484198044,0.8914863467216492
LSTM,2023,0.670262114,0.7884016633033752
LSTM,2023,0.05901942,0.710082471370697
LSTM,2023,0.16556866,0.5141567587852478
LSTM,2023,0.247125475,0.3547975718975067
LSTM,2023,0.207834908,0.5994141697883606
LSTM,2023,0.02552897,0.8266425132751465
LSTM,2023,0.248247923,0.6372844576835632
LSTM,2023,1.068371541,0.6811742186546326
LSTM,2023,1.72289017,0.7975754141807556
LSTM,2023,1.120407931,0.7119041085243225
LSTM,2023,0.931823546,0.7618930339813232
LSTM,2023,1.018055052,0.9297416806221008
LSTM,2023,0.824095497,0.744937002658844
LSTM,2023,0.937609955,0.9356342554092407
LSTM,2023,0.477193598,0.5929008722305298
LSTM,2023,0.376544659,0.6893666386604309
LSTM,2023,0.284543196,0.6760725975036621
LSTM,2023,0.671834861,0.6944251656532288
LSTM,2023,0.587196655,0.8612819910049438
LSTM,2023,0.67810873,0.959355354309082
LSTM,2023,0.784541984,0.8156290650367737
LSTM,2023,0.64741234,0.7886226773262024
LSTM,2023,0.396559619,0.5432605147361755
LSTM,2023,0.484877876,0.6862084269523621
LSTM,2023,0.468141904,0.716887354850769
LSTM,2023,0.520938932,0.7514403462409973
LSTM,2023,1.778792399,0.6930845975875854
LSTM,2023,0.569733343,0.7760812640190125
LSTM,2023,0.679856628,0.9817778468132019
LSTM,2023,0.205514608,0.5918941497802734
LSTM,2023,0.274608225,0.34529104828834534
LSTM,2023,0.147865847,0.3715953826904297
LSTM,2023,0.00831064,0.6030304431915283
LSTM,2023,0.066790762,0.6018264889717102
LSTM,2023,0.28149852,0.7241011261940002
LSTM,2023,0.498666523,0.7995626330375671
LSTM,2023,0.098158507,0.5778563618659973
LSTM,2023,0.148985366,0.4636887311935425
LSTM,2023,0.212691349,0.5528693795204163
LSTM,2023,0.226865912,0.6802310943603516
LSTM,2023,0.263397654,0.6165544986724854
LSTM,2023,0.315097272,0.6440301537513733
LSTM,2023,0.429919626,0.8663102388381958
LSTM,2023,0.586244624,0.7054837346076965
LSTM,2023,0.341776614,0.5706090927124023
LSTM,2023,0.014474691,0.46051788330078125
LSTM,2023,0.214748197,0.4905470013618469
LSTM,2023,0.220122382,0.6211682558059692
LSTM,2023,0.060710942,0.48234888911247253
LSTM,2023,0.069208426,0.3645676076412201
LSTM,2023,0.116743221,0.8723738789558411
LSTM,2023,1.17676115,0.6640666723251343
LSTM,2023,0.538400558,0.6174085736274719
LSTM,2023,0.781455999,0.6283381581306458
LSTM,2023,0.345078352,0.5615528225898743
LSTM,2023,0.555760057,0.932992160320282
LSTM,2023,0.347351267,0.7709468603134155
LSTM,2023,0.447958291,0.7234384417533875
LSTM,2023,0.31919479,0.6175627112388611
LSTM,2023,0.456400054,0.5985131859779358
LSTM,2023,1.60110638,0.4414944648742676
LSTM,2023,1.15918899,0.3475548326969147
LSTM,2023,1.2352938,0.48996707797050476
LSTM,2023,1.406779271,0.5254963636398315
LSTM,2023,0.068416156,0.5847485661506653
LSTM,2023,0.12416914,0.669977068901062
LSTM,2023,0.098579575,0.6163384318351746
LSTM,2023,0.095448364,0.49406522512435913
LSTM,2023,0.083477993,0.4641161859035492
LSTM,2023,0.062179838,0.4673852324485779
LSTM,2023,0.101411339,0.7260758280754089
LSTM,2023,0.127199735,0.4857555329799652
LSTM,2023,0.052780047,0.4519822299480438
LSTM,2023,0.081152463,0.6814794540405273
LSTM,2023,0.03789026,0.6650187373161316
LSTM,2023,0.18583169,0.46356695890426636
LSTM,2023,0.19149725,0.47730469703674316
LSTM,2023,0.096788254,0.43182629346847534
LSTM,2023,0.128501275,0.4504815936088562
LSTM,2023,0.050393885,0.6942068338394165
LSTM,2023,0.287707835,0.35864371061325073
LSTM,2023,0.173683059,0.38090595602989197
LSTM,2023,0.15611729,0.5604678392410278
LSTM,2023,0.082192864,0.47605791687965393
LSTM,2023,0.1130314,0.42313894629478455
LSTM,2023,0.247530448,0.5588709115982056
LSTM,2023,0.048618841,0.36955204606056213
LSTM,2023,0.138687751,0.5099267363548279
LSTM,2023,0.076109651,0.4874686598777771
LSTM,2023,0.065241396,0.4115900695323944
LSTM,2023,0.082537116,0.4674641489982605
LSTM,2023,0.203312955,0.4686265289783478
LSTM,2023,0.499638465,0.24008135497570038
LSTM,2023,0.379289012,0.38772135972976685
LSTM,2023,0.088314335,0.33074072003364563
LSTM,2023,0.03965242,0.16554751992225647
LSTM,2023,0.072042385,0.1694975048303604
LSTM,2023,0.08204294,0.2713221311569214
LSTM,2023,0.130623778,0.3061675727367401
LSTM,2023,0.156712839,0.5036367177963257
LSTM,2023,0.396962591,0.35411521792411804
LSTM,2023,0.435300437,0.37282487750053406
LSTM,2023,0.373386365,0.4172985851764679
LSTM,2023,0.58008173,0.4879585802555084
LSTM,2023,0.245582725,0.5212394595146179
LSTM,2023,0.418701209,0.4088689088821411
LSTM,2023,0.542159896,0.3729160726070404
LSTM,2023,0.184300968,0.36895298957824707
LSTM,2023,0.154695982,0.4309234917163849
LSTM,2023,0.341028057,0.487120658159256
LSTM,2023,0.42395319,0.4463442265987396
LSTM,2023,2.013245642,0.4919472336769104
LSTM,2023,0.39177118,0.35945630073547363
LSTM,2023,0.032288655,0.4289604425430298
LSTM,2023,0.12017968,0.25568705797195435
LSTM,2023,0.40731963,0.3528629541397095
LSTM,2023,0.170837771,0.40936213731765747
LSTM,2023,0.205654978,0.31745800375938416
LSTM,2023,0.262740344,0.7390165328979492
LSTM,2023,0.472853345,0.2813297510147095
LSTM,2023,0.121666579,0.10185780376195908
LSTM,2023,0.125899073,0.37866032123565674
LSTM,2023,0.269478067,0.41401779651641846
LSTM,2023,0.471572832,0.45689454674720764
LSTM,2023,0.971616919,0.6240214109420776
LSTM,2023,1.567554336,0.6715816855430603
LSTM,2023,0.716960244,0.30132856965065
LSTM,2023,0.631188677,0.6868299245834351
LSTM,2023,0.755919755,0.6746578216552734
LSTM,2023,0.40049655,0.9408012628555298
LSTM,2023,1.168774805,0.884509265422821
LSTM,2023,0.620268315,0.691871166229248
LSTM,2023,0.442007605,0.47960028052330017
LSTM,2023,0.391148656,0.4846937954425812
LSTM,2023,0.722747319,0.9293820858001709
LSTM,2023,0.731867571,0.6581768989562988
LSTM,2023,1.451654754,0.8063830733299255
LSTM,2023,0.88824345,0.5965578556060791
LSTM,2023,1.06386154,0.5735934972763062
LSTM,2023,1.039858215,0.8300223350524902
LSTM,2023,2.725156568,0.7118328213691711
LSTM,2023,2.02681599,0.5252318382263184
LSTM,2023,1.043302337,0.47957557439804077
LSTM,2023,0.660713452,0.15864461660385132
LSTM,2023,0.82127958,0.1672784686088562
LSTM,2023,0.807551639,0.379751056432724
LSTM,2023,0.651343913,0.47378402948379517
LSTM,2023,0.432591069,0.6399408578872681
LSTM,2023,0.734264217,0.7594297528266907
LSTM,2023,0.533772675,0.8052445650100708
LSTM,2023,0.894835083,0.6857602000236511
LSTM,2023,0.872233336,0.7246965765953064
LSTM,2023,0.265712846,0.92525714635849
LSTM,2023,0.51931149,0.8061712980270386
LSTM,2023,0.364772929,0.89308762550354
LSTM,2023,2.399562501,1.0636839866638184
LSTM,2023,0.28746464,0.851277232170105
LSTM,2023,0.1793931,0.85616534948349
LSTM,2023,0.66610799,0.5616952776908875
LSTM,2023,0.882555465,0.7230530977249146
LSTM,2023,0.897250751,0.7593250274658203
LSTM,2023,0.887653541,0.16349929571151733
LSTM,2023,0.637920427,0.21837903559207916
LSTM,2023,0.581929946,0.2997622489929199
LSTM,2023,0.591329279,0.29395997524261475
LSTM,2023,1.1069304,0.25794699788093567
LSTM,2023,0.640029829,0.25628456473350525
LSTM,2023,0.771037254,0.20961415767669678
LSTM,2023,0.467964466,0.47792935371398926
LSTM,2023,1.5294415,0.9273518323898315
LSTM,2023,0.900309355,0.6657517552375793
LSTM,2023,0.76388597,0.3471265435218811
LSTM,2023,0.93450354,0.2787972390651703
LSTM,2023,1.04646457,1.0857876539230347
LSTM,2023,2.13083353,0.7918378114700317
LSTM,2023,0.83154705,0.8852375149726868
LSTM,2023,0.373637967,0.6843063235282898
LSTM,2023,0.415189498,0.6924129128456116
LSTM,2023,0.369981475,0.8155319094657898
LSTM,2023,0.834426715,0.716619610786438
LSTM,2023,1.137156075,0.8471393585205078
LSTM,2023,1.84674599,1.1151466369628906
LSTM,2023,1.891422175,0.8885765671730042
LSTM,2023,0.887790104,0.6149276494979858
LSTM,2023,0.463121556,0.44599413871765137
LSTM,2023,0.480319666,0.43850409984588623
LSTM,2023,0.428590425,0.4534129202365875
LSTM,2023,0.352118327,0.5109007954597473
LSTM,2023,0.634619151,0.9685325026512146
LSTM,2023,0.609302631,0.9456794261932373
LSTM,2023,0.40431859,0.9569506049156189
LSTM,2023,1.549798275,1.1975772380828857
LSTM,2023,1.603407073,1.3484151363372803
LSTM,2023,2.600050725,1.1696840524673462
LSTM,2023,2.174489065,1.4605339765548706
LSTM,2023,2.460134108,0.7014755010604858
LSTM,2023,3.123820957,1.4902606010437012
LSTM,2023,2.097796101,1.3330409526824951
LSTM,2023,2.493803185,1.191031813621521
LSTM,2023,2.101778252,1.2912471294403076
LSTM,2023,3.439413916,2.3372445106506348
LSTM,2023,3.562755749,2.402498722076416
LSTM,2023,2.21332111,1.5589033365249634
LSTM,2023,1.95882501,2.15872859954834
LSTM,2023,2.606957239,1.9974421262741089
LSTM,2023,2.097487165,2.483602285385132
LSTM,2023,2.138665405,1.9086573123931885
LSTM,2023,1.539096345,1.9040485620498657
LSTM,2023,1.14220905,1.406984567642212
LSTM,2023,1.1429016,1.4950679540634155
LSTM,2023,1.417014865,1.7497752904891968
LSTM,2023,5.02794541,2.497652769088745
LSTM,2023,4.127320155,2.2153046131134033
LSTM,2023,4.599626425,2.0697593688964844
LSTM,2023,2.034649458,1.7638509273529053
LSTM,2023,1.697336905,2.1752443313598633
LSTM,2023,2.38926626,1.7479422092437744
LSTM,2023,3.753417195,2.132744550704956
LSTM,2023,1.646913481,1.33530592918396
LSTM,2023,2.293438248,1.5972192287445068
LSTM,2023,3.12225766,2.187709093093872
LSTM,2023,2.643278075,2.021435022354126
LSTM,2023,1.851084905,1.7054898738861084
LSTM,2023,1.7105831,1.4688692092895508
LSTM,2023,1.97238161,1.5275272130966187
LSTM,2023,1.408862235,2.204002857208252
LSTM,2023,2.954322985,2.1799187660217285
LSTM,2023,3.0985462,2.0004284381866455
LSTM,2023,1.817331395,1.7184524536132812
LSTM,2023,3.138898829,2.2236526012420654
LSTM,2023,5.334706245,2.306641101837158
LSTM,2023,3.561937555,2.416367530822754
LSTM,2023,2.091928085,2.288670778274536
LSTM,2023,1.951290084,0.5136710405349731
LSTM,2023,4.005193555,2.242387056350708
LSTM,2023,3.993924996,2.2404346466064453
LSTM,2023,4.709578842,2.641366481781006
LSTM,2023,2.052437815,2.4801785945892334
LSTM,2023,2.036178995,2.396440029144287
LSTM,2023,2.32908645,2.1246449947357178
LSTM,2023,1.6011911,2.2575783729553223
LSTM,2023,4.4272363,2.2596375942230225
LSTM,2023,2.45722335,1.4646382331848145
LSTM,2023,4.175364113,2.4403316974639893
LSTM,2023,3.323486583,2.287278175354004
LSTM,2023,1.033028305,2.313340663909912
LSTM,2023,1.518692385,1.0569828748703003
LSTM,2023,2.134668325,1.5300430059432983
LSTM,2023,3.290238125,2.3398592472076416
LSTM,2023,2.137436275,1.459931492805481
LSTM,2023,3.621291294,2.353393077850342
LSTM,2023,2.961231831,2.4762492179870605
LSTM,2023,3.1617194,2.1975202560424805
LSTM,2023,1.85899872,2.042315721511841
LSTM,2023,2.23939252,2.2610180377960205
LSTM,2023,1.298148527,2.1505918502807617
LSTM,2023,1.957163975,1.6798697710037231
LSTM,2023,1.19773556,1.1463866233825684
LSTM,2023,1.483542445,1.2570087909698486
LSTM,2023,1.98747089,1.1848548650741577
LSTM,2023,1.693214795,0.8600918054580688
LSTM,2023,2.833527265,1.966787338256836
LSTM,2023,3.80651972,2.062875509262085
LSTM,2023,3.625896051,2.282924175262451
LSTM,2023,3.16439059,1.9004008769989014
LSTM,2023,2.379922443,2.0233187675476074
LSTM,2023,2.59773884,2.4136154651641846
LSTM,2023,3.336473915,1.9472888708114624
LSTM,2023,2.288209835,2.3184616565704346
LSTM,2023,1.95068362,2.1985080242156982
LSTM,2023,1.089818235,2.192857027053833
LSTM,2023,0.868012204,2.3702783584594727
LSTM,2023,0.98684137,1.5120697021484375
LSTM,2023,4.07831831,1.9163753986358643
LSTM,2023,4.54433065,2.393075942993164
LSTM,2023,3.046029145,2.1763832569122314
LSTM,2023,2.58815568,2.3511605262756348
LSTM,2023,2.20577855,2.415588617324829
LSTM,2023,2.728093847,2.0666775703430176
LSTM,2023,2.155795058,2.361649751663208
LSTM,2023,1.954307785,2.0495412349700928
LSTM,2023,2.92482843,2.277890920639038
LSTM,2023,2.221694699,1.8579579591751099
LSTM,2023,1.800496845,1.8186168670654297
LSTM,2023,1.157017403,0.8021807670593262
LSTM,2023,0.984776221,0.9568092226982117
LSTM,2023,1.010079143,1.1969444751739502
LSTM,2023,0.923058513,1.0265414714813232
LSTM,2023,1.494137242,0.7450795769691467
LSTM,2023,0.618736108,0.8477402329444885
LSTM,2023,1.126744591,0.7057391405105591
LSTM,2023,1.143971662,0.5671689510345459
LSTM,2023,1.18085725,0.6757054328918457
LSTM,2023,1.692044385,0.7145929932594299
LSTM,2023,1.491858155,0.8588327169418335
LSTM,2023,0.798551294,0.546381413936615
LSTM,2023,0.658239489,0.6325719356536865
LSTM,2023,1.686040266,1.1837810277938843
LSTM,2023,2.98834805,1.1484180688858032
LSTM,2023,1.561578398,1.1276664733886719
LSTM,2023,1.438925602,1.2231676578521729
LSTM,2023,0.87405622,1.0306446552276611
LSTM,2023,1.124749095,0.8264169692993164
LSTM,2023,0.617472358,0.8364536166191101
LSTM,2023,0.80258571,0.6971932649612427
LSTM,2023,0.67961792,0.7579466104507446
LSTM,2023,0.715917512,0.7576697468757629
LSTM,2023,0.821485362,0.9214481711387634
LSTM,2023,0.479455149,0.6379685401916504
LSTM,2023,0.523213698,0.7149400115013123
LSTM,2023,0.899653787,0.6631669998168945
LSTM,2023,0.441962654,0.5034340023994446
LSTM,2023,0.57878256,0.7059206366539001
LSTM,2023,0.72413732,0.6898729205131531
LSTM,2023,0.30079363,0.6380608677864075
LSTM,2023,0.515162295,0.9442934989929199
LSTM,2023,0.382631835,0.8845081329345703
LSTM,2023,0.832850727,1.3247618675231934
LSTM,2023,1.85655043,1.2331762313842773
LSTM,2023,3.06180853,1.3994382619857788
LSTM,2023,1.692840622,1.1515103578567505
LSTM,2023,1.317762856,0.9135605096817017
LSTM,2023,1.057364524,0.7421491146087646
LSTM,2023,0.767660635,0.9462255835533142
LSTM,2023,0.639268027,1.3472498655319214
LSTM,2023,0.50346714,1.3026121854782104
LSTM,2023,0.966512198,1.4107555150985718
LSTM,2023,0.642911175,0.8557655215263367
LSTM,2023,0.511536583,0.6712936758995056
LSTM,2023,0.280014294,0.7828270196914673
LSTM,2023,0.37556622,0.756504476070404
LSTM,2023,0.524313405,0.7420779466629028
LSTM,2023,0.365206549,0.6742755770683289
LSTM,2023,0.723826855,0.7120321989059448
LSTM,2023,0.412315807,0.4321715533733368
LSTM,2023,0.693192455,0.5389527082443237
LSTM,2023,0.606315644,0.6765600442886353
LSTM,2023,0.364755176,0.7174538969993591
LSTM,2023,0.332878997,0.3255312740802765
LSTM,2023,0.317021176,0.34866830706596375
LSTM,2023,0.286607272,0.3545807898044586
LSTM,2023,0.41874259,0.3445480763912201
LSTM,2023,0.37836941,0.4482862651348114
LSTM,2023,0.451571263,0.5771409273147583
LSTM,2023,0.522076423,0.7037823796272278
LSTM,2023,1.652928648,0.920751690864563
LSTM,2023,3.07118026,1.2024494409561157
LSTM,2023,0.865768833,0.8310958743095398
LSTM,2023,0.82989472,0.9372706413269043
LSTM,2023,0.758166311,0.8758198618888855
LSTM,2023,0.822001761,0.6186860203742981
LSTM,2023,0.816273523,0.5982525944709778
LSTM,2023,0.650147655,0.5638749003410339
LSTM,2023,0.674607053,0.5644680261611938
LSTM,2023,0.597750271,0.624803364276886
LSTM,2023,0.494324596,0.7566150426864624
LSTM,2023,0.674704982,0.7042730450630188
LSTM,2023,0.430341215,0.6948196291923523
LSTM,2023,0.426575838,0.569348931312561
LSTM,2023,0.901353,0.4011310636997223
LSTM,2023,0.780428976,0.49733880162239075
LSTM,2023,0.2173865,0.3542753756046295
LSTM,2023,0.506648206,0.5855265855789185
LSTM,2023,0.33072787,0.7477835416793823
LSTM,2023,0.926463308,0.6051430702209473
LSTM,2023,1.194822865,0.5415650606155396
LSTM,2023,1.231049634,0.6364350914955139
LSTM,2023,0.812570619,0.5915806889533997
LSTM,2023,0.763750164,0.6378173232078552
LSTM,2023,0.763112655,0.7745177745819092
LSTM,2023,0.689240836,0.6017227172851562
LSTM,2023,0.728768569,0.7587375044822693
LSTM,2023,0.458253499,0.47484102845191956
LSTM,2023,0.518614041,0.6070066690444946
LSTM,2023,0.450654487,0.5318281054496765
LSTM,2023,0.594454168,0.5375502705574036
LSTM,2023,0.527201363,0.6369394063949585
LSTM,2023,0.547614218,0.6448678374290466
LSTM,2023,0.57366981,0.5806427001953125
LSTM,2023,0.53343523,0.6048126816749573
LSTM,2023,0.359358764,0.4119955599308014
LSTM,2023,0.492370666,0.5197877883911133
LSTM,2023,0.459649177,0.5280135869979858
LSTM,2023,0.429269688,0.5558077692985535
LSTM,2023,1.46458978,0.5235297679901123
LSTM,2023,0.445491291,0.5771406888961792
LSTM,2023,0.565753165,0.7631794214248657
LSTM,2023,0.198532746,0.41562414169311523
LSTM,2023,0.2498168,0.3028296232223511
LSTM,2023,0.081672855,0.30747729539871216
LSTM,2023,0.525205514,0.4958113133907318
LSTM,2023,0.520885128,0.47701114416122437
LSTM,2023,0.708208996,0.5099305510520935
LSTM,2023,0.483504615,0.5945103168487549
LSTM,2023,0.175486383,0.42432457208633423
LSTM,2023,0.228249644,0.37165430188179016
LSTM,2023,0.323422885,0.39390620589256287
LSTM,2023,0.324921726,0.5164743065834045
LSTM,2023,0.294248345,0.4519101083278656
LSTM,2023,0.31286499,0.47993844747543335
LSTM,2023,0.310710673,0.692453920841217
LSTM,2023,0.430786736,0.5455111861228943
LSTM,2023,0.243658634,0.4260787069797516
LSTM,2023,0.179881829,0.34911128878593445
LSTM,2023,0.235970411,0.37072429060935974
LSTM,2023,0.226417782,0.47042790055274963
LSTM,2023,0.144408497,0.3633749485015869
LSTM,2023,0.151447436,0.3328579366207123
LSTM,2023,0.212542446,0.7531740665435791
LSTM,2023,1.281652853,0.5637325644493103
LSTM,2023,0.701493374,0.4834967255592346
LSTM,2023,0.627411079,0.4790913462638855
LSTM,2023,0.396948795,0.43285760283470154
LSTM,2023,0.476223745,0.7910594344139099
LSTM,2023,0.339084388,0.6419143676757812
LSTM,2023,0.385891111,0.5918993949890137
LSTM,2023,0.337442455,0.4844524562358856
LSTM,2023,0.445787296,0.4797608554363251
LSTM,2023,0.820321083,0.41956138610839844
LSTM,2023,1.01673257,0.30523058772087097
LSTM,2023,0.86608095,0.3725155293941498
LSTM,2023,0.951799821,0.4023956060409546
LSTM,2023,0.03168833,0.46696826815605164
LSTM,2023,0.247601362,0.5077652335166931
LSTM,2023,0.232777952,0.4303058981895447
LSTM,2024,0.165166952,0.522348165512085
LSTM,2024,0.149844994,0.5225264430046082
LSTM,2024,0.1115639,0.5414737462997437
LSTM,2024,0.384515792,0.337412029504776
LSTM,2024,0.074146503,0.4675457179546356
LSTM,2024,0.215153726,0.5079765319824219
LSTM,2024,0.167588719,0.37221086025238037
LSTM,2024,0.279609513,0.2784038484096527
LSTM,2024,0.045023002,0.3590693473815918
LSTM,2024,0.202978345,0.4345460832118988
LSTM,2024,0.064300039,0.11316140741109848
LSTM,2024,0.071437253,0.10697697103023529
LSTM,2024,0.093308975,-0.04189184680581093
LSTM,2024,0.076431874,0.11372542381286621
LSTM,2024,0.084212753,0.32873213291168213
LSTM,2024,0.293343025,0.4299512207508087
LSTM,2024,0.274460638,0.34207645058631897
LSTM,2024,0.112574438,0.3699161112308502
LSTM,2024,0.013603567,0.4185636341571808
LSTM,2024,0.066251323,0.43480005860328674
LSTM,2024,0.292675427,0.5736200213432312
LSTM,2024,0.08699717,0.5150001049041748
LSTM,2024,0.174461111,0.5826818346977234
LSTM,2024,0.182386318,0.5046074986457825
LSTM,2024,0.187775607,0.5798302888870239
LSTM,2024,0.213585485,0.5533442497253418
LSTM,2024,0.16090291,0.5327327847480774
LSTM,2024,0.232830261,0.6371316313743591
LSTM,2024,0.169246152,0.5689058303833008
LSTM,2024,0.354303316,0.5495041608810425
LSTM,2024,0.025810079,0.48577848076820374
LSTM,2024,1.69114585,1.6135350465774536
LSTM,2024,1.799346435,2.5593504905700684
LSTM,2024,2.034431388,2.561681032180786
LSTM,2024,2.34820194,3.138658285140991
LSTM,2024,1.905930016,1.9195135831832886
LSTM,2024,4.03022463,0.9931429028511047
LSTM,2024,4.15711668,2.5956873893737793
LSTM,2024,2.229672047,2.522003412246704
LSTM,2024,1.90038146,2.8325910568237305
LSTM,2024,2.046485281,2.3958449363708496
LSTM,2024,2.044712321,3.129504680633545
LSTM,2024,2.547292815,3.2729651927948
LSTM,2024,2.8601986,3.0799124240875244
LSTM,2024,2.83247077,3.709073543548584
LSTM,2024,2.791342681,3.8271164894104004
LSTM,2024,3.63432415,2.3404624462127686
LSTM,2024,3.063009375,3.1548025608062744
LSTM,2024,0.96238088,1.2561240196228027
LSTM,2024,0.68896709,1.0115340948104858
LSTM,2024,0.272314355,1.3092609643936157
LSTM,2024,2.663541215,3.933602809906006
LSTM,2024,3.014611085,3.1901397705078125
LSTM,2024,3.12531119,4.070489883422852
LSTM,2024,3.31046841,4.203700065612793
LSTM,2024,3.13551618,3.5090277194976807
LSTM,2024,4.727947315,3.6223435401916504
LSTM,2024,0.934153005,1.3885551691055298
LSTM,2024,2.10806281,3.769155502319336
LSTM,2024,4.564725977,4.918320655822754
LSTM,2024,6.22489395,5.112668991088867
LSTM,2024,4.07316809,4.433964729309082
LSTM,2024,4.93950618,5.019567012786865
LSTM,2024,5.24274876,4.6439127922058105
LSTM,2024,3.1833815,5.20355749130249
LSTM,2024,0.0,4.709035873413086
LSTM,2024,0.077723455,4.83100700378418
LSTM,2024,0.0,5.355344772338867
LSTM,2024,0.0,4.447452545166016
LSTM,2024,0.0,3.201140880584717
LSTM,2024,0.0,3.4102556705474854
LSTM,2024,0.0,3.5664031505584717
LSTM,2024,1.8757136,1.7454257011413574
LSTM,2024,3.508975,4.399575710296631
LSTM,2024,4.94517381,3.9345459938049316
LSTM,2024,4.003012879,3.6742477416992188
LSTM,2024,4.214248204,4.248537063598633
LSTM,2024,5.14268157,4.606980800628662
LSTM,2024,3.226711975,3.9008405208587646
LSTM,2024,3.969762906,3.9416921138763428
LSTM,2024,3.822497225,3.3008129596710205
LSTM,2024,4.16700448,3.7501754760742188
LSTM,2024,5.488725255,5.066555023193359
LSTM,2024,7.505674108,5.08988094329834
LSTM,2024,5.96595545,5.253658294677734
LSTM,2024,5.122097711,4.59909725189209
LSTM,2024,7.155931885,4.962260723114014
LSTM,2024,4.95505628,5.3596272468566895
LSTM,2024,4.5028295,5.320087909698486
LSTM,2024,4.76646119,4.128145217895508
LSTM,2024,4.79772271,5.545357704162598
LSTM,2024,3.480909265,4.191057205200195
LSTM,2024,6.32573967,5.4455180168151855
LSTM,2024,5.813925572,5.53840970993042
LSTM,2024,6.663346315,4.991422176361084
LSTM,2024,6.62303558,5.008184909820557
LSTM,2024,6.181965963,5.420498371124268
LSTM,2024,4.758721105,5.421995162963867
LSTM,2024,4.796405865,5.063379764556885
LSTM,2024,2.94342935,3.522918462753296
LSTM,2024,2.4111765,2.5824172496795654
LSTM,2024,5.606081906,4.195372581481934
LSTM,2024,5.545769105,4.422826766967773
LSTM,2024,8.162941255,4.844310283660889
LSTM,2024,5.4402873,4.802271366119385
LSTM,2024,3.8777421,2.4049649238586426
LSTM,2024,4.90848714,4.5568108558654785
LSTM,2024,3.91845236,4.166557788848877
LSTM,2024,3.819070172,3.6239373683929443
LSTM,2024,2.530728275,3.7928109169006348
LSTM,2024,0.993923773,1.0412554740905762
LSTM,2024,2.673212215,2.646167278289795
LSTM,2024,2.298410794,2.214690685272217
LSTM,2024,2.250850735,2.1007754802703857
LSTM,2024,2.040274357,2.131295919418335
LSTM,2024,1.540475865,1.6431820392608643
LSTM,2024,1.42641264,1.579917311668396
LSTM,2024,0.778013765,2.5568954944610596
LSTM,2024,3.306405455,2.051793336868286
LSTM,2024,0.40697455,1.9277859926223755
LSTM,2024,0.41815775,1.7817479372024536
LSTM,2024,0.965972935,1.874447226524353
LSTM,2024,1.76108355,2.18511962890625
LSTM,2024,2.494400185,2.6429543495178223
LSTM,2024,1.339869015,2.163390874862671
LSTM,2024,1.033779505,2.502959966659546
LSTM,2024,0.776706,2.0138297080993652
LSTM,2024,0.91637374,2.2998533248901367
LSTM,2024,0.740375415,1.629293441772461
LSTM,2024,1.00557136,1.7304459810256958
LSTM,2024,0.642608528,1.6648063659667969
LSTM,2024,0.395457322,1.719711184501648
LSTM,2024,0.653721511,1.4109562635421753
LSTM,2024,0.460335323,1.318468689918518
LSTM,2024,0.361279007,1.1683895587921143
LSTM,2024,0.626390475,1.0539660453796387
LSTM,2024,0.35416434,0.7006163001060486
LSTM,2024,0.283155705,0.9893763065338135
LSTM,2024,1.122832195,1.8972501754760742
LSTM,2024,1.986406735,1.4654170274734497
LSTM,2024,1.245590245,1.8495523929595947
LSTM,2024,2.14359605,1.2724387645721436
LSTM,2024,1.340396045,1.9247018098831177
LSTM,2024,1.240626837,1.5332046747207642
LSTM,2024,0.610950093,1.5013964176177979
LSTM,2024,0.635275189,1.4000067710876465
LSTM,2024,0.66735134,1.309857726097107
LSTM,2024,0.369478584,1.1647659540176392
LSTM,2024,3.296159245,2.062455177307129
LSTM,2024,1.714135075,1.399388313293457
LSTM,2024,0.56233689,0.8964406847953796
LSTM,2024,0.56161564,1.0356587171554565
LSTM,2024,0.392669765,0.9020313024520874
LSTM,2024,0.261556196,0.7487822771072388
LSTM,2024,0.919880455,2.2308743000030518
LSTM,2024,1.719864063,1.8996565341949463
LSTM,2024,1.973440975,1.6074715852737427
LSTM,2024,1.09311807,1.3933018445968628
LSTM,2024,1.348059365,1.6599221229553223
LSTM,2024,1.03749386,1.341894507408142
LSTM,2024,0.75140985,1.0318726301193237
LSTM,2024,1.019636075,0.9744535684585571
LSTM,2024,1.032126556,2.0838897228240967
LSTM,2024,1.357975317,1.7260174751281738
LSTM,2024,0.5079811,1.6850109100341797
LSTM,2024,1.23769563,2.0206310749053955
LSTM,2024,3.33424847,2.0484187602996826
LSTM,2024,2.056219685,1.3960283994674683
LSTM,2024,2.40365686,2.442432165145874
LSTM,2024,1.601363487,2.017716407775879
LSTM,2024,0.872093695,1.8569183349609375
LSTM,2024,1.40989394,2.3711934089660645
LSTM,2024,2.24510469,2.7156248092651367
LSTM,2024,1.7844057,1.9506254196166992
LSTM,2024,1.056294225,2.953193187713623
LSTM,2024,2.09905232,2.8181467056274414
LSTM,2024,1.990744645,2.4979429244995117
LSTM,2024,2.07935285,2.019336700439453
LSTM,2024,1.046783775,1.762101173400879
LSTM,2024,1.278376152,2.4313137531280518
LSTM,2024,2.211891302,2.263446569442749
LSTM,2024,1.382114245,1.8004448413848877
LSTM,2024,1.80819135,1.6618131399154663
LSTM,2024,1.455605787,1.4692087173461914
LSTM,2024,1.442419456,1.1633604764938354
LSTM,2024,1.1820481,0.40038958191871643
LSTM,2024,0.86200995,0.3238230347633362
LSTM,2024,0.401843906,0.4342171847820282
LSTM,2024,0.349354666,0.494487464427948
LSTM,2024,0.572821403,0.6366527080535889
LSTM,2024,0.46848943,0.7014451622962952
LSTM,2024,0.533080832,0.4448370039463043
LSTM,2024,0.510541538,0.27870726585388184
LSTM,2024,0.347902291,0.2491527795791626
LSTM,2024,1.771187198,1.1080602407455444
LSTM,2024,2.14716282,0.807777464389801
LSTM,2024,0.666346023,0.6545295119285583
LSTM,2024,0.394010886,0.7703145146369934
LSTM,2024,0.554257056,0.7337459921836853
LSTM,2024,0.499552345,0.5161763429641724
LSTM,2024,0.501145815,0.6464428901672363
LSTM,2024,0.395356529,0.8346511721611023
LSTM,2024,0.35302254,0.27827951312065125
LSTM,2024,0.333825387,0.3630690574645996
LSTM,2024,0.620293475,1.378913164138794
LSTM,2024,1.491011694,1.3611003160476685
LSTM,2024,1.40417766,1.4470998048782349
LSTM,2024,0.839234681,0.9857822060585022
LSTM,2024,0.87483912,1.0819565057754517
LSTM,2024,0.84609671,0.8879644274711609
LSTM,2024,0.647710798,0.8600839376449585
LSTM,2024,0.836023015,0.9913321137428284
LSTM,2024,0.95993075,0.6273254156112671
LSTM,2024,0.617689991,0.602408230304718
LSTM,2024,0.739891584,0.9444582462310791
LSTM,2024,0.535885655,0.4541742503643036
LSTM,2024,0.489388949,0.35320359468460083
LSTM,2024,0.515887778,0.5147786140441895
LSTM,2024,0.575941056,0.2575486898422241
LSTM,2024,0.441934016,0.283608615398407
LSTM,2024,0.381992129,0.15168510377407074
LSTM,2024,0.406150251,0.19227588176727295
LSTM,2024,0.378041125,0.09077508002519608
LSTM,2024,0.340785467,0.07937054336071014
LSTM,2024,0.234252363,0.24584342539310455
LSTM,2024,0.324602792,0.274556964635849
LSTM,2024,0.286396445,0.2928844690322876
LSTM,2024,0.226302679,0.446138858795166
LSTM,2024,0.261227907,0.2152995467185974
LSTM,2024,0.305543125,0.19856137037277222
LSTM,2024,0.28644973,0.17991970479488373
LSTM,2024,1.396897331,1.0923808813095093
LSTM,2024,0.868533475,0.6054973006248474
LSTM,2024,0.024030435,0.7132495045661926
LSTM,2024,0.343840358,0.5637816786766052
LSTM,2024,0.410111576,0.7661153078079224
LSTM,2024,0.51006273,0.6972914338111877
LSTM,2024,0.38231617,0.6573363542556763
LSTM,2024,0.334844765,0.5617716312408447
LSTM,2024,0.451570305,0.450713187456131
LSTM,2024,0.398380528,0.39259472489356995
LSTM,2024,0.25579783,0.452857106924057
LSTM,2024,0.559699926,0.4429198205471039
LSTM,2024,1.00320008,0.6603479385375977
LSTM,2024,0.318067503,0.5154610276222229
LSTM,2024,0.303393484,0.5674679279327393
LSTM,2024,0.385149779,0.4861363470554352
LSTM,2024,0.295747604,0.4503124952316284
LSTM,2024,0.307838805,0.46105480194091797
LSTM,2024,0.25824059,0.41055193543434143
LSTM,2024,0.314745175,0.6786684989929199
LSTM,2024,0.017532875,1.1708406209945679
LSTM,2024,1.202471875,1.37760591506958
LSTM,2024,0.362740872,1.248250126838684
LSTM,2024,0.27280071,1.1980780363082886
LSTM,2024,0.649651325,1.2194441556930542
LSTM,2024,1.4273491,1.408022165298462
LSTM,2024,0.36389314,1.2152698040008545
LSTM,2024,0.569623866,1.0874353647232056
LSTM,2024,0.429647724,1.1522986888885498
LSTM,2024,0.374850217,1.1566416025161743
LSTM,2024,0.750266835,0.9389525651931763
LSTM,2024,0.544980575,0.4999921917915344
LSTM,2024,0.247419452,0.33232322335243225
LSTM,2024,0.111019499,0.49233704805374146
LSTM,2024,0.035012153,0.4447100758552551
LSTM,2024,0.033120812,0.39615368843078613
LSTM,2024,0.16148084,0.4588443636894226
LSTM,2024,0.303399635,0.4054598808288574
LSTM,2024,0.646305935,0.6135004162788391
LSTM,2024,0.083730821,0.5443569421768188
LSTM,2024,0.242388139,0.4916020929813385
LSTM,2024,0.1989452,0.508959174156189
LSTM,2024,0.181979107,0.525373101234436
LSTM,2024,0.151763236,0.5012303590774536
LSTM,2024,0.245011954,0.531201183795929
LSTM,2024,0.223813949,0.4863978922367096
LSTM,2024,0.109434813,0.5588051080703735
LSTM,2024,0.157575067,0.5283759236335754
LSTM,2024,0.233459302,0.4666588008403778
LSTM,2024,0.417797283,0.26962634921073914
LSTM,2024,0.29615187,0.27005061507225037
LSTM,2024,0.271807804,0.3462428152561188
LSTM,2024,0.120204197,0.28470030426979065
LSTM,2024,0.105887516,0.36858153343200684
LSTM,2024,0.087689577,0.2801125645637512
LSTM,2024,0.249385995,0.29181960225105286
LSTM,2024,0.348595323,0.24594704806804657
LSTM,2024,0.214798266,0.2327432632446289
LSTM,2024,0.213887015,0.20485347509384155
LSTM,2024,0.147089351,0.3423517942428589
LSTM,2024,0.25956231,0.27990877628326416
LSTM,2024,0.109757595,0.3619062900543213
LSTM,2024,0.228224379,0.3165569603443146
LSTM,2024,0.260349954,0.1480577290058136
LSTM,2024,0.151558979,0.23701287806034088
LSTM,2024,0.167117455,0.40455979108810425
LSTM,2024,0.121062155,0.3116246163845062
LSTM,2024,0.156311821,0.3816782534122467
LSTM,2024,0.206290427,0.4104307293891907
LSTM,2024,0.427493047,0.38540977239608765
LSTM,2024,0.669731265,0.45195266604423523
LSTM,2024,0.318488713,0.39237889647483826
LSTM,2024,0.159771163,0.30533599853515625
LSTM,2024,0.282619749,0.4325561225414276
LSTM,2024,0.21705464,0.43355831503868103
LSTM,2024,0.233752774,0.433529257774353
LSTM,2024,0.058183608,0.28350016474723816
LSTM,2024,0.30793159,0.4024847447872162
LSTM,2024,0.457585499,0.4006985127925873
LSTM,2024,0.139575575,0.3125167191028595
LSTM,2024,0.222875136,0.22291967272758484
LSTM,2024,0.021134138,0.24538655579090118
LSTM,2024,0.331577089,0.333894282579422
LSTM,2024,0.23869725,0.04817455634474754
LSTM,2024,0.112588244,0.0670081377029419
LSTM,2024,0.130533974,-0.003685415955260396
LSTM,2024,0.084594239,-0.00878725666552782
LSTM,2024,0.082569405,-0.10718726366758347
LSTM,2024,0.008638274,-0.0482027493417263
LSTM,2024,0.299850978,0.26399290561676025
LSTM,2024,0.630958094,0.2986217439174652
LSTM,2024,0.22563563,0.21379181742668152
LSTM,2024,0.222917447,0.3124551475048065
LSTM,2024,0.227147409,0.36415737867355347
LSTM,2024,0.138381826,0.3872450888156891
LSTM,2024,0.249662687,0.4953652024269104
LSTM,2024,0.16661527,0.44705700874328613
LSTM,2024,0.244073491,0.5226874947547913
LSTM,2024,0.234848209,0.4617009460926056
LSTM,2024,0.32348178,0.5184690952301025
LSTM,2024,0.298699579,0.5018580555915833
LSTM,2024,0.239217346,0.49263957142829895
LSTM,2024,0.314776516,0.5796802043914795
LSTM,2024,0.350608014,0.5229024887084961
LSTM,2024,0.377777136,0.5080856680870056
LSTM,2024,0.197297453,0.45369601249694824
LSTM,2024,0.475580935,1.2622792720794678
LSTM,2024,0.766289635,0.7273886799812317
LSTM,2024,1.207903272,1.0264252424240112
LSTM,2024,0.570801575,0.6991521716117859
LSTM,2024,0.926138032,1.5387263298034668
LSTM,2024,0.870658562,0.9997905492782593
LSTM,2024,0.37744559,0.8694000840187073
LSTM,2024,1.27815403,1.3639127016067505
LSTM,2024,1.171387176,1.250665545463562
LSTM,2024,1.066188608,1.3459091186523438
LSTM,2024,1.056239658,0.9309840798377991
LSTM,2024,0.79533649,0.8464813828468323
LSTM,2024,0.328102625,0.44051051139831543
LSTM,2024,0.320588385,0.793204665184021
LSTM,2024,1.080701335,0.568550705909729
LSTM,2024,1.135285859,0.7233741879463196
LSTM,2024,0.828071195,0.7099512219429016
LSTM,2024,0.931246845,0.696934700012207
LSTM,2024,0.655398135,0.5204799771308899
LSTM,2024,0.698021014,0.7332892417907715
LSTM,2024,0.731259301,0.6946175694465637
LSTM,2024,0.803437165,0.8321179151535034
LSTM,2024,0.857268115,0.8335548639297485
LSTM,2024,0.510983938,0.30414676666259766
LSTM,2024,0.680408969,0.6262133121490479
LSTM,2024,0.716023387,0.8107106685638428
LSTM,2024,0.885918615,0.9860689640045166
LSTM,2024,1.009114413,0.777694582939148
LSTM,2024,0.80357265,0.8310717344284058
LSTM,2024,0.671657885,0.7172581553459167
LSTM,2024,0.495476363,0.7316446304321289
LSTM,2024,0.88319613,0.9248656034469604
LSTM,2024,0.128079743,0.5917657613754272
LSTM,2024,0.17259662,1.0978823900222778
LSTM,2024,0.178467077,1.2571606636047363
LSTM,2024,0.432577155,1.5841442346572876
LSTM,2024,1.650188374,1.1559906005859375
LSTM,2024,2.315021235,1.402756929397583
LSTM,2024,0.94111544,0.769672155380249
LSTM,2024,0.82061727,0.9366447329521179
LSTM,2024,1.050773466,0.84615558385849
LSTM,2024,2.016475486,1.651560664176941
LSTM,2024,1.164879685,0.8525102138519287
LSTM,2024,1.421762964,1.4873684644699097
LSTM,2024,1.531948111,1.7198503017425537
LSTM,2024,1.306866243,1.4591110944747925
LSTM,2024,1.853007532,1.622039794921875
LSTM,2024,1.574693648,1.7500770092010498
LSTM,2024,1.420010357,1.4582523107528687
LSTM,2024,0.574793496,0.48178502917289734
LSTM,2024,1.012611274,0.8309771418571472
LSTM,2024,1.027579285,1.264817476272583
LSTM,2024,0.026842795,1.6502171754837036
LSTM,2024,1.217497269,1.5298094749450684
LSTM,2024,1.610213021,1.388180136680603
LSTM,2024,1.608430493,2.261165142059326
LSTM,2024,2.079770353,2.257730484008789
LSTM,2024,2.854534012,2.911450147628784
LSTM,2024,2.344945589,1.705742359161377
LSTM,2024,2.222337755,0.930418848991394
LSTM,2024,3.277970681,2.290156841278076
LSTM,2024,1.931933528,2.288675308227539
LSTM,2024,2.513514105,2.6594643592834473
LSTM,2024,2.099554275,2.2729854583740234
LSTM,2024,2.332568413,2.9855880737304688
LSTM,2024,3.142947913,3.121426820755005
LSTM,2024,2.777870685,2.994032621383667
LSTM,2024,3.51069838,3.670168399810791
LSTM,2024,4.031417687,3.844219446182251
LSTM,2024,3.620449395,2.408299207687378
LSTM,2024,3.346055079,3.272859573364258
LSTM,2024,1.1537543,1.3130582571029663
LSTM,2024,0.738011893,1.0708072185516357
LSTM,2024,0.41993327,1.3761255741119385
LSTM,2024,3.140760118,4.085124492645264
LSTM,2024,3.162918368,3.34285831451416
LSTM,2024,3.523922965,4.2322235107421875
LSTM,2024,4.186992745,4.374202251434326
LSTM,2024,3.31701179,3.695502758026123
LSTM,2024,4.881395135,3.828702688217163
LSTM,2024,2.344412516,1.3043721914291382
LSTM,2024,3.564643408,3.982016086578369
LSTM,2024,4.818951075,5.154694557189941
LSTM,2024,5.90189766,5.374155044555664
LSTM,2024,4.780154158,4.682291030883789
LSTM,2024,4.7624445,5.276947498321533
LSTM,2024,5.38151635,4.977367877960205
LSTM,2024,4.546663413,5.646739959716797
LSTM,2024,5.45469042,4.986741065979004
LSTM,2024,5.274593555,4.963399887084961
LSTM,2024,5.45394542,5.3467888832092285
LSTM,2024,4.429813845,4.478208065032959
LSTM,2024,2.638139695,3.270639657974243
LSTM,2024,2.715028999,3.5202317237854004
LSTM,2024,4.068461958,3.7150654792785645
LSTM,2024,1.535774338,1.8445404767990112
LSTM,2024,4.29159902,4.658151149749756
LSTM,2024,4.835781145,4.21588134765625
LSTM,2024,4.059299482,3.9827492237091064
LSTM,2024,4.681146561,4.598740577697754
LSTM,2024,5.57469287,5.010317802429199
LSTM,2024,3.719147265,4.333817958831787
LSTM,2024,4.411702455,4.443115711212158
LSTM,2024,5.1787683,3.5198256969451904
LSTM,2024,4.111398845,4.2316155433654785
LSTM,2024,5.794922265,5.489795207977295
LSTM,2024,7.99164645,5.510351657867432
LSTM,2024,6.13419845,5.6953816413879395
LSTM,2024,5.435116225,4.956104755401611
LSTM,2024,6.960790255,5.332493305206299
LSTM,2024,5.144084987,5.705503463745117
LSTM,2024,5.02586572,5.740025043487549
LSTM,2024,5.135289808,4.499471664428711
LSTM,2024,4.889634195,5.912148475646973
LSTM,2024,3.714662752,4.447490692138672
LSTM,2024,6.49888555,5.667510986328125
LSTM,2024,5.166314082,5.75241231918335
LSTM,2024,6.17205969,5.162816047668457
LSTM,2024,5.870667565,5.160280227661133
LSTM,2024,5.49538452,5.567927837371826
LSTM,2024,4.91802873,5.547140121459961
LSTM,2024,4.900934395,5.180751323699951
LSTM,2024,3.470683373,3.636317491531372
LSTM,2024,2.57431736,2.6687943935394287
LSTM,2024,5.51229507,4.286716938018799
LSTM,2024,0.03388125,4.5058207511901855
LSTM,2024,1.851959825,3.9599132537841797
LSTM,2024,1.22785898,1.0545854568481445
LSTM,2024,2.9732303,2.8711812496185303
LSTM,2024,2.45569578,2.525791645050049
LSTM,2024,2.585697152,2.39961838722229
LSTM,2024,2.200981013,2.396036386489868
LSTM,2024,2.116986705,1.867445707321167
LSTM,2024,1.730309347,1.7759056091308594
LSTM,2024,1.39124233,2.6492629051208496
LSTM,2024,3.73626245,2.1273481845855713
LSTM,2024,1.842726125,1.985978364944458
LSTM,2024,1.2180058,1.783991813659668
LSTM,2024,1.10968825,1.8609411716461182
LSTM,2024,0.28805474,2.171290159225464
LSTM,2024,2.20317398,2.5984222888946533
LSTM,2024,1.404901865,2.1075003147125244
LSTM,2024,1.098338823,2.4249839782714844
LSTM,2024,0.81480169,1.8823240995407104
LSTM,2024,0.997234217,2.1402130126953125
LSTM,2024,1.14030625,1.6155500411987305
LSTM,2024,0.939267458,1.7332251071929932
LSTM,2024,0.820533389,1.7040176391601562
LSTM,2024,0.603344443,1.7937369346618652
LSTM,2024,1.167660803,1.5180561542510986
LSTM,2024,0.7366104,1.4275074005126953
LSTM,2024,0.456409902,1.277590036392212
LSTM,2024,0.738420908,1.1571413278579712
LSTM,2024,0.52024905,0.7602067589759827
LSTM,2024,0.373290071,1.0565086603164673
LSTM,2024,0.562952334,1.9910095930099487
LSTM,2024,2.412249615,1.6537262201309204
LSTM,2024,2.10159728,2.0339860916137695
LSTM,2024,1.836889762,1.408976435661316
LSTM,2024,1.246137795,2.1973841190338135
LSTM,2024,1.51236523,1.7747360467910767
LSTM,2024,0.7331657,1.6268666982650757
LSTM,2024,0.89097909,1.525802731513977
LSTM,2024,0.92802853,1.5004304647445679
LSTM,2024,0.550921638,1.3431731462478638
LSTM,2024,1.671514741,2.169157028198242
LSTM,2024,2.4209571,1.5289381742477417
LSTM,2024,0.854370325,1.0880885124206543
LSTM,2024,1.055002765,1.2307798862457275
LSTM,2024,0.803367445,1.0939619541168213
LSTM,2024,0.424140477,0.8701182007789612
LSTM,2024,1.255386054,2.3055317401885986
LSTM,2024,1.805668899,2.034281015396118
LSTM,2024,1.91375778,1.7385337352752686
LSTM,2024,1.31386105,1.5712370872497559
LSTM,2024,1.187712365,1.788468837738037
LSTM,2024,0.808487415,1.4602926969528198
LSTM,2024,0.613153743,1.0516563653945923
LSTM,2024,0.794022524,0.9820707440376282
LSTM,2024,0.98395797,2.1852779388427734
LSTM,2024,1.36061118,1.8600798845291138
LSTM,2024,0.378951589,1.8186944723129272
LSTM,2024,0.721967027,2.07651948928833
LSTM,2024,3.454692925,2.153778553009033
LSTM,2024,1.97192811,1.5204432010650635
LSTM,2024,2.319108895,2.52384352684021
LSTM,2024,1.94949574,2.1221120357513428
LSTM,2024,0.851726493,1.9551482200622559
LSTM,2024,1.318884755,2.4127447605133057
LSTM,2024,2.52381182,2.8049631118774414
LSTM,2024,1.564141925,2.0227842330932617
LSTM,2024,1.21140299,3.012023687362671
LSTM,2024,1.9869622,2.8660480976104736
LSTM,2024,2.122808635,2.5328526496887207
LSTM,2024,1.908430875,2.0852911472320557
LSTM,2024,1.058515081,1.804867148399353
LSTM,2024,1.139474837,2.4696803092956543
LSTM,2024,1.88982097,2.2928175926208496
LSTM,2024,1.175816005,1.820364236831665
LSTM,2024,1.48675524,1.6774702072143555
LSTM,2024,1.162294695,1.4827706813812256
LSTM,2024,1.36587062,1.1762601137161255
LSTM,2024,1.58822609,0.44907912611961365
LSTM,2024,1.248003435,0.36865779757499695
LSTM,2024,0.750180751,0.47322747111320496
LSTM,2024,0.486859641,0.5264768004417419
LSTM,2024,0.67759434,0.6837719082832336
LSTM,2024,0.6124148,0.7399143576622009
LSTM,2024,0.710040951,0.48149892687797546
LSTM,2024,0.875721812,0.3130519390106201
LSTM,2024,0.586516628,0.3300376832485199
LSTM,2024,1.560968375,1.1288511753082275
LSTM,2024,2.46637732,0.8645359873771667
LSTM,2024,0.90377639,0.7120257616043091
LSTM,2024,0.411244097,0.8379340767860413
LSTM,2024,0.559473321,0.7927994728088379
LSTM,2024,0.58472275,0.5610445737838745
LSTM,2024,0.733963536,0.6923312544822693
LSTM,2024,0.524765925,0.897463321685791
LSTM,2024,0.544621005,0.3873012065887451
LSTM,2024,0.399023289,0.4146312475204468
LSTM,2024,0.560466225,1.4073117971420288
LSTM,2024,1.522747155,1.369503378868103
LSTM,2024,1.566176103,1.5091750621795654
LSTM,2024,1.077929446,1.0313799381256104
LSTM,2024,0.078373645,1.1405243873596191
LSTM,2024,0.7380193,0.7202717661857605
LSTM,2024,0.655079425,0.6907833218574524
LSTM,2024,0.770879099,1.0306378602981567
LSTM,2024,0.596946855,0.5261480212211609
LSTM,2024,0.481792681,0.39843863248825073
LSTM,2024,0.5663198,0.5730970501899719
LSTM,2024,0.628019029,0.3300153911113739
LSTM,2024,0.497431281,0.36285439133644104
LSTM,2024,0.450372448,0.23749028146266937
LSTM,2024,0.466657946,0.28423088788986206
LSTM,2024,0.41963192,0.22096295654773712
LSTM,2024,0.372404863,0.28648120164871216
LSTM,2024,0.270375955,0.3359126150608063
LSTM,2024,0.362999779,0.3682713508605957
LSTM,2024,0.29919034,0.3739854395389557
LSTM,2024,0.277974051,0.5081504583358765
LSTM,2024,0.299048655,0.2860945165157318
LSTM,2024,0.389264781,0.26944729685783386
LSTM,2024,0.375828892,0.24693039059638977
LSTM,2024,0.604053989,1.127461314201355
LSTM,2024,0.75571132,0.6107461452484131
LSTM,2024,1.045659057,0.7755486369132996
LSTM,2024,0.70495089,0.7133649587631226
LSTM,2024,0.624830785,0.6237526535987854
LSTM,2024,0.415016196,0.8285253643989563
LSTM,2024,0.596354351,0.7557632923126221
LSTM,2024,0.407427144,0.6959105730056763
LSTM,2024,0.340758135,0.6226897835731506
LSTM,2024,0.457843365,0.5095658898353577
LSTM,2024,0.388620458,0.45205605030059814
LSTM,2024,0.31553867,0.5206051468849182
LSTM,2024,0.503283342,0.4495597183704376
LSTM,2024,0.930316153,0.6685980558395386
LSTM,2024,0.29113376,0.5586465001106262
LSTM,2024,0.276240676,0.6013168096542358
LSTM,2024,0.316672219,0.4931457042694092
LSTM,2024,0.247185143,0.48131173849105835
LSTM,2024,0.402509548,0.46607857942581177
LSTM,2024,0.791064807,0.4172265827655792
LSTM,2024,0.230336621,0.6902225017547607
LSTM,2024,0.34197097,1.1867350339889526
LSTM,2024,0.17384028,1.3920814990997314
LSTM,2024,0.385487125,1.2729392051696777
LSTM,2024,0.339322584,1.2255921363830566
LSTM,2024,0.814541956,1.2547399997711182
LSTM,2024,2.275549369,1.4250823259353638
LSTM,2024,0.477029264,1.2287189960479736
LSTM,2024,0.684015334,1.1001944541931152
LSTM,2024,0.44274929,1.1650124788284302
LSTM,2024,0.49702025,1.1690089702606201
LSTM,2024,0.81133404,0.9390833377838135
LSTM,2024,0.795723293,0.5241003036499023
LSTM,2024,0.375039799,0.3621009588241577
LSTM,2024,0.303130125,0.5151312947273254
LSTM,2024,0.351845056,0.47517144680023193
LSTM,2024,0.280167075,0.39270588755607605
LSTM,2024,0.32299006,0.4281879961490631
LSTM,2024,0.315608686,0.46763548254966736
LSTM,2024,0.306985355,0.4112851917743683
LSTM,2024,1.135527138,0.6204715371131897
LSTM,2024,0.481975515,0.5510069727897644
LSTM,2024,0.396580609,0.4981497824192047
LSTM,2024,0.347666386,0.5415909886360168
LSTM,2024,0.28236014,0.5301645994186401
LSTM,2024,0.242341379,0.5080649852752686
LSTM,2024,0.334391685,0.5652061104774475
LSTM,2024,0.311758244,0.5177316665649414
LSTM,2024,0.234063687,0.5625441670417786
LSTM,2024,0.334790954,0.5561819076538086
LSTM,2024,0.315053096,0.49453282356262207
LSTM,2024,0.376482726,0.29825109243392944
LSTM,2024,0.315132344,0.2743930518627167
LSTM,2024,0.386991801,0.3509085178375244
LSTM,2024,0.196962172,0.3172266483306885
LSTM,2024,0.237806796,0.3897183835506439
LSTM,2024,0.171164321,0.28461942076683044
LSTM,2024,0.343662985,0.3241536319255829
LSTM,2024,0.306877356,0.2857300639152527
LSTM,2024,0.245090402,0.2656500041484833
LSTM,2024,0.188992576,0.20935311913490295
LSTM,2024,0.305653718,0.34726306796073914
LSTM,2024,0.238148878,0.31028658151626587
LSTM,2024,0.188338428,0.36903172731399536
LSTM,2024,0.237514258,0.34697598218917847
LSTM,2024,0.22106636,0.19434162974357605
LSTM,2024,0.118822316,0.26642531156539917
LSTM,2024,0.183371672,0.43535754084587097
LSTM,2024,0.261714953,0.3155316412448883
LSTM,2024,0.285046865,0.38597214221954346
LSTM,2024,0.01847852,0.43741896748542786
LSTM,2024,0.087551465,0.39212095737457275
LSTM,2024,0.785739025,0.4597933292388916
LSTM,2024,0.390055325,0.40795910358428955
LSTM,2024,0.250110315,0.31111934781074524
LSTM,2025,0.08224861,0.29809823632240295
LSTM,2025,0.048223179,0.34436511993408203
LSTM,2025,0.028953981,0.3232666552066803
LSTM,2025,0.058691635,0.3161526620388031
LSTM,2025,0.030942189,0.36452212929725647
LSTM,2025,0.054348178,0.22303101420402527
LSTM,2025,0.41144399,0.18891660869121552
LSTM,2025,0.291723651,0.2736298143863678
LSTM,2025,0.461749174,0.263217031955719
LSTM,2025,0.663533475,0.3487834632396698
LSTM,2025,0.343829637,0.3606770634651184
LSTM,2025,0.366702309,0.3009607791900635
LSTM,2025,0.32412587,0.2116958051919937
LSTM,2025,0.345962769,0.3443657159805298
LSTM,2025,0.354846587,0.39067772030830383
LSTM,2025,0.338975547,0.361978143453598
LSTM,2025,0.194469034,0.13899528980255127
LSTM,2025,0.139966177,0.10183362662792206
LSTM,2025,0.185047415,0.028421027585864067
LSTM,2025,0.24745964,0.06002724915742874
LSTM,2025,0.433443165,0.2618688941001892
LSTM,2025,0.397870386,0.20746779441833496
LSTM,2025,0.334408625,0.35235297679901123
LSTM,2025,0.303213732,0.35704338550567627
LSTM,2025,0.093616913,0.29249265789985657
LSTM,2025,0.433037166,0.3226262331008911
LSTM,2025,0.259016626,0.4039191007614136
LSTM,2025,0.200489747,0.42294925451278687
LSTM,2025,0.564672773,0.5958802103996277
LSTM,2025,0.5029736,0.40802350640296936
LSTM,2025,0.352487869,0.37726399302482605
LSTM,2025,0.348394524,0.47597795724868774
LSTM,2025,0.23067949,0.24004480242729187
LSTM,2025,0.279494445,0.24482738971710205
LSTM,2025,0.199272633,0.4671771228313446
LSTM,2025,0.217174898,0.5048662424087524
LSTM,2025,0.14180612,0.5171141624450684
LSTM,2025,0.2601675,0.4319169223308563
LSTM,2025,0.181156202,0.4232243597507477
LSTM,2025,0.105828445,0.3644295036792755
LSTM,2025,0.113169255,0.17622816562652588
LSTM,2025,0.027111199,0.060617845505476
LSTM,2025,0.45183291,0.16371312737464905
LSTM,2025,0.302369986,0.5588579177856445
LSTM,2025,0.33821476,0.2576899528503418
LSTM,2025,0.532793627,0.6167588233947754
LSTM,2025,0.139156341,0.07103276252746582
LSTM,2025,0.140553965,-0.048390861600637436
LSTM,2025,0.165352132,0.3097575306892395
LSTM,2025,0.115826361,0.06647562235593796
LSTM,2025,0.49248534,0.6810619831085205
LSTM,2025,0.708603418,0.9789286851882935
LSTM,2025,0.870740695,0.956907331943512
LSTM,2025,1.172908367,0.800223708152771
LSTM,2025,0.872049248,0.5476521849632263
LSTM,2025,0.361986618,0.5663765668869019
LSTM,2025,0.437885815,0.5121988654136658
LSTM,2025,0.578866624,0.5101545453071594
LSTM,2025,0.293622353,0.5625523328781128
LSTM,2025,0.320602978,0.5952823162078857
LSTM,2025,0.47849503,0.6808363795280457
LSTM,2025,1.95945332,0.6485272645950317
LSTM,2025,0.333949519,0.7970025539398193
LSTM,2025,0.51483884,0.6714938282966614
LSTM,2025,0.242908042,0.3560892641544342
LSTM,2025,0.340599578,0.9468602538108826
LSTM,2025,0.569412693,0.7402850389480591
LSTM,2025,0.8539885,0.4613038897514343
LSTM,2025,0.630920595,0.611767590045929
LSTM,2025,0.687311143,0.4611724019050598
LSTM,2025,0.622117985,0.44646960496902466
LSTM,2025,1.50578959,0.7871236205101013
LSTM,2025,0.691716644,0.8990675806999207
LSTM,2025,0.803773197,0.8947896361351013
LSTM,2025,0.804657665,0.6044722199440002
LSTM,2025,1.027503275,1.0351662635803223
LSTM,2025,1.765376019,1.1603156328201294
LSTM,2025,0.791510298,0.8132212162017822
LSTM,2025,1.018271244,0.7627577781677246
LSTM,2025,0.821133185,0.8199450969696045
LSTM,2025,0.81923559,0.9158613681793213
LSTM,2025,0.677729055,0.7864626049995422
LSTM,2025,0.648767513,0.824893057346344
LSTM,2025,0.713846975,0.7727968692779541
LSTM,2025,0.826679739,0.6995508074760437
LSTM,2025,0.912268215,0.5067867636680603
LSTM,2025,1.50899725,0.8327541947364807
LSTM,2025,1.151214358,1.2659077644348145
LSTM,2025,1.645119487,1.439754605293274
LSTM,2025,0.918879188,0.8560659885406494
LSTM,2025,1.45505258,1.4544507265090942
LSTM,2025,0.152921644,0.7907531261444092
LSTM,2025,1.003724905,0.7610926032066345
LSTM,2025,0.52312625,1.843851089477539
LSTM,2025,1.024302746,1.7589695453643799
LSTM,2025,0.817870424,1.6979931592941284
LSTM,2025,1.20890644,0.9812600016593933
LSTM,2025,1.516338995,1.6598279476165771
LSTM,2025,0.844015111,0.9965918660163879
LSTM,2025,1.023882895,0.7633234262466431
LSTM,2025,1.022733795,0.6813318133354187
LSTM,2025,2.24615095,0.8466077446937561
LSTM,2025,1.40705572,1.4626705646514893
LSTM,2025,0.87692385,0.6843683123588562
LSTM,2025,0.959393105,0.6811100840568542
LSTM,2025,0.781290829,0.7521705031394958
LSTM,2025,0.54368178,0.389816552400589
LSTM,2025,0.320191445,0.7382906675338745
LSTM,2025,0.839112996,0.9470661878585815
LSTM,2025,0.756697193,0.6293496489524841
LSTM,2025,0.748498375,0.6145645380020142
LSTM,2025,0.296513007,0.7335228323936462
LSTM,2025,0.388609675,0.6574956774711609
LSTM,2025,0.880665695,0.5481283664703369
LSTM,2025,1.69744658,0.81316077709198
LSTM,2025,1.21088347,1.0272207260131836
LSTM,2025,0.93954823,0.8829656839370728
LSTM,2025,0.645459633,0.9783341884613037
LSTM,2025,1.050662134,1.1684414148330688
LSTM,2025,1.768450278,1.25504732131958
LSTM,2025,1.036563389,0.924849808216095
LSTM,2025,0.718091525,0.5895134210586548
LSTM,2025,0.668380788,1.0193302631378174
LSTM,2025,0.47195189,0.6878960132598877
LSTM,2025,0.856912229,0.9743531942367554
LSTM,2025,1.617146246,1.2798006534576416
LSTM,2025,0.871765948,1.484276294708252
LSTM,2025,0.808727258,1.0955549478530884
LSTM,2025,0.809222785,0.6852688789367676
LSTM,2025,0.99225085,0.6029633283615112
LSTM,2025,0.772050945,0.539368748664856
LSTM,2025,0.885825196,0.6719235777854919
LSTM,2025,1.14680652,1.8735835552215576
LSTM,2025,2.428444839,1.2348905801773071
LSTM,2025,0.820501657,0.7568508386611938
LSTM,2025,0.747641034,0.780080258846283
LSTM,2025,0.77714841,1.0772358179092407
LSTM,2025,0.779269375,1.0194294452667236
LSTM,2025,0.626774299,0.6912913918495178
LSTM,2025,0.389058713,0.9533583521842957
LSTM,2025,0.524699619,1.6952327489852905
LSTM,2025,1.244058552,0.9128100275993347
LSTM,2025,1.350873465,1.1503710746765137
LSTM,2025,2.055918156,1.1999131441116333
LSTM,2025,1.706495615,1.7708154916763306
LSTM,2025,1.50126843,1.1495189666748047
LSTM,2025,1.459676835,1.9556376934051514
LSTM,2025,1.98991859,1.7161844968795776
LSTM,2025,1.289592716,1.3154124021530151
LSTM,2025,1.548870785,1.2411248683929443
LSTM,2025,1.38174534,2.094136953353882
LSTM,2025,2.259677124,1.4801872968673706
LSTM,2025,1.775214445,1.4748250246047974
LSTM,2025,1.692614995,1.6231762170791626
LSTM,2025,1.224558135,1.546202301979065
LSTM,2025,3.044168979,1.8104709386825562
LSTM,2025,1.291003769,1.5234813690185547
LSTM,2025,1.990303511,1.487196683883667
LSTM,2025,1.944002128,1.1980775594711304
LSTM,2025,2.0261328,0.5167644023895264
LSTM,2025,1.706274577,1.8628952503204346
LSTM,2025,3.30724575,2.1734776496887207
LSTM,2025,2.98906105,0.9017945528030396
LSTM,2025,2.698089712,1.326499581336975
LSTM,2025,1.938683445,1.2259472608566284
LSTM,2025,2.317540195,1.7853331565856934
LSTM,2025,2.705741765,2.5745902061462402
LSTM,2025,2.90036435,1.7751543521881104
LSTM,2025,3.60561555,1.7158070802688599
LSTM,2025,2.9538933,1.3994470834732056
LSTM,2025,2.491064115,1.7954866886138916
LSTM,2025,1.048741255,2.387143611907959
LSTM,2025,1.329055604,1.693821907043457
LSTM,2025,1.9691823,1.8831701278686523
LSTM,2025,2.91312736,2.7445006370544434
LSTM,2025,2.943710378,2.5483648777008057
LSTM,2025,2.8081742,1.525039553642273
LSTM,2025,1.705800807,1.6648398637771606
LSTM,2025,1.49008689,1.8866835832595825
LSTM,2025,2.52334187,2.2341697216033936
LSTM,2025,3.201167895,2.244537591934204
LSTM,2025,2.243513395,1.9810500144958496
LSTM,2025,2.055822247,2.322716236114502
LSTM,2025,2.4553595,2.3939075469970703
LSTM,2025,3.923582375,2.1398162841796875
LSTM,2025,3.94503226,2.883241891860962
LSTM,2025,4.314890245,3.034332275390625
LSTM,2025,4.4122035,2.6611509323120117
LSTM,2025,5.311933,2.160289764404297
LSTM,2025,2.79148785,3.399413824081421
LSTM,2025,4.35940534,3.0262091159820557
LSTM,2025,4.817382865,3.6598684787750244
LSTM,2025,2.103087975,2.572502851486206
LSTM,2025,2.66109861,2.9356911182403564
LSTM,2025,4.3767251,4.053369045257568
LSTM,2025,4.079312905,4.109795093536377
LSTM,2025,5.3224253,3.8537259101867676
LSTM,2025,4.964544085,3.987999200820923
LSTM,2025,5.29458435,3.467298746109009
LSTM,2025,2.677136386,2.612309694290161
LSTM,2025,4.1321928,4.159800052642822
LSTM,2025,4.478253745,4.3246235847473145
LSTM,2025,5.294924463,4.3528571128845215
LSTM,2025,5.222444544,3.9427177906036377
LSTM,2025,4.48999396,3.502711772918701
LSTM,2025,3.065168296,2.980360507965088
LSTM,2025,3.29459867,2.546877145767212
LSTM,2025,3.59844339,3.3604331016540527
LSTM,2025,3.37349979,3.2459969520568848
LSTM,2025,4.06409982,3.3801188468933105
LSTM,2025,5.388632556,4.338243007659912
LSTM,2025,5.075302765,3.774648666381836
LSTM,2025,4.07004953,4.057209014892578
LSTM,2025,4.35688851,3.815274953842163
LSTM,2025,4.497320643,3.6906192302703857
LSTM,2025,3.835319505,2.9558141231536865
LSTM,2025,3.174289345,2.9757490158081055
LSTM,2025,2.708149421,3.106881618499756
LSTM,2025,3.905583788,4.082257270812988
LSTM,2025,3.990555395,4.329661846160889
LSTM,2025,5.64021625,4.238490581512451
LSTM,2025,5.44659696,3.9529173374176025
LSTM,2025,4.664333465,3.744051218032837
LSTM,2025,4.042566445,3.4881069660186768
LSTM,2025,5.90965443,4.246086597442627
LSTM,2025,4.788890185,3.467672824859619
LSTM,2025,4.95217305,4.422238826751709
LSTM,2025,5.183355695,4.251619815826416
LSTM,2025,5.4970692,3.7332277297973633
LSTM,2025,2.81341297,2.653592109680176
LSTM,2025,2.09724414,2.3888604640960693
LSTM,2025,1.03598787,1.7839282751083374
LSTM,2025,1.31331041,1.7314952611923218
LSTM,2025,2.744267131,2.805692434310913
LSTM,2025,2.745083765,2.9228155612945557
LSTM,2025,2.86350672,2.980246067047119
LSTM,2025,3.934465115,3.6522655487060547
LSTM,2025,2.57719792,2.5092175006866455
LSTM,2025,4.184556039,3.647768020629883
LSTM,2025,0.0,3.6819324493408203
LSTM,2025,0.320812397,0.29954099655151367
LSTM,2025,0.110695141,0.35758891701698303
LSTM,2025,0.267303375,0.31794849038124084
LSTM,2025,0.026741,0.31202319264411926
LSTM,2025,0.291978537,0.3608740270137787
LSTM,2025,0.18960101,0.21805702149868011
LSTM,2025,0.06689323,0.17300525307655334
LSTM,2025,0.392571069,0.26830920577049255
LSTM,2025,0.367805277,0.2647325098514557
LSTM,2025,0.731517887,0.3490212857723236
LSTM,2025,0.436136604,0.3605048656463623
LSTM,2025,0.451920754,0.3028434216976166
LSTM,2025,0.520307965,0.21354971826076508
LSTM,2025,0.54926001,0.34396424889564514
LSTM,2025,0.507743205,0.3909372389316559
LSTM,2025,0.457675339,0.3616720139980316
LSTM,2025,0.148808238,0.12997937202453613
LSTM,2025,0.075448965,0.09092963486909866
LSTM,2025,0.131295801,0.028335638344287872
LSTM,2025,0.093216003,0.04625387862324715
LSTM,2025,0.590513775,0.2916322946548462
LSTM,2025,0.18525277,0.21543154120445251
LSTM,2025,0.337109054,0.34487953782081604
LSTM,2025,0.317447835,0.34901148080825806
LSTM,2025,0.47530729,0.2706506550312042
LSTM,2025,0.717497176,0.2673143446445465
LSTM,2025,0.520571075,0.41291338205337524
LSTM,2025,0.344247296,0.4252375066280365
LSTM,2025,0.521305344,0.5958166122436523
LSTM,2025,0.673135063,0.4196780025959015
LSTM,2025,0.379611086,0.3777953088283539
LSTM,2025,0.314654904,0.47666028141975403
LSTM,2025,0.225121929,0.23936355113983154
LSTM,2025,0.225812065,0.23978573083877563
LSTM,2025,0.35775442,0.443606436252594
LSTM,2025,0.399941615,0.5005196928977966
LSTM,2025,0.23085371,0.5106726288795471
LSTM,2025,0.33587806,0.43780702352523804
LSTM,2025,0.252976224,0.4675280451774597
LSTM,2025,0.272835726,0.34797877073287964
LSTM,2025,0.151649875,0.17420582473278046
LSTM,2025,0.162695021,0.06060187891125679
LSTM,2025,0.384086904,0.16742655634880066
LSTM,2025,0.533199954,0.5654180645942688
LSTM,2025,0.262624395,0.2647820711135864
LSTM,2025,0.488464419,0.6467168927192688
LSTM,2025,0.312487064,0.10510734468698502
LSTM,2025,0.13339059,-0.0089450404047966
LSTM,2025,0.160763006,0.3049623668193817
LSTM,2025,0.019018781,0.15303465723991394
LSTM,2025,0.613475018,0.7035710215568542
LSTM,2025,0.927826449,0.9061248302459717
LSTM,2025,1.065203587,0.8888763189315796
LSTM,2025,1.081506251,0.7222607135772705
LSTM,2025,0.820437822,0.5455317497253418
LSTM,2025,0.457281512,0.5984054803848267
LSTM,2025,0.559782562,0.5858226418495178
LSTM,2025,0.06719971,0.5793008208274841
LSTM,2025,0.57951465,0.7572914361953735
LSTM,2025,0.867953672,0.6732380986213684
LSTM,2025,0.726898445,0.4792010486125946
LSTM,2025,0.87577232,0.8301144242286682
LSTM,2025,1.052059415,1.2587463855743408
LSTM,2025,1.389903944,1.420841097831726
LSTM,2025,0.796422668,0.8652579188346863
LSTM,2025,1.422194961,1.4251326322555542
LSTM,2025,0.520115266,0.7907269597053528
LSTM,2025,0.933899848,0.7400833964347839
LSTM,2025,0.980213053,1.9523799419403076
LSTM,2025,1.015394129,1.9192243814468384
LSTM,2025,0.904045976,1.9046775102615356
LSTM,2025,1.167172255,1.186578392982483
LSTM,2025,1.420729155,1.864695429801941
LSTM,2025,0.864971665,1.2300007343292236
LSTM,2025,1.199584714,1.0868260860443115
LSTM,2025,1.142588175,0.9448139071464539
LSTM,2025,0.9131797,1.1298794746398926
LSTM,2025,1.334276757,1.5704582929611206
LSTM,2025,0.904227543,0.9507266283035278
LSTM,2025,0.938501045,1.010981559753418
LSTM,2025,0.648616415,1.0021542310714722
LSTM,2025,0.476859285,0.41071778535842896
LSTM,2025,0.600342458,0.7500426769256592
LSTM,2025,0.71424929,1.1178998947143555
LSTM,2025,0.78836491,0.7778649926185608
LSTM,2025,0.664305621,0.7911670207977295
LSTM,2025,0.2888001,0.7789139151573181
LSTM,2025,0.38489962,0.6801357269287109
LSTM,2025,0.682762795,0.5642216205596924
LSTM,2025,1.160810015,0.8625361323356628
LSTM,2025,1.35603972,1.1661802530288696
LSTM,2025,0.751782926,0.9795129299163818
LSTM,2025,0.677837584,1.114806056022644
LSTM,2025,0.742115061,1.2167268991470337
LSTM,2025,1.392965751,1.3774213790893555
LSTM,2025,0.784206339,1.099554419517517
LSTM,2025,0.586090599,0.824673593044281
LSTM,2025,0.468804827,1.1968324184417725
LSTM,2025,0.44618729,0.7914156913757324
LSTM,2025,0.779014665,0.9871405363082886
LSTM,2025,1.723548957,1.3353915214538574
LSTM,2025,1.142969993,1.6103733777999878
LSTM,2025,0.784774494,1.2494301795959473
LSTM,2025,0.932721615,0.8735127449035645
LSTM,2025,0.96800179,0.7869488000869751
LSTM,2025,0.637710303,0.709947407245636
LSTM,2025,0.706104649,0.7290367484092712
LSTM,2025,1.071435271,1.8652431964874268
LSTM,2025,1.848391218,1.1495826244354248
LSTM,2025,0.762112749,0.7887254357337952
LSTM,2025,0.627183499,0.8087543249130249
LSTM,2025,0.593357117,1.1512938737869263
LSTM,2025,0.714394146,1.097001075744629
LSTM,2025,0.593946596,0.7956503629684448
LSTM,2025,0.406024465,1.0784940719604492
LSTM,2025,0.51990924,1.7481863498687744
LSTM,2025,0.63686087,0.9177871942520142
LSTM,2025,1.00682722,1.157660961151123
LSTM,2025,1.48644481,1.2003774642944336
LSTM,2025,1.187520679,1.754124402999878
LSTM,2025,1.18796587,1.1399327516555786
LSTM,2025,0.702555898,1.917363166809082
LSTM,2025,1.54251927,1.6746407747268677
LSTM,2025,1.049049884,1.2704694271087646
LSTM,2025,1.544915255,1.211382269859314
LSTM,2025,1.08089005,2.1120376586914062
LSTM,2025,1.773628545,1.5015066862106323
LSTM,2025,1.429427685,1.5903725624084473
LSTM,2025,1.527963477,1.7129160165786743
LSTM,2025,1.171376335,1.639699935913086
LSTM,2025,3.25679314,2.1525321006774902
LSTM,2025,1.332994357,1.916925311088562
LSTM,2025,1.707227258,1.9547199010849
LSTM,2025,1.784677597,1.7275623083114624
LSTM,2025,2.1170461,1.2514129877090454
LSTM,2025,1.84272124,2.2747833728790283
LSTM,2025,2.49663905,2.35184907913208
LSTM,2025,1.9700781,1.0624418258666992
LSTM,2025,1.872439835,1.3346956968307495
LSTM,2025,1.27326784,1.114715337753296
LSTM,2025,2.025534581,1.7197121381759644
LSTM,2025,2.912338085,2.4528770446777344
LSTM,2025,2.83537793,1.6377885341644287
LSTM,2025,3.247653085,1.5885618925094604
LSTM,2025,2.459352955,1.2782447338104248
LSTM,2025,1.70993285,1.6481841802597046
LSTM,2025,0.835658305,2.236213207244873
LSTM,2025,0.920672915,1.623610019683838
LSTM,2025,1.97995345,1.7603857517242432
LSTM,2025,2.915735555,2.5532867908477783
LSTM,2025,2.70794507,2.3227813243865967
LSTM,2025,2.12669175,1.1388323307037354
LSTM,2025,1.45179606,1.1932098865509033
LSTM,2025,1.087796685,1.4297891855239868
LSTM,2025,1.935607522,1.626820683479309
LSTM,2025,1.768931715,1.4341822862625122
LSTM,2025,1.106132769,1.1641067266464233
LSTM,2025,1.676027199,1.7874785661697388
LSTM,2025,1.57018925,1.7480387687683105
LSTM,2025,3.01917654,1.5732684135437012
LSTM,2025,3.727316015,2.0312089920043945
LSTM,2025,3.22805132,2.44054913520813
LSTM,2025,2.54902195,1.4287012815475464
LSTM,2025,3.088608353,1.6161854267120361
LSTM,2025,3.04536455,2.8089160919189453
LSTM,2025,2.9011572,2.077913522720337
LSTM,2025,2.278046423,2.4299261569976807
LSTM,2025,2.952246615,1.746277928352356
LSTM,2025,2.295931315,2.2873737812042236
LSTM,2025,1.840461865,1.802487850189209
LSTM,2025,2.79913722,1.914826512336731
LSTM,2025,2.64349418,2.457484483718872
LSTM,2025,2.200843225,2.5161831378936768
LSTM,2025,2.45988674,1.952562689781189
LSTM,2025,2.515615845,2.635030508041382
LSTM,2025,2.766211925,2.1586034297943115
LSTM,2025,2.11414521,1.5520590543746948
LSTM,2025,2.502143175,2.8367159366607666
LSTM,2025,3.008795575,2.2345783710479736
LSTM,2025,2.458842585,1.9906281232833862
LSTM,2025,1.89444426,1.427714228630066
LSTM,2025,1.56655062,1.0482362508773804
LSTM,2025,1.93951816,1.7520833015441895
LSTM,2025,1.913853985,1.3734679222106934
LSTM,2025,2.54887401,1.9739940166473389
LSTM,2025,3.02235222,2.0976293087005615
LSTM,2025,2.360189535,2.2316524982452393
LSTM,2025,2.637825335,2.0199718475341797
LSTM,2025,3.2132113,2.008190870285034
LSTM,2025,1.928050634,2.105882406234741
LSTM,2025,1.678668465,2.0853118896484375
LSTM,2025,1.833228175,1.9934481382369995
LSTM,2025,1.404355265,1.5900708436965942
LSTM,2025,2.2838879,1.4794408082962036
LSTM,2025,2.774341717,1.5942274332046509
LSTM,2025,2.36573201,1.579295039176941
LSTM,2025,2.294323135,1.9811291694641113
LSTM,2025,2.526148024,2.0192952156066895
LSTM,2025,2.509740375,2.191361665725708
LSTM,2025,2.98068464,2.117438316345215
LSTM,2025,2.638131994,2.189497470855713
LSTM,2025,2.311098201,1.1047295331954956
LSTM,2025,1.17849211,1.3321727514266968
LSTM,2025,1.149754035,1.1281764507293701
LSTM,2025,0.808196245,1.271549940109253
LSTM,2025,1.211217831,1.3772072792053223
LSTM,2025,1.900168445,1.7687536478042603
LSTM,2025,1.329274672,1.7551671266555786
LSTM,2025,1.53397135,2.0029220581054688
LSTM,2025,2.816986365,2.482072591781616
LSTM,2025,2.356849671,1.8642061948776245
LSTM,2025,2.335323838,2.4000916481018066
LSTM,2025,0.00113735,2.282304525375366
